song_name,audio_path,genre_id,label,genre_name,mean_audio_score,max_audio_score,confidence_level,threshold_vote_count,threshold_vote_rate,top1_window_vote_count,top3_window_vote_count,top5_window_vote_count,required_window_votes,stable_prediction,relationship_to_main
Rock__ca200_cjazz__503._Andrij_Orel_-_Ringo_Quartz,E:\SCHOOL\Masters\Capstone_FMA_Project\data\external_audio_batch\Rock\Rock__ca200_cjazz__503._Andrij_Orel_-_Ringo_Quartz.mp3,38,genre_38,Experimental,0.5654394626617432,0.7014301419258118,Moderate,8,1.0,8,8,8,2,1,Primary genre
Rock__ca200_cjazz__503._Andrij_Orel_-_Ringo_Quartz,E:\SCHOOL\Masters\Capstone_FMA_Project\data\external_audio_batch\Rock\Rock__ca200_cjazz__503._Andrij_Orel_-_Ringo_Quartz.mp3,12,genre_12,Rock,0.26502832770347595,0.32054394483566284,Low,7,0.875,0,7,8,2,1,Secondary associated genre
Rock__ca200_cjazz__503._Andrij_Orel_-_Ringo_Quartz,E:\SCHOOL\Masters\Capstone_FMA_Project\data\external_audio_batch\Rock\Rock__ca200_cjazz__503._Andrij_Orel_-_Ringo_Quartz.mp3,17,genre_17,Folk,0.20040616393089294,0.29166075587272644,Low,4,0.5,0,3,6,2,1,Secondary associated genre
Rock__ca200_cjazz__503._Andrij_Orel_-_Ringo_Quartz,E:\SCHOOL\Masters\Capstone_FMA_Project\data\external_audio_batch\Rock\Rock__ca200_cjazz__503._Andrij_Orel_-_Ringo_Quartz.mp3,250,genre_250,Improv,0.1991952508687973,0.26249194145202637,Low,4,0.5,0,4,8,2,0,Subgenre/child under primary genre
Rock__ca200_cjazz__503._Andrij_Orel_-_Ringo_Quartz,E:\SCHOOL\Masters\Capstone_FMA_Project\data\external_audio_batch\Rock\Rock__ca200_cjazz__503._Andrij_Orel_-_Ringo_Quartz.mp3,1235,genre_1235,Instrumental,0.1650790125131607,0.28282490372657776,Low,2,0.25,0,1,6,2,0,Secondary associated genre
Rock__ca200_cjazz__503._Andrij_Orel_-_Ringo_Quartz,E:\SCHOOL\Masters\Capstone_FMA_Project\data\external_audio_batch\Rock\Rock__ca200_cjazz__503._Andrij_Orel_-_Ringo_Quartz.mp3,1,genre_1,Avant-Garde,0.13204780220985413,0.20662347972393036,Low,1,0.125,0,1,2,2,0,Subgenre/child under primary genre
Rock__ca200_cjazz__503._Andrij_Orel_-_Ringo_Quartz,E:\SCHOOL\Masters\Capstone_FMA_Project\data\external_audio_batch\Rock\Rock__ca200_cjazz__503._Andrij_Orel_-_Ringo_Quartz.mp3,15,genre_15,Electronic,0.11152230203151703,0.18236519396305084,Low,0,0.0,0,0,2,2,0,Secondary associated genre
Rock__ca200_cjazz__503._Andrij_Orel_-_Ringo_Quartz,E:\SCHOOL\Masters\Capstone_FMA_Project\data\external_audio_batch\Rock\Rock__ca200_cjazz__503._Andrij_Orel_-_Ringo_Quartz.mp3,4,genre_4,Jazz,0.10104940831661224,0.1266007423400879,Low,0,0.0,0,0,0,2,0,Secondary associated genre
Rock__ca200_cjazz__503._Andrij_Orel_-_Ringo_Quartz,E:\SCHOOL\Masters\Capstone_FMA_Project\data\external_audio_batch\Rock\Rock__ca200_cjazz__503._Andrij_Orel_-_Ringo_Quartz.mp3,5,genre_5,Classical,0.08254539966583252,0.1705903559923172,Low,0,0.0,0,0,0,2,0,Secondary associated genre
Rock__ca200_cjazz__503._Andrij_Orel_-_Ringo_Quartz,E:\SCHOOL\Masters\Capstone_FMA_Project\data\external_audio_batch\Rock\Rock__ca200_cjazz__503._Andrij_Orel_-_Ringo_Quartz.mp3,27,genre_27,Lo-Fi,0.07975233346223831,0.11183157563209534,Low,0,0.0,0,0,0,2,0,Secondary associated genre
Rock__ca200_cjazz__503._Andrij_Orel_-_Ringo_Quartz,E:\SCHOOL\Masters\Capstone_FMA_Project\data\external_audio_batch\Rock\Rock__ca200_cjazz__503._Andrij_Orel_-_Ringo_Quartz.mp3,18,genre_18,Soundtrack,0.07600073516368866,0.14500649273395538,Low,0,0.0,0,0,0,2,0,Secondary associated genre
Rock__ca200_cjazz__503._Andrij_Orel_-_Ringo_Quartz,E:\SCHOOL\Masters\Capstone_FMA_Project\data\external_audio_batch\Rock\Rock__ca200_cjazz__503._Andrij_Orel_-_Ringo_Quartz.mp3,10,genre_10,Pop,0.07322313636541367,0.10075736045837402,Low,0,0.0,0,0,0,2,0,Secondary associated genre
Rock__ca200_cjazz__503._Andrij_Orel_-_Ringo_Quartz,E:\SCHOOL\Masters\Capstone_FMA_Project\data\external_audio_batch\Rock\Rock__ca200_cjazz__503._Andrij_Orel_-_Ringo_Quartz.mp3,2,genre_2,International,0.0702688917517662,0.07625757157802582,Low,0,0.0,0,0,0,2,0,Secondary associated genre
Rock__ca200_cjazz__503._Andrij_Orel_-_Ringo_Quartz,E:\SCHOOL\Masters\Capstone_FMA_Project\data\external_audio_batch\Rock\Rock__ca200_cjazz__503._Andrij_Orel_-_Ringo_Quartz.mp3,25,genre_25,Punk,0.06804820150136948,0.0945797935128212,Low,0,0.0,0,0,0,2,0,Secondary associated genre
Rock__ca200_cjazz__503._Andrij_Orel_-_Ringo_Quartz,E:\SCHOOL\Masters\Capstone_FMA_Project\data\external_audio_batch\Rock\Rock__ca200_cjazz__503._Andrij_Orel_-_Ringo_Quartz.mp3,32,genre_32,Noise,0.06581640988588333,0.09087952971458435,Low,0,0.0,0,0,0,2,0,Subgenre/child under primary genre
Rock__afm004_allmyfaults_neonoir__The_course_of_true_love_never_did_run_smooth__my_dearest,E:\SCHOOL\Masters\Capstone_FMA_Project\data\external_audio_batch\Rock\Rock__afm004_allmyfaults_neonoir__The_course_of_true_love_never_did_run_smooth__my_dearest.mp3,38,genre_38,Experimental,0.5785386562347412,0.7029165029525757,Moderate,8,1.0,7,8,8,2,1,Primary genre
Rock__afm004_allmyfaults_neonoir__The_course_of_true_love_never_did_run_smooth__my_dearest,E:\SCHOOL\Masters\Capstone_FMA_Project\data\external_audio_batch\Rock\Rock__afm004_allmyfaults_neonoir__The_course_of_true_love_never_did_run_smooth__my_dearest.mp3,12,genre_12,Rock,0.3255673944950104,0.4814055562019348,Low-to-moderate,6,0.75,1,6,8,2,1,Secondary associated genre
Rock__afm004_allmyfaults_neonoir__The_course_of_true_love_never_did_run_smooth__my_dearest,E:\SCHOOL\Masters\Capstone_FMA_Project\data\external_audio_batch\Rock\Rock__afm004_allmyfaults_neonoir__The_course_of_true_love_never_did_run_smooth__my_dearest.mp3,15,genre_15,Electronic,0.2965630292892456,0.3919086754322052,Low,7,0.875,0,7,7,2,1,Secondary associated genre
Rock__afm004_allmyfaults_neonoir__The_course_of_true_love_never_did_run_smooth__my_dearest,E:\SCHOOL\Masters\Capstone_FMA_Project\data\external_audio_batch\Rock\Rock__afm004_allmyfaults_neonoir__The_course_of_true_love_never_did_run_smooth__my_dearest.mp3,1,genre_1,Avant-Garde,0.13338704407215118,0.2300097942352295,Low,1,0.125,0,1,5,2,0,Subgenre/child under primary genre
Rock__afm004_allmyfaults_neonoir__The_course_of_true_love_never_did_run_smooth__my_dearest,E:\SCHOOL\Masters\Capstone_FMA_Project\data\external_audio_batch\Rock\Rock__afm004_allmyfaults_neonoir__The_course_of_true_love_never_did_run_smooth__my_dearest.mp3,10,genre_10,Pop,0.12336846441030502,0.1945931613445282,Low,0,0.0,0,0,5,2,0,Secondary associated genre
Rock__afm004_allmyfaults_neonoir__The_course_of_true_love_never_did_run_smooth__my_dearest,E:\SCHOOL\Masters\Capstone_FMA_Project\data\external_audio_batch\Rock\Rock__afm004_allmyfaults_neonoir__The_course_of_true_love_never_did_run_smooth__my_dearest.mp3,1235,genre_1235,Instrumental,0.10542094707489014,0.2947981655597687,Low,1,0.125,0,1,1,2,0,Secondary associated genre
Rock__afm004_allmyfaults_neonoir__The_course_of_true_love_never_did_run_smooth__my_dearest,E:\SCHOOL\Masters\Capstone_FMA_Project\data\external_audio_batch\Rock\Rock__afm004_allmyfaults_neonoir__The_course_of_true_love_never_did_run_smooth__my_dearest.mp3,32,genre_32,Noise,0.10252228379249573,0.12501850724220276,Low,0,0.0,0,0,1,2,0,Subgenre/child under primary genre
Rock__afm004_allmyfaults_neonoir__The_course_of_true_love_never_did_run_smooth__my_dearest,E:\SCHOOL\Masters\Capstone_FMA_Project\data\external_audio_batch\Rock\Rock__afm004_allmyfaults_neonoir__The_course_of_true_love_never_did_run_smooth__my_dearest.mp3,25,genre_25,Punk,0.09834258258342743,0.17642365396022797,Low,0,0.0,0,0,2,2,0,Secondary associated genre
Rock__afm004_allmyfaults_neonoir__The_course_of_true_love_never_did_run_smooth__my_dearest,E:\SCHOOL\Masters\Capstone_FMA_Project\data\external_audio_batch\Rock\Rock__afm004_allmyfaults_neonoir__The_course_of_true_love_never_did_run_smooth__my_dearest.mp3,250,genre_250,Improv,0.09657193720340729,0.17977361381053925,Low,0,0.0,0,0,1,2,0,Subgenre/child under primary genre
Rock__afm004_allmyfaults_neonoir__The_course_of_true_love_never_did_run_smooth__my_dearest,E:\SCHOOL\Masters\Capstone_FMA_Project\data\external_audio_batch\Rock\Rock__afm004_allmyfaults_neonoir__The_course_of_true_love_never_did_run_smooth__my_dearest.mp3,41,genre_41,Electroacoustic,0.0835946798324585,0.10746552795171738,Low,0,0.0,0,0,0,2,0,Subgenre/child under primary genre
Rock__afm004_allmyfaults_neonoir__The_course_of_true_love_never_did_run_smooth__my_dearest,E:\SCHOOL\Masters\Capstone_FMA_Project\data\external_audio_batch\Rock\Rock__afm004_allmyfaults_neonoir__The_course_of_true_love_never_did_run_smooth__my_dearest.mp3,76,genre_76,Experimental Pop,0.0803479328751564,0.106648288667202,Low,0,0.0,0,0,0,2,0,Secondary associated genre
Rock__afm004_allmyfaults_neonoir__The_course_of_true_love_never_did_run_smooth__my_dearest,E:\SCHOOL\Masters\Capstone_FMA_Project\data\external_audio_batch\Rock\Rock__afm004_allmyfaults_neonoir__The_course_of_true_love_never_did_run_smooth__my_dearest.mp3,17,genre_17,Folk,0.07673689723014832,0.12003248184919357,Low,0,0.0,0,0,0,2,0,Secondary associated genre
Rock__afm004_allmyfaults_neonoir__The_course_of_true_love_never_did_run_smooth__my_dearest,E:\SCHOOL\Masters\Capstone_FMA_Project\data\external_audio_batch\Rock\Rock__afm004_allmyfaults_neonoir__The_course_of_true_love_never_did_run_smooth__my_dearest.mp3,2,genre_2,International,0.07263359427452087,0.09069208055734634,Low,0,0.0,0,0,0,2,0,Secondary associated genre
Rock__afm004_allmyfaults_neonoir__The_course_of_true_love_never_did_run_smooth__my_dearest,E:\SCHOOL\Masters\Capstone_FMA_Project\data\external_audio_batch\Rock\Rock__afm004_allmyfaults_neonoir__The_course_of_true_love_never_did_run_smooth__my_dearest.mp3,21,genre_21,Hip-Hop,0.06825745105743408,0.09855131804943085,Low,0,0.0,0,0,0,2,0,Secondary associated genre
Rock__afm004_allmyfaults_neonoir__The_course_of_true_love_never_did_run_smooth__my_dearest,E:\SCHOOL\Masters\Capstone_FMA_Project\data\external_audio_batch\Rock\Rock__afm004_allmyfaults_neonoir__The_course_of_true_love_never_did_run_smooth__my_dearest.mp3,27,genre_27,Lo-Fi,0.06803831458091736,0.08544702082872391,Low,0,0.0,0,0,0,2,0,Secondary associated genre
Rock__Lethargie.LP__Intro___Im_Herbst,E:\SCHOOL\Masters\Capstone_FMA_Project\data\external_audio_batch\Rock\Rock__Lethargie.LP__Intro___Im_Herbst.mp3,38,genre_38,Experimental,0.6129275560379028,0.6604630947113037,Moderate,8,1.0,8,8,8,2,1,Primary genre
Rock__Lethargie.LP__Intro___Im_Herbst,E:\SCHOOL\Masters\Capstone_FMA_Project\data\external_audio_batch\Rock\Rock__Lethargie.LP__Intro___Im_Herbst.mp3,15,genre_15,Electronic,0.39967837929725647,0.47224748134613037,Low-to-moderate,8,1.0,0,8,8,2,1,Secondary associated genre
Rock__Lethargie.LP__Intro___Im_Herbst,E:\SCHOOL\Masters\Capstone_FMA_Project\data\external_audio_batch\Rock\Rock__Lethargie.LP__Intro___Im_Herbst.mp3,12,genre_12,Rock,0.270417183637619,0.35419961810112,Low,8,1.0,0,8,8,2,1,Secondary associated genre
Rock__Lethargie.LP__Intro___Im_Herbst,E:\SCHOOL\Masters\Capstone_FMA_Project\data\external_audio_batch\Rock\Rock__Lethargie.LP__Intro___Im_Herbst.mp3,1,genre_1,Avant-Garde,0.11146961152553558,0.13265034556388855,Low,0,0.0,0,0,5,2,0,Subgenre/child under primary genre
Rock__Lethargie.LP__Intro___Im_Herbst,E:\SCHOOL\Masters\Capstone_FMA_Project\data\external_audio_batch\Rock\Rock__Lethargie.LP__Intro___Im_Herbst.mp3,32,genre_32,Noise,0.1099289059638977,0.13154318928718567,Low,0,0.0,0,0,5,2,0,Subgenre/child under primary genre
Rock__Lethargie.LP__Intro___Im_Herbst,E:\SCHOOL\Masters\Capstone_FMA_Project\data\external_audio_batch\Rock\Rock__Lethargie.LP__Intro___Im_Herbst.mp3,1235,genre_1235,Instrumental,0.10724486410617828,0.15392440557479858,Low,0,0.0,0,0,3,2,0,Secondary associated genre
Rock__Lethargie.LP__Intro___Im_Herbst,E:\SCHOOL\Masters\Capstone_FMA_Project\data\external_audio_batch\Rock\Rock__Lethargie.LP__Intro___Im_Herbst.mp3,10,genre_10,Pop,0.1028023362159729,0.15852296352386475,Low,0,0.0,0,0,2,2,0,Secondary associated genre
Rock__Lethargie.LP__Intro___Im_Herbst,E:\SCHOOL\Masters\Capstone_FMA_Project\data\external_audio_batch\Rock\Rock__Lethargie.LP__Intro___Im_Herbst.mp3,41,genre_41,Electroacoustic,0.10208112746477127,0.11778248101472855,Low,0,0.0,0,0,1,2,0,Subgenre/child under primary genre
Rock__Lethargie.LP__Intro___Im_Herbst,E:\SCHOOL\Masters\Capstone_FMA_Project\data\external_audio_batch\Rock\Rock__Lethargie.LP__Intro___Im_Herbst.mp3,250,genre_250,Improv,0.07125260680913925,0.1267503947019577,Low,0,0.0,0,0,0,2,0,Subgenre/child under primary genre
Rock__Lethargie.LP__Intro___Im_Herbst,E:\SCHOOL\Masters\Capstone_FMA_Project\data\external_audio_batch\Rock\Rock__Lethargie.LP__Intro___Im_Herbst.mp3,76,genre_76,Experimental Pop,0.06488068401813507,0.08497050404548645,Low,0,0.0,0,0,0,2,0,Secondary associated genre
Rock__Lethargie.LP__Intro___Im_Herbst,E:\SCHOOL\Masters\Capstone_FMA_Project\data\external_audio_batch\Rock\Rock__Lethargie.LP__Intro___Im_Herbst.mp3,21,genre_21,Hip-Hop,0.06063272804021835,0.09846363961696625,Low,0,0.0,0,0,0,2,0,Secondary associated genre
Rock__Lethargie.LP__Intro___Im_Herbst,E:\SCHOOL\Masters\Capstone_FMA_Project\data\external_audio_batch\Rock\Rock__Lethargie.LP__Intro___Im_Herbst.mp3,17,genre_17,Folk,0.06044932082295418,0.1128387302160263,Low,0,0.0,0,0,0,2,0,Secondary associated genre
Rock__Lethargie.LP__Intro___Im_Herbst,E:\SCHOOL\Masters\Capstone_FMA_Project\data\external_audio_batch\Rock\Rock__Lethargie.LP__Intro___Im_Herbst.mp3,25,genre_25,Punk,0.05489404872059822,0.11730019003152847,Low,0,0.0,0,0,0,2,0,Secondary associated genre
Rock__Lethargie.LP__Intro___Im_Herbst,E:\SCHOOL\Masters\Capstone_FMA_Project\data\external_audio_batch\Rock\Rock__Lethargie.LP__Intro___Im_Herbst.mp3,2,genre_2,International,0.048180416226387024,0.05430776625871658,Low,0,0.0,0,0,0,2,0,Secondary associated genre
Rock__Lethargie.LP__Intro___Im_Herbst,E:\SCHOOL\Masters\Capstone_FMA_Project\data\external_audio_batch\Rock\Rock__Lethargie.LP__Intro___Im_Herbst.mp3,27,genre_27,Lo-Fi,0.04784407094120979,0.09101036936044693,Low,0,0.0,0,0,0,2,0,Secondary associated genre
Rock__Bostaurus.Demo__The_Sky_Full_of_Shadows,E:\SCHOOL\Masters\Capstone_FMA_Project\data\external_audio_batch\Rock\Rock__Bostaurus.Demo__The_Sky_Full_of_Shadows.mp3,38,genre_38,Experimental,0.5587550401687622,0.6620067954063416,Moderate,8,1.0,7,8,8,2,1,Primary genre
Rock__Bostaurus.Demo__The_Sky_Full_of_Shadows,E:\SCHOOL\Masters\Capstone_FMA_Project\data\external_audio_batch\Rock\Rock__Bostaurus.Demo__The_Sky_Full_of_Shadows.mp3,12,genre_12,Rock,0.41418254375457764,0.5696544647216797,Low-to-moderate,8,1.0,1,8,8,2,1,Secondary associated genre
Rock__Bostaurus.Demo__The_Sky_Full_of_Shadows,E:\SCHOOL\Masters\Capstone_FMA_Project\data\external_audio_batch\Rock\Rock__Bostaurus.Demo__The_Sky_Full_of_Shadows.mp3,15,genre_15,Electronic,0.27906274795532227,0.3475445508956909,Low,8,1.0,0,7,8,2,1,Secondary associated genre
Rock__Bostaurus.Demo__The_Sky_Full_of_Shadows,E:\SCHOOL\Masters\Capstone_FMA_Project\data\external_audio_batch\Rock\Rock__Bostaurus.Demo__The_Sky_Full_of_Shadows.mp3,25,genre_25,Punk,0.1654508262872696,0.2506265640258789,Low,1,0.125,0,1,7,2,0,Secondary associated genre
Rock__Bostaurus.Demo__The_Sky_Full_of_Shadows,E:\SCHOOL\Masters\Capstone_FMA_Project\data\external_audio_batch\Rock\Rock__Bostaurus.Demo__The_Sky_Full_of_Shadows.mp3,1,genre_1,Avant-Garde,0.11319877952337265,0.15998351573944092,Low,0,0.0,0,0,4,2,0,Subgenre/child under primary genre
Rock__Bostaurus.Demo__The_Sky_Full_of_Shadows,E:\SCHOOL\Masters\Capstone_FMA_Project\data\external_audio_batch\Rock\Rock__Bostaurus.Demo__The_Sky_Full_of_Shadows.mp3,32,genre_32,Noise,0.10728719830513,0.13971540331840515,Low,0,0.0,0,0,4,2,0,Subgenre/child under primary genre
Rock__Bostaurus.Demo__The_Sky_Full_of_Shadows,E:\SCHOOL\Masters\Capstone_FMA_Project\data\external_audio_batch\Rock\Rock__Bostaurus.Demo__The_Sky_Full_of_Shadows.mp3,10,genre_10,Pop,0.10331547260284424,0.14662349224090576,Low,0,0.0,0,0,1,2,0,Secondary associated genre
Rock__Bostaurus.Demo__The_Sky_Full_of_Shadows,E:\SCHOOL\Masters\Capstone_FMA_Project\data\external_audio_batch\Rock\Rock__Bostaurus.Demo__The_Sky_Full_of_Shadows.mp3,41,genre_41,Electroacoustic,0.08221942186355591,0.1196696013212204,Low,0,0.0,0,0,0,2,0,Subgenre/child under primary genre
Rock__Bostaurus.Demo__The_Sky_Full_of_Shadows,E:\SCHOOL\Masters\Capstone_FMA_Project\data\external_audio_batch\Rock\Rock__Bostaurus.Demo__The_Sky_Full_of_Shadows.mp3,250,genre_250,Improv,0.07592084258794785,0.1131935566663742,Low,0,0.0,0,0,0,2,0,Subgenre/child under primary genre
Rock__Bostaurus.Demo__The_Sky_Full_of_Shadows,E:\SCHOOL\Masters\Capstone_FMA_Project\data\external_audio_batch\Rock\Rock__Bostaurus.Demo__The_Sky_Full_of_Shadows.mp3,21,genre_21,Hip-Hop,0.06483447551727295,0.08633988350629807,Low,0,0.0,0,0,0,2,0,Secondary associated genre
Rock__Bostaurus.Demo__The_Sky_Full_of_Shadows,E:\SCHOOL\Masters\Capstone_FMA_Project\data\external_audio_batch\Rock\Rock__Bostaurus.Demo__The_Sky_Full_of_Shadows.mp3,76,genre_76,Experimental Pop,0.06437047570943832,0.07299844175577164,Low,0,0.0,0,0,0,2,0,Secondary associated genre
Rock__Bostaurus.Demo__The_Sky_Full_of_Shadows,E:\SCHOOL\Masters\Capstone_FMA_Project\data\external_audio_batch\Rock\Rock__Bostaurus.Demo__The_Sky_Full_of_Shadows.mp3,2,genre_2,International,0.05903344228863716,0.06853421777486801,Low,0,0.0,0,0,0,2,0,Secondary associated genre
Rock__Bostaurus.Demo__The_Sky_Full_of_Shadows,E:\SCHOOL\Masters\Capstone_FMA_Project\data\external_audio_batch\Rock\Rock__Bostaurus.Demo__The_Sky_Full_of_Shadows.mp3,1235,genre_1235,Instrumental,0.053865764290094376,0.07240805774927139,Low,0,0.0,0,0,0,2,0,Secondary associated genre
Rock__Bostaurus.Demo__The_Sky_Full_of_Shadows,E:\SCHOOL\Masters\Capstone_FMA_Project\data\external_audio_batch\Rock\Rock__Bostaurus.Demo__The_Sky_Full_of_Shadows.mp3,45,genre_45,Loud-Rock,0.04402150958776474,0.060005590319633484,Low,0,0.0,0,0,0,2,0,Secondary associated genre
Rock__Bostaurus.Demo__The_Sky_Full_of_Shadows,E:\SCHOOL\Masters\Capstone_FMA_Project\data\external_audio_batch\Rock\Rock__Bostaurus.Demo__The_Sky_Full_of_Shadows.mp3,27,genre_27,Lo-Fi,0.04397973790764809,0.05285638943314552,Low,0,0.0,0,0,0,2,0,Secondary associated genre
Rock__BS450014__Last_Addiction,E:\SCHOOL\Masters\Capstone_FMA_Project\data\external_audio_batch\Rock\Rock__BS450014__Last_Addiction.mp3,12,genre_12,Rock,0.481871634721756,0.5561662316322327,Low-to-moderate,8,1.0,5,8,8,2,1,Primary genre
Rock__BS450014__Last_Addiction,E:\SCHOOL\Masters\Capstone_FMA_Project\data\external_audio_batch\Rock\Rock__BS450014__Last_Addiction.mp3,17,genre_17,Folk,0.39252448081970215,0.4769761264324188,Low-to-moderate,8,1.0,2,8,8,2,1,Secondary associated genre
Rock__BS450014__Last_Addiction,E:\SCHOOL\Masters\Capstone_FMA_Project\data\external_audio_batch\Rock\Rock__BS450014__Last_Addiction.mp3,38,genre_38,Experimental,0.35992440581321716,0.44540858268737793,Low-to-moderate,8,1.0,1,8,8,2,1,Secondary associated genre
Rock__BS450014__Last_Addiction,E:\SCHOOL\Masters\Capstone_FMA_Project\data\external_audio_batch\Rock\Rock__BS450014__Last_Addiction.mp3,10,genre_10,Pop,0.22132204473018646,0.25200048089027405,Low,7,0.875,0,0,7,2,1,Secondary associated genre
Rock__BS450014__Last_Addiction,E:\SCHOOL\Masters\Capstone_FMA_Project\data\external_audio_batch\Rock\Rock__BS450014__Last_Addiction.mp3,103,genre_103,Singer-Songwriter,0.17741109430789948,0.2521037757396698,Low,2,0.25,0,0,4,2,0,Secondary associated genre
Rock__BS450014__Last_Addiction,E:\SCHOOL\Masters\Capstone_FMA_Project\data\external_audio_batch\Rock\Rock__BS450014__Last_Addiction.mp3,27,genre_27,Lo-Fi,0.17561668157577515,0.2081303745508194,Low,2,0.25,0,0,3,2,0,Subgenre/child under primary genre
Rock__BS450014__Last_Addiction,E:\SCHOOL\Masters\Capstone_FMA_Project\data\external_audio_batch\Rock\Rock__BS450014__Last_Addiction.mp3,15,genre_15,Electronic,0.10255386680364609,0.16758424043655396,Low,0,0.0,0,0,0,2,0,Secondary associated genre
Rock__BS450014__Last_Addiction,E:\SCHOOL\Masters\Capstone_FMA_Project\data\external_audio_batch\Rock\Rock__BS450014__Last_Addiction.mp3,66,genre_66,Indie-Rock,0.10066886991262436,0.11423924565315247,Low,0,0.0,0,0,0,2,0,Subgenre/child under primary genre
Rock__BS450014__Last_Addiction,E:\SCHOOL\Masters\Capstone_FMA_Project\data\external_audio_batch\Rock\Rock__BS450014__Last_Addiction.mp3,76,genre_76,Experimental Pop,0.09738754481077194,0.11789005249738693,Low,0,0.0,0,0,0,2,0,Secondary associated genre
Rock__BS450014__Last_Addiction,E:\SCHOOL\Masters\Capstone_FMA_Project\data\external_audio_batch\Rock\Rock__BS450014__Last_Addiction.mp3,25,genre_25,Punk,0.09476345032453537,0.1197580024600029,Low,0,0.0,0,0,0,2,0,Subgenre/child under primary genre
Rock__BS450014__Last_Addiction,E:\SCHOOL\Masters\Capstone_FMA_Project\data\external_audio_batch\Rock\Rock__BS450014__Last_Addiction.mp3,1235,genre_1235,Instrumental,0.09421950578689575,0.1535366028547287,Low,0,0.0,0,0,1,2,0,Secondary associated genre
Rock__BS450014__Last_Addiction,E:\SCHOOL\Masters\Capstone_FMA_Project\data\external_audio_batch\Rock\Rock__BS450014__Last_Addiction.mp3,1,genre_1,Avant-Garde,0.08469285815954208,0.1019868552684784,Low,0,0.0,0,0,0,2,0,Secondary associated genre
Rock__BS450014__Last_Addiction,E:\SCHOOL\Masters\Capstone_FMA_Project\data\external_audio_batch\Rock\Rock__BS450014__Last_Addiction.mp3,250,genre_250,Improv,0.07840441167354584,0.13875100016593933,Low,0,0.0,0,0,1,2,0,Secondary associated genre
Rock__BS450014__Last_Addiction,E:\SCHOOL\Masters\Capstone_FMA_Project\data\external_audio_batch\Rock\Rock__BS450014__Last_Addiction.mp3,33,genre_33,Psych-Folk,0.07506699115037918,0.09110189974308014,Low,0,0.0,0,0,0,2,0,Secondary associated genre
Rock__BS450014__Last_Addiction,E:\SCHOOL\Masters\Capstone_FMA_Project\data\external_audio_batch\Rock\Rock__BS450014__Last_Addiction.mp3,2,genre_2,International,0.06414593756198883,0.08557484298944473,Low,0,0.0,0,0,0,2,0,Secondary associated genre
Rock__csr020__Set_The_Controls_For_the_Heart_of_the_Sun,E:\SCHOOL\Masters\Capstone_FMA_Project\data\external_audio_batch\Rock\Rock__csr020__Set_The_Controls_For_the_Heart_of_the_Sun.mp3,38,genre_38,Experimental,0.48792389035224915,0.6830775737762451,Low-to-moderate,8,1.0,3,8,8,2,1,Primary genre
Rock__csr020__Set_The_Controls_For_the_Heart_of_the_Sun,E:\SCHOOL\Masters\Capstone_FMA_Project\data\external_audio_batch\Rock\Rock__csr020__Set_The_Controls_For_the_Heart_of_the_Sun.mp3,12,genre_12,Rock,0.46164169907569885,0.6326738595962524,Low-to-moderate,8,1.0,5,8,8,2,1,Secondary associated genre
Rock__csr020__Set_The_Controls_For_the_Heart_of_the_Sun,E:\SCHOOL\Masters\Capstone_FMA_Project\data\external_audio_batch\Rock\Rock__csr020__Set_The_Controls_For_the_Heart_of_the_Sun.mp3,17,genre_17,Folk,0.18081894516944885,0.2146971970796585,Low,3,0.375,0,4,6,2,0,Secondary associated genre
Rock__csr020__Set_The_Controls_For_the_Heart_of_the_Sun,E:\SCHOOL\Masters\Capstone_FMA_Project\data\external_audio_batch\Rock\Rock__csr020__Set_The_Controls_For_the_Heart_of_the_Sun.mp3,15,genre_15,Electronic,0.15203654766082764,0.2050245702266693,Low,1,0.125,0,1,5,2,0,Secondary associated genre
Rock__csr020__Set_The_Controls_For_the_Heart_of_the_Sun,E:\SCHOOL\Masters\Capstone_FMA_Project\data\external_audio_batch\Rock\Rock__csr020__Set_The_Controls_For_the_Heart_of_the_Sun.mp3,10,genre_10,Pop,0.13975392282009125,0.21835096180438995,Low,2,0.25,0,2,6,2,0,Secondary associated genre
Rock__csr020__Set_The_Controls_For_the_Heart_of_the_Sun,E:\SCHOOL\Masters\Capstone_FMA_Project\data\external_audio_batch\Rock\Rock__csr020__Set_The_Controls_For_the_Heart_of_the_Sun.mp3,1235,genre_1235,Instrumental,0.1258578896522522,0.14861014485359192,Low,0,0.0,0,0,2,2,0,Secondary associated genre
Rock__csr020__Set_The_Controls_For_the_Heart_of_the_Sun,E:\SCHOOL\Masters\Capstone_FMA_Project\data\external_audio_batch\Rock\Rock__csr020__Set_The_Controls_For_the_Heart_of_the_Sun.mp3,25,genre_25,Punk,0.10938214510679245,0.1533278077840805,Low,0,0.0,0,0,2,2,0,Secondary associated genre
Rock__csr020__Set_The_Controls_For_the_Heart_of_the_Sun,E:\SCHOOL\Masters\Capstone_FMA_Project\data\external_audio_batch\Rock\Rock__csr020__Set_The_Controls_For_the_Heart_of_the_Sun.mp3,250,genre_250,Improv,0.10218460857868195,0.17363055050373077,Low,0,0.0,0,1,2,2,0,Subgenre/child under primary genre
Rock__csr020__Set_The_Controls_For_the_Heart_of_the_Sun,E:\SCHOOL\Masters\Capstone_FMA_Project\data\external_audio_batch\Rock\Rock__csr020__Set_The_Controls_For_the_Heart_of_the_Sun.mp3,1,genre_1,Avant-Garde,0.10086075216531754,0.15938369929790497,Low,0,0.0,0,0,1,2,0,Subgenre/child under primary genre
Rock__csr020__Set_The_Controls_For_the_Heart_of_the_Sun,E:\SCHOOL\Masters\Capstone_FMA_Project\data\external_audio_batch\Rock\Rock__csr020__Set_The_Controls_For_the_Heart_of_the_Sun.mp3,27,genre_27,Lo-Fi,0.09795534610748291,0.1328779011964798,Low,0,0.0,0,0,0,2,0,Secondary associated genre
Rock__csr020__Set_The_Controls_For_the_Heart_of_the_Sun,E:\SCHOOL\Masters\Capstone_FMA_Project\data\external_audio_batch\Rock\Rock__csr020__Set_The_Controls_For_the_Heart_of_the_Sun.mp3,66,genre_66,Indie-Rock,0.06598112732172012,0.12183775007724762,Low,0,0.0,0,0,0,2,0,Secondary associated genre
Rock__csr020__Set_The_Controls_For_the_Heart_of_the_Sun,E:\SCHOOL\Masters\Capstone_FMA_Project\data\external_audio_batch\Rock\Rock__csr020__Set_The_Controls_For_the_Heart_of_the_Sun.mp3,76,genre_76,Experimental Pop,0.06488621234893799,0.09234017133712769,Low,0,0.0,0,0,0,2,0,Secondary associated genre
Rock__csr020__Set_The_Controls_For_the_Heart_of_the_Sun,E:\SCHOOL\Masters\Capstone_FMA_Project\data\external_audio_batch\Rock\Rock__csr020__Set_The_Controls_For_the_Heart_of_the_Sun.mp3,32,genre_32,Noise,0.06364738941192627,0.0973660945892334,Low,0,0.0,0,0,0,2,0,Subgenre/child under primary genre
Rock__csr020__Set_The_Controls_For_the_Heart_of_the_Sun,E:\SCHOOL\Masters\Capstone_FMA_Project\data\external_audio_batch\Rock\Rock__csr020__Set_The_Controls_For_the_Heart_of_the_Sun.mp3,107,genre_107,Ambient,0.05728880316019058,0.07578737288713455,Low,0,0.0,0,0,0,2,0,Secondary associated genre
Rock__csr020__Set_The_Controls_For_the_Heart_of_the_Sun,E:\SCHOOL\Masters\Capstone_FMA_Project\data\external_audio_batch\Rock\Rock__csr020__Set_The_Controls_For_the_Heart_of_the_Sun.mp3,4,genre_4,Jazz,0.05544203519821167,0.07464544475078583,Low,0,0.0,0,0,0,2,0,Secondary associated genre
Rock__afm020_noctiflora_0407__Neorama,E:\SCHOOL\Masters\Capstone_FMA_Project\data\external_audio_batch\Rock\Rock__afm020_noctiflora_0407__Neorama.mp3,38,genre_38,Experimental,0.5462841987609863,0.8219042420387268,Moderate,8,1.0,5,8,8,2,1,Primary genre
Rock__afm020_noctiflora_0407__Neorama,E:\SCHOOL\Masters\Capstone_FMA_Project\data\external_audio_batch\Rock\Rock__afm020_noctiflora_0407__Neorama.mp3,12,genre_12,Rock,0.33237582445144653,0.7250561714172363,Low-to-moderate,5,0.625,2,5,5,2,1,Secondary associated genre
Rock__afm020_noctiflora_0407__Neorama,E:\SCHOOL\Masters\Capstone_FMA_Project\data\external_audio_batch\Rock\Rock__afm020_noctiflora_0407__Neorama.mp3,15,genre_15,Electronic,0.26351022720336914,0.6105892658233643,Low,5,0.625,1,5,6,2,1,Secondary associated genre
Rock__afm020_noctiflora_0407__Neorama,E:\SCHOOL\Masters\Capstone_FMA_Project\data\external_audio_batch\Rock\Rock__afm020_noctiflora_0407__Neorama.mp3,1235,genre_1235,Instrumental,0.19184236228466034,0.3359796702861786,Low,4,0.5,0,3,5,2,0,Secondary associated genre
Rock__afm020_noctiflora_0407__Neorama,E:\SCHOOL\Masters\Capstone_FMA_Project\data\external_audio_batch\Rock\Rock__afm020_noctiflora_0407__Neorama.mp3,17,genre_17,Folk,0.13406741619110107,0.20611615478992462,Low,1,0.125,0,0,2,2,0,Secondary associated genre
Rock__afm020_noctiflora_0407__Neorama,E:\SCHOOL\Masters\Capstone_FMA_Project\data\external_audio_batch\Rock\Rock__afm020_noctiflora_0407__Neorama.mp3,1,genre_1,Avant-Garde,0.12235460430383682,0.21871107816696167,Low,2,0.25,0,1,2,2,0,Subgenre/child under primary genre
Rock__afm020_noctiflora_0407__Neorama,E:\SCHOOL\Masters\Capstone_FMA_Project\data\external_audio_batch\Rock\Rock__afm020_noctiflora_0407__Neorama.mp3,10,genre_10,Pop,0.12043754011392593,0.2493845820426941,Low,2,0.25,0,1,3,2,0,Secondary associated genre
Rock__afm020_noctiflora_0407__Neorama,E:\SCHOOL\Masters\Capstone_FMA_Project\data\external_audio_batch\Rock\Rock__afm020_noctiflora_0407__Neorama.mp3,107,genre_107,Ambient,0.11372438073158264,0.27675899863243103,Low,1,0.125,0,0,2,2,0,Secondary associated genre
Rock__afm020_noctiflora_0407__Neorama,E:\SCHOOL\Masters\Capstone_FMA_Project\data\external_audio_batch\Rock\Rock__afm020_noctiflora_0407__Neorama.mp3,250,genre_250,Improv,0.1069280207157135,0.19499555230140686,Low,0,0.0,0,0,3,2,0,Subgenre/child under primary genre
Rock__afm020_noctiflora_0407__Neorama,E:\SCHOOL\Masters\Capstone_FMA_Project\data\external_audio_batch\Rock\Rock__afm020_noctiflora_0407__Neorama.mp3,25,genre_25,Punk,0.09216899424791336,0.2900151014328003,Low,2,0.25,0,1,2,2,0,Secondary associated genre
Rock__afm020_noctiflora_0407__Neorama,E:\SCHOOL\Masters\Capstone_FMA_Project\data\external_audio_batch\Rock\Rock__afm020_noctiflora_0407__Neorama.mp3,41,genre_41,Electroacoustic,0.08469350636005402,0.19636011123657227,Low,0,0.0,0,0,1,2,0,Subgenre/child under primary genre
Rock__afm020_noctiflora_0407__Neorama,E:\SCHOOL\Masters\Capstone_FMA_Project\data\external_audio_batch\Rock\Rock__afm020_noctiflora_0407__Neorama.mp3,32,genre_32,Noise,0.07639271020889282,0.11645421385765076,Low,0,0.0,0,0,0,2,0,Subgenre/child under primary genre
Rock__afm020_noctiflora_0407__Neorama,E:\SCHOOL\Masters\Capstone_FMA_Project\data\external_audio_batch\Rock\Rock__afm020_noctiflora_0407__Neorama.mp3,27,genre_27,Lo-Fi,0.0616096667945385,0.09034866839647293,Low,0,0.0,0,0,0,2,0,Secondary associated genre
Rock__afm020_noctiflora_0407__Neorama,E:\SCHOOL\Masters\Capstone_FMA_Project\data\external_audio_batch\Rock\Rock__afm020_noctiflora_0407__Neorama.mp3,18,genre_18,Soundtrack,0.06113056838512421,0.11598924547433853,Low,0,0.0,0,0,0,2,0,Secondary associated genre
Rock__afm020_noctiflora_0407__Neorama,E:\SCHOOL\Masters\Capstone_FMA_Project\data\external_audio_batch\Rock\Rock__afm020_noctiflora_0407__Neorama.mp3,76,genre_76,Experimental Pop,0.05920027196407318,0.08930052816867828,Low,0,0.0,0,0,0,2,0,Secondary associated genre
Rock__SCL160__Break_the_Lies__Gnothi_Seauton_Remix,E:\SCHOOL\Masters\Capstone_FMA_Project\data\external_audio_batch\Rock\Rock__SCL160__Break_the_Lies__Gnothi_Seauton_Remix.mp3,38,genre_38,Experimental,0.6062440872192383,0.759748101234436,Moderate,8,1.0,6,8,8,2,1,Primary genre
Rock__SCL160__Break_the_Lies__Gnothi_Seauton_Remix,E:\SCHOOL\Masters\Capstone_FMA_Project\data\external_audio_batch\Rock\Rock__SCL160__Break_the_Lies__Gnothi_Seauton_Remix.mp3,15,genre_15,Electronic,0.3477601408958435,0.7002422213554382,Low-to-moderate,5,0.625,2,6,7,2,1,Secondary associated genre
Rock__SCL160__Break_the_Lies__Gnothi_Seauton_Remix,E:\SCHOOL\Masters\Capstone_FMA_Project\data\external_audio_batch\Rock\Rock__SCL160__Break_the_Lies__Gnothi_Seauton_Remix.mp3,12,genre_12,Rock,0.22846642136573792,0.3583081364631653,Low,4,0.5,0,5,7,2,1,Secondary associated genre
Rock__SCL160__Break_the_Lies__Gnothi_Seauton_Remix,E:\SCHOOL\Masters\Capstone_FMA_Project\data\external_audio_batch\Rock\Rock__SCL160__Break_the_Lies__Gnothi_Seauton_Remix.mp3,1,genre_1,Avant-Garde,0.13087859749794006,0.19975648820400238,Low,0,0.0,0,1,4,2,0,Subgenre/child under primary genre
Rock__SCL160__Break_the_Lies__Gnothi_Seauton_Remix,E:\SCHOOL\Masters\Capstone_FMA_Project\data\external_audio_batch\Rock\Rock__SCL160__Break_the_Lies__Gnothi_Seauton_Remix.mp3,1235,genre_1235,Instrumental,0.1282520890235901,0.18719516694545746,Low,0,0.0,0,1,3,2,0,Secondary associated genre
Rock__SCL160__Break_the_Lies__Gnothi_Seauton_Remix,E:\SCHOOL\Masters\Capstone_FMA_Project\data\external_audio_batch\Rock\Rock__SCL160__Break_the_Lies__Gnothi_Seauton_Remix.mp3,21,genre_21,Hip-Hop,0.1171548068523407,0.2448560893535614,Low,2,0.25,0,1,3,2,0,Secondary associated genre
Rock__SCL160__Break_the_Lies__Gnothi_Seauton_Remix,E:\SCHOOL\Masters\Capstone_FMA_Project\data\external_audio_batch\Rock\Rock__SCL160__Break_the_Lies__Gnothi_Seauton_Remix.mp3,250,genre_250,Improv,0.10613930970430374,0.21026062965393066,Low,1,0.125,0,2,3,2,0,Subgenre/child under primary genre
Rock__SCL160__Break_the_Lies__Gnothi_Seauton_Remix,E:\SCHOOL\Masters\Capstone_FMA_Project\data\external_audio_batch\Rock\Rock__SCL160__Break_the_Lies__Gnothi_Seauton_Remix.mp3,41,genre_41,Electroacoustic,0.10571782290935516,0.1651427298784256,Low,0,0.0,0,0,1,2,0,Subgenre/child under primary genre
Rock__SCL160__Break_the_Lies__Gnothi_Seauton_Remix,E:\SCHOOL\Masters\Capstone_FMA_Project\data\external_audio_batch\Rock\Rock__SCL160__Break_the_Lies__Gnothi_Seauton_Remix.mp3,17,genre_17,Folk,0.09650985896587372,0.17236962914466858,Low,0,0.0,0,0,2,2,0,Secondary associated genre
Rock__SCL160__Break_the_Lies__Gnothi_Seauton_Remix,E:\SCHOOL\Masters\Capstone_FMA_Project\data\external_audio_batch\Rock\Rock__SCL160__Break_the_Lies__Gnothi_Seauton_Remix.mp3,32,genre_32,Noise,0.09016188234090805,0.1321575790643692,Low,0,0.0,0,0,0,2,0,Subgenre/child under primary genre
Rock__SCL160__Break_the_Lies__Gnothi_Seauton_Remix,E:\SCHOOL\Masters\Capstone_FMA_Project\data\external_audio_batch\Rock\Rock__SCL160__Break_the_Lies__Gnothi_Seauton_Remix.mp3,10,genre_10,Pop,0.08960065245628357,0.14712533354759216,Low,0,0.0,0,0,2,2,0,Secondary associated genre
Rock__SCL160__Break_the_Lies__Gnothi_Seauton_Remix,E:\SCHOOL\Masters\Capstone_FMA_Project\data\external_audio_batch\Rock\Rock__SCL160__Break_the_Lies__Gnothi_Seauton_Remix.mp3,107,genre_107,Ambient,0.06711889058351517,0.11650095134973526,Low,0,0.0,0,0,0,2,0,Secondary associated genre
Rock__SCL160__Break_the_Lies__Gnothi_Seauton_Remix,E:\SCHOOL\Masters\Capstone_FMA_Project\data\external_audio_batch\Rock\Rock__SCL160__Break_the_Lies__Gnothi_Seauton_Remix.mp3,2,genre_2,International,0.06540995836257935,0.10203296691179276,Low,0,0.0,0,0,0,2,0,Secondary associated genre
Rock__SCL160__Break_the_Lies__Gnothi_Seauton_Remix,E:\SCHOOL\Masters\Capstone_FMA_Project\data\external_audio_batch\Rock\Rock__SCL160__Break_the_Lies__Gnothi_Seauton_Remix.mp3,30,genre_30,Field Recordings,0.05784629285335541,0.11232447624206543,Low,0,0.0,0,0,0,2,0,Subgenre/child under primary genre
Rock__SCL160__Break_the_Lies__Gnothi_Seauton_Remix,E:\SCHOOL\Masters\Capstone_FMA_Project\data\external_audio_batch\Rock\Rock__SCL160__Break_the_Lies__Gnothi_Seauton_Remix.mp3,4,genre_4,Jazz,0.05469600111246109,0.0755583792924881,Low,0,0.0,0,0,0,2,0,Secondary associated genre
Rock__freemusiccharts.songs2012__2012-01-H._Zombie-Taxi_Driver,E:\SCHOOL\Masters\Capstone_FMA_Project\data\external_audio_batch\Rock\Rock__freemusiccharts.songs2012__2012-01-H._Zombie-Taxi_Driver.mp3,15,genre_15,Electronic,0.63096022605896,0.7547189593315125,Moderate,8,1.0,6,7,8,2,1,Primary genre
Rock__freemusiccharts.songs2012__2012-01-H._Zombie-Taxi_Driver,E:\SCHOOL\Masters\Capstone_FMA_Project\data\external_audio_batch\Rock\Rock__freemusiccharts.songs2012__2012-01-H._Zombie-Taxi_Driver.mp3,38,genre_38,Experimental,0.39614731073379517,0.8421885967254639,Low-to-moderate,8,1.0,2,6,8,2,1,Secondary associated genre
Rock__freemusiccharts.songs2012__2012-01-H._Zombie-Taxi_Driver,E:\SCHOOL\Masters\Capstone_FMA_Project\data\external_audio_batch\Rock\Rock__freemusiccharts.songs2012__2012-01-H._Zombie-Taxi_Driver.mp3,12,genre_12,Rock,0.25241923332214355,0.30892401933670044,Low,7,0.875,0,7,7,2,1,Secondary associated genre
Rock__freemusiccharts.songs2012__2012-01-H._Zombie-Taxi_Driver,E:\SCHOOL\Masters\Capstone_FMA_Project\data\external_audio_batch\Rock\Rock__freemusiccharts.songs2012__2012-01-H._Zombie-Taxi_Driver.mp3,1235,genre_1235,Instrumental,0.16545602679252625,0.2491411566734314,Low,2,0.25,0,0,4,2,0,Secondary associated genre
Rock__freemusiccharts.songs2012__2012-01-H._Zombie-Taxi_Driver,E:\SCHOOL\Masters\Capstone_FMA_Project\data\external_audio_batch\Rock\Rock__freemusiccharts.songs2012__2012-01-H._Zombie-Taxi_Driver.mp3,21,genre_21,Hip-Hop,0.1631942242383957,0.2389611154794693,Low,4,0.5,0,2,5,2,0,Secondary associated genre
Rock__freemusiccharts.songs2012__2012-01-H._Zombie-Taxi_Driver,E:\SCHOOL\Masters\Capstone_FMA_Project\data\external_audio_batch\Rock\Rock__freemusiccharts.songs2012__2012-01-H._Zombie-Taxi_Driver.mp3,10,genre_10,Pop,0.1519397646188736,0.21494591236114502,Low,3,0.375,0,0,6,2,0,Secondary associated genre
Rock__freemusiccharts.songs2012__2012-01-H._Zombie-Taxi_Driver,E:\SCHOOL\Masters\Capstone_FMA_Project\data\external_audio_batch\Rock\Rock__freemusiccharts.songs2012__2012-01-H._Zombie-Taxi_Driver.mp3,1,genre_1,Avant-Garde,0.07067230343818665,0.3726911246776581,Low,1,0.125,0,1,1,2,0,Secondary associated genre
Rock__freemusiccharts.songs2012__2012-01-H._Zombie-Taxi_Driver,E:\SCHOOL\Masters\Capstone_FMA_Project\data\external_audio_batch\Rock\Rock__freemusiccharts.songs2012__2012-01-H._Zombie-Taxi_Driver.mp3,107,genre_107,Ambient,0.06494180858135223,0.17827023565769196,Low,0,0.0,0,0,0,2,0,Secondary associated genre
Rock__freemusiccharts.songs2012__2012-01-H._Zombie-Taxi_Driver,E:\SCHOOL\Masters\Capstone_FMA_Project\data\external_audio_batch\Rock\Rock__freemusiccharts.songs2012__2012-01-H._Zombie-Taxi_Driver.mp3,41,genre_41,Electroacoustic,0.061741285026073456,0.1440507173538208,Low,0,0.0,0,0,0,2,0,Secondary associated genre
Rock__freemusiccharts.songs2012__2012-01-H._Zombie-Taxi_Driver,E:\SCHOOL\Masters\Capstone_FMA_Project\data\external_audio_batch\Rock\Rock__freemusiccharts.songs2012__2012-01-H._Zombie-Taxi_Driver.mp3,17,genre_17,Folk,0.05450279638171196,0.14633846282958984,Low,0,0.0,0,0,0,2,0,Secondary associated genre
Rock__freemusiccharts.songs2012__2012-01-H._Zombie-Taxi_Driver,E:\SCHOOL\Masters\Capstone_FMA_Project\data\external_audio_batch\Rock\Rock__freemusiccharts.songs2012__2012-01-H._Zombie-Taxi_Driver.mp3,76,genre_76,Experimental Pop,0.053723737597465515,0.07697313278913498,Low,0,0.0,0,0,0,2,0,Secondary associated genre
Rock__freemusiccharts.songs2012__2012-01-H._Zombie-Taxi_Driver,E:\SCHOOL\Masters\Capstone_FMA_Project\data\external_audio_batch\Rock\Rock__freemusiccharts.songs2012__2012-01-H._Zombie-Taxi_Driver.mp3,42,genre_42,Ambient Electronic,0.051324039697647095,0.06476514041423798,Low,0,0.0,0,0,0,2,0,Subgenre/child under primary genre
Rock__freemusiccharts.songs2012__2012-01-H._Zombie-Taxi_Driver,E:\SCHOOL\Masters\Capstone_FMA_Project\data\external_audio_batch\Rock\Rock__freemusiccharts.songs2012__2012-01-H._Zombie-Taxi_Driver.mp3,2,genre_2,International,0.050173260271549225,0.059390801936388016,Low,0,0.0,0,0,0,2,0,Secondary associated genre
Rock__freemusiccharts.songs2012__2012-01-H._Zombie-Taxi_Driver,E:\SCHOOL\Masters\Capstone_FMA_Project\data\external_audio_batch\Rock\Rock__freemusiccharts.songs2012__2012-01-H._Zombie-Taxi_Driver.mp3,32,genre_32,Noise,0.04999658092856407,0.138275146484375,Low,0,0.0,0,0,0,2,0,Secondary associated genre
Rock__freemusiccharts.songs2012__2012-01-H._Zombie-Taxi_Driver,E:\SCHOOL\Masters\Capstone_FMA_Project\data\external_audio_batch\Rock\Rock__freemusiccharts.songs2012__2012-01-H._Zombie-Taxi_Driver.mp3,250,genre_250,Improv,0.04864801466464996,0.31956303119659424,Low,1,0.125,0,1,1,2,0,Secondary associated genre
Rock__diymAR06__10-Derek_Clegg-Judy,E:\SCHOOL\Masters\Capstone_FMA_Project\data\external_audio_batch\Rock\Rock__diymAR06__10-Derek_Clegg-Judy.flac,12,genre_12,Rock,0.3902067244052887,0.5095477104187012,Low-to-moderate,8,1.0,6,7,8,2,1,Primary genre
Rock__diymAR06__10-Derek_Clegg-Judy,E:\SCHOOL\Masters\Capstone_FMA_Project\data\external_audio_batch\Rock\Rock__diymAR06__10-Derek_Clegg-Judy.flac,38,genre_38,Experimental,0.31121620535850525,0.49017220735549927,Low-to-moderate,8,1.0,1,6,8,2,1,Secondary associated genre
Rock__diymAR06__10-Derek_Clegg-Judy,E:\SCHOOL\Masters\Capstone_FMA_Project\data\external_audio_batch\Rock\Rock__diymAR06__10-Derek_Clegg-Judy.flac,10,genre_10,Pop,0.26292768120765686,0.31396153569221497,Low,7,0.875,0,7,8,2,1,Secondary associated genre
Rock__diymAR06__10-Derek_Clegg-Judy,E:\SCHOOL\Masters\Capstone_FMA_Project\data\external_audio_batch\Rock\Rock__diymAR06__10-Derek_Clegg-Judy.flac,15,genre_15,Electronic,0.24462486803531647,0.5130703449249268,Low,3,0.375,1,2,7,2,1,Secondary associated genre
Rock__diymAR06__10-Derek_Clegg-Judy,E:\SCHOOL\Masters\Capstone_FMA_Project\data\external_audio_batch\Rock\Rock__diymAR06__10-Derek_Clegg-Judy.flac,17,genre_17,Folk,0.22431746125221252,0.31589189171791077,Low,6,0.75,0,2,6,2,1,Secondary associated genre
Rock__diymAR06__10-Derek_Clegg-Judy,E:\SCHOOL\Masters\Capstone_FMA_Project\data\external_audio_batch\Rock\Rock__diymAR06__10-Derek_Clegg-Judy.flac,76,genre_76,Experimental Pop,0.12470047920942307,0.13945946097373962,Low,0,0.0,0,0,0,2,0,Secondary associated genre
Rock__diymAR06__10-Derek_Clegg-Judy,E:\SCHOOL\Masters\Capstone_FMA_Project\data\external_audio_batch\Rock\Rock__diymAR06__10-Derek_Clegg-Judy.flac,21,genre_21,Hip-Hop,0.11377574503421783,0.17454023659229279,Low,0,0.0,0,0,1,2,0,Secondary associated genre
Rock__diymAR06__10-Derek_Clegg-Judy,E:\SCHOOL\Masters\Capstone_FMA_Project\data\external_audio_batch\Rock\Rock__diymAR06__10-Derek_Clegg-Judy.flac,27,genre_27,Lo-Fi,0.10704924911260605,0.12642864882946014,Low,0,0.0,0,0,0,2,0,Subgenre/child under primary genre
Rock__diymAR06__10-Derek_Clegg-Judy,E:\SCHOOL\Masters\Capstone_FMA_Project\data\external_audio_batch\Rock\Rock__diymAR06__10-Derek_Clegg-Judy.flac,103,genre_103,Singer-Songwriter,0.1054951399564743,0.1666971743106842,Low,0,0.0,0,0,1,2,0,Secondary associated genre
Rock__diymAR06__10-Derek_Clegg-Judy,E:\SCHOOL\Masters\Capstone_FMA_Project\data\external_audio_batch\Rock\Rock__diymAR06__10-Derek_Clegg-Judy.flac,2,genre_2,International,0.08812782168388367,0.10268630087375641,Low,0,0.0,0,0,0,2,0,Secondary associated genre
Rock__diymAR06__10-Derek_Clegg-Judy,E:\SCHOOL\Masters\Capstone_FMA_Project\data\external_audio_batch\Rock\Rock__diymAR06__10-Derek_Clegg-Judy.flac,25,genre_25,Punk,0.08065865933895111,0.14813265204429626,Low,0,0.0,0,0,1,2,0,Subgenre/child under primary genre
Rock__diymAR06__10-Derek_Clegg-Judy,E:\SCHOOL\Masters\Capstone_FMA_Project\data\external_audio_batch\Rock\Rock__diymAR06__10-Derek_Clegg-Judy.flac,1235,genre_1235,Instrumental,0.07507031410932541,0.1811479926109314,Low,0,0.0,0,0,0,2,0,Secondary associated genre
Rock__diymAR06__10-Derek_Clegg-Judy,E:\SCHOOL\Masters\Capstone_FMA_Project\data\external_audio_batch\Rock\Rock__diymAR06__10-Derek_Clegg-Judy.flac,66,genre_66,Indie-Rock,0.07351325452327728,0.10860475897789001,Low,0,0.0,0,0,0,2,0,Subgenre/child under primary genre
Rock__diymAR06__10-Derek_Clegg-Judy,E:\SCHOOL\Masters\Capstone_FMA_Project\data\external_audio_batch\Rock\Rock__diymAR06__10-Derek_Clegg-Judy.flac,1,genre_1,Avant-Garde,0.059937093406915665,0.10467532277107239,Low,0,0.0,0,0,0,2,0,Secondary associated genre
Rock__diymAR06__10-Derek_Clegg-Judy,E:\SCHOOL\Masters\Capstone_FMA_Project\data\external_audio_batch\Rock\Rock__diymAR06__10-Derek_Clegg-Judy.flac,4,genre_4,Jazz,0.041845884174108505,0.07106372714042664,Low,0,0.0,0,0,0,2,0,Secondary associated genre
Electronic__NS050__Lake,E:\SCHOOL\Masters\Capstone_FMA_Project\data\external_audio_batch\Electronic\Electronic__NS050__Lake.mp3,38,genre_38,Experimental,0.4682568907737732,0.6233326196670532,Low-to-moderate,8,1.0,5,8,8,2,1,Primary genre
Electronic__NS050__Lake,E:\SCHOOL\Masters\Capstone_FMA_Project\data\external_audio_batch\Electronic\Electronic__NS050__Lake.mp3,12,genre_12,Rock,0.32159316539764404,0.46346238255500793,Low-to-moderate,7,0.875,1,7,7,2,1,Secondary associated genre
Electronic__NS050__Lake,E:\SCHOOL\Masters\Capstone_FMA_Project\data\external_audio_batch\Electronic\Electronic__NS050__Lake.mp3,17,genre_17,Folk,0.3045521080493927,0.5387526750564575,Low-to-moderate,6,0.75,2,6,6,2,1,Secondary associated genre
Electronic__NS050__Lake,E:\SCHOOL\Masters\Capstone_FMA_Project\data\external_audio_batch\Electronic\Electronic__NS050__Lake.mp3,10,genre_10,Pop,0.15437844395637512,0.24475200474262238,Low,2,0.25,0,0,5,2,0,Secondary associated genre
Electronic__NS050__Lake,E:\SCHOOL\Masters\Capstone_FMA_Project\data\external_audio_batch\Electronic\Electronic__NS050__Lake.mp3,1235,genre_1235,Instrumental,0.13273119926452637,0.41643020510673523,Low,1,0.125,0,1,2,2,0,Secondary associated genre
Electronic__NS050__Lake,E:\SCHOOL\Masters\Capstone_FMA_Project\data\external_audio_batch\Electronic\Electronic__NS050__Lake.mp3,27,genre_27,Lo-Fi,0.1286618560552597,0.17288118600845337,Low,0,0.0,0,0,2,2,0,Secondary associated genre
Electronic__NS050__Lake,E:\SCHOOL\Masters\Capstone_FMA_Project\data\external_audio_batch\Electronic\Electronic__NS050__Lake.mp3,15,genre_15,Electronic,0.12213513255119324,0.2022515833377838,Low,1,0.125,0,1,2,2,0,Secondary associated genre
Electronic__NS050__Lake,E:\SCHOOL\Masters\Capstone_FMA_Project\data\external_audio_batch\Electronic\Electronic__NS050__Lake.mp3,1,genre_1,Avant-Garde,0.11995358765125275,0.20252008736133575,Low,1,0.125,0,0,1,2,0,Subgenre/child under primary genre
Electronic__NS050__Lake,E:\SCHOOL\Masters\Capstone_FMA_Project\data\external_audio_batch\Electronic\Electronic__NS050__Lake.mp3,250,genre_250,Improv,0.11702185869216919,0.22173497080802917,Low,1,0.125,0,0,3,2,0,Subgenre/child under primary genre
Electronic__NS050__Lake,E:\SCHOOL\Masters\Capstone_FMA_Project\data\external_audio_batch\Electronic\Electronic__NS050__Lake.mp3,103,genre_103,Singer-Songwriter,0.1040215790271759,0.27724629640579224,Low,1,0.125,0,0,2,2,0,Secondary associated genre
Electronic__NS050__Lake,E:\SCHOOL\Masters\Capstone_FMA_Project\data\external_audio_batch\Electronic\Electronic__NS050__Lake.mp3,76,genre_76,Experimental Pop,0.0850231796503067,0.11837369948625565,Low,0,0.0,0,0,0,2,0,Secondary associated genre
Electronic__NS050__Lake,E:\SCHOOL\Masters\Capstone_FMA_Project\data\external_audio_batch\Electronic\Electronic__NS050__Lake.mp3,2,genre_2,International,0.07850014418363571,0.1325618177652359,Low,0,0.0,0,0,0,2,0,Secondary associated genre
Electronic__NS050__Lake,E:\SCHOOL\Masters\Capstone_FMA_Project\data\external_audio_batch\Electronic\Electronic__NS050__Lake.mp3,4,genre_4,Jazz,0.06875135749578476,0.11265236884355545,Low,0,0.0,0,0,0,2,0,Secondary associated genre
Electronic__NS050__Lake,E:\SCHOOL\Masters\Capstone_FMA_Project\data\external_audio_batch\Electronic\Electronic__NS050__Lake.mp3,18,genre_18,Soundtrack,0.06649325042963028,0.26590651273727417,Low,1,0.125,0,0,1,2,0,Secondary associated genre
Electronic__NS050__Lake,E:\SCHOOL\Masters\Capstone_FMA_Project\data\external_audio_batch\Electronic\Electronic__NS050__Lake.mp3,5,genre_5,Classical,0.06472954154014587,0.3375132083892822,Low,1,0.125,0,1,1,2,0,Secondary associated genre
Electronic__mtk140__Csanca,E:\SCHOOL\Masters\Capstone_FMA_Project\data\external_audio_batch\Electronic\Electronic__mtk140__Csanca.mp3,15,genre_15,Electronic,0.38060691952705383,0.5875945091247559,Low-to-moderate,6,0.75,4,6,6,2,1,Primary genre
Electronic__mtk140__Csanca,E:\SCHOOL\Masters\Capstone_FMA_Project\data\external_audio_batch\Electronic\Electronic__mtk140__Csanca.mp3,38,genre_38,Experimental,0.3624056875705719,0.5527445673942566,Low-to-moderate,5,0.625,4,5,8,2,1,Secondary associated genre
Electronic__mtk140__Csanca,E:\SCHOOL\Masters\Capstone_FMA_Project\data\external_audio_batch\Electronic\Electronic__mtk140__Csanca.mp3,12,genre_12,Rock,0.3087446689605713,0.412203311920166,Low-to-moderate,8,1.0,0,7,8,2,1,Secondary associated genre
Electronic__mtk140__Csanca,E:\SCHOOL\Masters\Capstone_FMA_Project\data\external_audio_batch\Electronic\Electronic__mtk140__Csanca.mp3,10,genre_10,Pop,0.2425868809223175,0.33529210090637207,Low,5,0.625,0,4,7,2,1,Secondary associated genre
Electronic__mtk140__Csanca,E:\SCHOOL\Masters\Capstone_FMA_Project\data\external_audio_batch\Electronic\Electronic__mtk140__Csanca.mp3,17,genre_17,Folk,0.14640627801418304,0.24639512598514557,Low,3,0.375,0,0,3,2,0,Secondary associated genre
Electronic__mtk140__Csanca,E:\SCHOOL\Masters\Capstone_FMA_Project\data\external_audio_batch\Electronic\Electronic__mtk140__Csanca.mp3,21,genre_21,Hip-Hop,0.13632139563560486,0.33553406596183777,Low,3,0.375,0,1,4,2,0,Secondary associated genre
Electronic__mtk140__Csanca,E:\SCHOOL\Masters\Capstone_FMA_Project\data\external_audio_batch\Electronic\Electronic__mtk140__Csanca.mp3,1235,genre_1235,Instrumental,0.12782824039459229,0.16836705803871155,Low,0,0.0,0,0,2,2,0,Secondary associated genre
Electronic__mtk140__Csanca,E:\SCHOOL\Masters\Capstone_FMA_Project\data\external_audio_batch\Electronic\Electronic__mtk140__Csanca.mp3,76,genre_76,Experimental Pop,0.12172552198171616,0.15607976913452148,Low,0,0.0,0,0,0,2,0,Secondary associated genre
Electronic__mtk140__Csanca,E:\SCHOOL\Masters\Capstone_FMA_Project\data\external_audio_batch\Electronic\Electronic__mtk140__Csanca.mp3,27,genre_27,Lo-Fi,0.11479692906141281,0.2313949018716812,Low,2,0.25,0,1,2,2,0,Secondary associated genre
Electronic__mtk140__Csanca,E:\SCHOOL\Masters\Capstone_FMA_Project\data\external_audio_batch\Electronic\Electronic__mtk140__Csanca.mp3,2,genre_2,International,0.08975484222173691,0.11291048675775528,Low,0,0.0,0,0,0,2,0,Secondary associated genre
Electronic__mtk140__Csanca,E:\SCHOOL\Masters\Capstone_FMA_Project\data\external_audio_batch\Electronic\Electronic__mtk140__Csanca.mp3,1,genre_1,Avant-Garde,0.0753680169582367,0.14670202136039734,Low,0,0.0,0,0,0,2,0,Secondary associated genre
Electronic__mtk140__Csanca,E:\SCHOOL\Masters\Capstone_FMA_Project\data\external_audio_batch\Electronic\Electronic__mtk140__Csanca.mp3,18,genre_18,Soundtrack,0.05570882558822632,0.09118252992630005,Low,0,0.0,0,0,0,2,0,Secondary associated genre
Electronic__mtk140__Csanca,E:\SCHOOL\Masters\Capstone_FMA_Project\data\external_audio_batch\Electronic\Electronic__mtk140__Csanca.mp3,66,genre_66,Indie-Rock,0.05396550893783569,0.07273444533348083,Low,0,0.0,0,0,0,2,0,Secondary associated genre
Electronic__mtk140__Csanca,E:\SCHOOL\Masters\Capstone_FMA_Project\data\external_audio_batch\Electronic\Electronic__mtk140__Csanca.mp3,250,genre_250,Improv,0.051086246967315674,0.10178026556968689,Low,0,0.0,0,0,0,2,0,Secondary associated genre
Electronic__mtk140__Csanca,E:\SCHOOL\Masters\Capstone_FMA_Project\data\external_audio_batch\Electronic\Electronic__mtk140__Csanca.mp3,103,genre_103,Singer-Songwriter,0.04961632937192917,0.10912897437810898,Low,0,0.0,0,0,0,2,0,Secondary associated genre
Electronic__foot149__El_And_Eu,E:\SCHOOL\Masters\Capstone_FMA_Project\data\external_audio_batch\Electronic\Electronic__foot149__El_And_Eu.mp3,12,genre_12,Rock,0.38979536294937134,0.5351468324661255,Low-to-moderate,8,1.0,4,7,8,2,1,Primary genre
Electronic__foot149__El_And_Eu,E:\SCHOOL\Masters\Capstone_FMA_Project\data\external_audio_batch\Electronic\Electronic__foot149__El_And_Eu.mp3,38,genre_38,Experimental,0.3561289608478546,0.4647039473056793,Low-to-moderate,8,1.0,1,7,8,2,1,Secondary associated genre
Electronic__foot149__El_And_Eu,E:\SCHOOL\Masters\Capstone_FMA_Project\data\external_audio_batch\Electronic\Electronic__foot149__El_And_Eu.mp3,15,genre_15,Electronic,0.285442590713501,0.3988816738128662,Low,7,0.875,3,7,7,2,1,Secondary associated genre
Electronic__foot149__El_And_Eu,E:\SCHOOL\Masters\Capstone_FMA_Project\data\external_audio_batch\Electronic\Electronic__foot149__El_And_Eu.mp3,21,genre_21,Hip-Hop,0.1816272884607315,0.34165382385253906,Low,3,0.375,0,1,5,2,0,Secondary associated genre
Electronic__foot149__El_And_Eu,E:\SCHOOL\Masters\Capstone_FMA_Project\data\external_audio_batch\Electronic\Electronic__foot149__El_And_Eu.mp3,10,genre_10,Pop,0.15443788468837738,0.2589099705219269,Low,2,0.25,0,1,8,2,0,Secondary associated genre
Electronic__foot149__El_And_Eu,E:\SCHOOL\Masters\Capstone_FMA_Project\data\external_audio_batch\Electronic\Electronic__foot149__El_And_Eu.mp3,25,genre_25,Punk,0.10490056127309799,0.1870928257703781,Low,0,0.0,0,1,3,2,0,Subgenre/child under primary genre
Electronic__foot149__El_And_Eu,E:\SCHOOL\Masters\Capstone_FMA_Project\data\external_audio_batch\Electronic\Electronic__foot149__El_And_Eu.mp3,1235,genre_1235,Instrumental,0.09038513898849487,0.1286974549293518,Low,0,0.0,0,0,0,2,0,Secondary associated genre
Electronic__foot149__El_And_Eu,E:\SCHOOL\Masters\Capstone_FMA_Project\data\external_audio_batch\Electronic\Electronic__foot149__El_And_Eu.mp3,17,genre_17,Folk,0.08980610221624374,0.1903158724308014,Low,0,0.0,0,0,0,2,0,Secondary associated genre
Electronic__foot149__El_And_Eu,E:\SCHOOL\Masters\Capstone_FMA_Project\data\external_audio_batch\Electronic\Electronic__foot149__El_And_Eu.mp3,76,genre_76,Experimental Pop,0.07517647743225098,0.10979070514440536,Low,0,0.0,0,0,0,2,0,Secondary associated genre
Electronic__foot149__El_And_Eu,E:\SCHOOL\Masters\Capstone_FMA_Project\data\external_audio_batch\Electronic\Electronic__foot149__El_And_Eu.mp3,2,genre_2,International,0.07162944227457047,0.09055778384208679,Low,0,0.0,0,0,0,2,0,Secondary associated genre
Electronic__foot149__El_And_Eu,E:\SCHOOL\Masters\Capstone_FMA_Project\data\external_audio_batch\Electronic\Electronic__foot149__El_And_Eu.mp3,27,genre_27,Lo-Fi,0.07126244157552719,0.10184463113546371,Low,0,0.0,0,0,1,2,0,Subgenre/child under primary genre
Electronic__foot149__El_And_Eu,E:\SCHOOL\Masters\Capstone_FMA_Project\data\external_audio_batch\Electronic\Electronic__foot149__El_And_Eu.mp3,1,genre_1,Avant-Garde,0.05984211713075638,0.09062669426202774,Low,0,0.0,0,0,0,2,0,Secondary associated genre
Electronic__foot149__El_And_Eu,E:\SCHOOL\Masters\Capstone_FMA_Project\data\external_audio_batch\Electronic\Electronic__foot149__El_And_Eu.mp3,250,genre_250,Improv,0.05937020480632782,0.1062062680721283,Low,0,0.0,0,0,0,2,0,Secondary associated genre
Electronic__foot149__El_And_Eu,E:\SCHOOL\Masters\Capstone_FMA_Project\data\external_audio_batch\Electronic\Electronic__foot149__El_And_Eu.mp3,32,genre_32,Noise,0.04840216413140297,0.07162252813577652,Low,0,0.0,0,0,0,2,0,Secondary associated genre
Electronic__foot149__El_And_Eu,E:\SCHOOL\Masters\Capstone_FMA_Project\data\external_audio_batch\Electronic\Electronic__foot149__El_And_Eu.mp3,4,genre_4,Jazz,0.04467078670859337,0.07233127951622009,Low,0,0.0,0,0,0,2,0,Secondary associated genre
Electronic__nullbomb__spindrumlikeaboom,E:\SCHOOL\Masters\Capstone_FMA_Project\data\external_audio_batch\Electronic\Electronic__nullbomb__spindrumlikeaboom.mp3,15,genre_15,Electronic,0.5368270874023438,0.680770993232727,Moderate,8,1.0,6,8,8,2,1,Primary genre
Electronic__nullbomb__spindrumlikeaboom,E:\SCHOOL\Masters\Capstone_FMA_Project\data\external_audio_batch\Electronic\Electronic__nullbomb__spindrumlikeaboom.mp3,38,genre_38,Experimental,0.5158048868179321,0.644869327545166,Moderate,8,1.0,2,8,8,2,1,Secondary associated genre
Electronic__nullbomb__spindrumlikeaboom,E:\SCHOOL\Masters\Capstone_FMA_Project\data\external_audio_batch\Electronic\Electronic__nullbomb__spindrumlikeaboom.mp3,12,genre_12,Rock,0.21740348637104034,0.2547464072704315,Low,5,0.625,0,6,8,2,1,Secondary associated genre
Electronic__nullbomb__spindrumlikeaboom,E:\SCHOOL\Masters\Capstone_FMA_Project\data\external_audio_batch\Electronic\Electronic__nullbomb__spindrumlikeaboom.mp3,21,genre_21,Hip-Hop,0.16966158151626587,0.25287926197052,Low,2,0.25,0,2,7,2,0,Secondary associated genre
Electronic__nullbomb__spindrumlikeaboom,E:\SCHOOL\Masters\Capstone_FMA_Project\data\external_audio_batch\Electronic\Electronic__nullbomb__spindrumlikeaboom.mp3,1235,genre_1235,Instrumental,0.11652207374572754,0.16651585698127747,Low,0,0.0,0,0,6,2,0,Secondary associated genre
Electronic__nullbomb__spindrumlikeaboom,E:\SCHOOL\Masters\Capstone_FMA_Project\data\external_audio_batch\Electronic\Electronic__nullbomb__spindrumlikeaboom.mp3,32,genre_32,Noise,0.11509659141302109,0.14108587801456451,Low,0,0.0,0,0,1,2,0,Secondary associated genre
Electronic__nullbomb__spindrumlikeaboom,E:\SCHOOL\Masters\Capstone_FMA_Project\data\external_audio_batch\Electronic\Electronic__nullbomb__spindrumlikeaboom.mp3,10,genre_10,Pop,0.07961410284042358,0.09294101595878601,Low,0,0.0,0,0,0,2,0,Secondary associated genre
Electronic__nullbomb__spindrumlikeaboom,E:\SCHOOL\Masters\Capstone_FMA_Project\data\external_audio_batch\Electronic\Electronic__nullbomb__spindrumlikeaboom.mp3,1,genre_1,Avant-Garde,0.06369798630475998,0.15321823954582214,Low,0,0.0,0,0,1,2,0,Secondary associated genre
Electronic__nullbomb__spindrumlikeaboom,E:\SCHOOL\Masters\Capstone_FMA_Project\data\external_audio_batch\Electronic\Electronic__nullbomb__spindrumlikeaboom.mp3,41,genre_41,Electroacoustic,0.058164577931165695,0.08751949667930603,Low,0,0.0,0,0,0,2,0,Secondary associated genre
Electronic__nullbomb__spindrumlikeaboom,E:\SCHOOL\Masters\Capstone_FMA_Project\data\external_audio_batch\Electronic\Electronic__nullbomb__spindrumlikeaboom.mp3,2,genre_2,International,0.05719369277358055,0.06417357921600342,Low,0,0.0,0,0,0,2,0,Secondary associated genre
Electronic__nullbomb__spindrumlikeaboom,E:\SCHOOL\Masters\Capstone_FMA_Project\data\external_audio_batch\Electronic\Electronic__nullbomb__spindrumlikeaboom.mp3,42,genre_42,Ambient Electronic,0.05539856478571892,0.08262055367231369,Low,0,0.0,0,0,0,2,0,Subgenre/child under primary genre
Electronic__nullbomb__spindrumlikeaboom,E:\SCHOOL\Masters\Capstone_FMA_Project\data\external_audio_batch\Electronic\Electronic__nullbomb__spindrumlikeaboom.mp3,25,genre_25,Punk,0.05481954663991928,0.09444525092840195,Low,0,0.0,0,0,0,2,0,Secondary associated genre
Electronic__nullbomb__spindrumlikeaboom,E:\SCHOOL\Masters\Capstone_FMA_Project\data\external_audio_batch\Electronic\Electronic__nullbomb__spindrumlikeaboom.mp3,76,genre_76,Experimental Pop,0.05057791620492935,0.056737497448921204,Low,0,0.0,0,0,0,2,0,Secondary associated genre
Electronic__nullbomb__spindrumlikeaboom,E:\SCHOOL\Masters\Capstone_FMA_Project\data\external_audio_batch\Electronic\Electronic__nullbomb__spindrumlikeaboom.mp3,27,genre_27,Lo-Fi,0.04917063191533089,0.06422308832406998,Low,0,0.0,0,0,0,2,0,Secondary associated genre
Electronic__nullbomb__spindrumlikeaboom,E:\SCHOOL\Masters\Capstone_FMA_Project\data\external_audio_batch\Electronic\Electronic__nullbomb__spindrumlikeaboom.mp3,811,genre_811,Hip-Hop Beats,0.04855499789118767,0.06701277941465378,Low,0,0.0,0,0,0,2,0,Secondary associated genre
Electronic__TFR100-VA-TornFleshRecordsPresentsVestigialSickness__36_-_Vulgar_Disease_-_Every_Noise_Has_Its_TORN,E:\SCHOOL\Masters\Capstone_FMA_Project\data\external_audio_batch\Electronic\Electronic__TFR100-VA-TornFleshRecordsPresentsVestigialSickness__36_-_Vulgar_Disease_-_Every_Noise_Has_Its_TORN.mp3,38,genre_38,Experimental,0.7766276001930237,0.8127250671386719,High,8,1.0,8,8,8,2,1,Primary genre
Electronic__TFR100-VA-TornFleshRecordsPresentsVestigialSickness__36_-_Vulgar_Disease_-_Every_Noise_Has_Its_TORN,E:\SCHOOL\Masters\Capstone_FMA_Project\data\external_audio_batch\Electronic\Electronic__TFR100-VA-TornFleshRecordsPresentsVestigialSickness__36_-_Vulgar_Disease_-_Every_Noise_Has_Its_TORN.mp3,15,genre_15,Electronic,0.41317054629325867,0.49912887811660767,Low-to-moderate,8,1.0,0,8,8,2,1,Secondary associated genre
Electronic__TFR100-VA-TornFleshRecordsPresentsVestigialSickness__36_-_Vulgar_Disease_-_Every_Noise_Has_Its_TORN,E:\SCHOOL\Masters\Capstone_FMA_Project\data\external_audio_batch\Electronic\Electronic__TFR100-VA-TornFleshRecordsPresentsVestigialSickness__36_-_Vulgar_Disease_-_Every_Noise_Has_Its_TORN.mp3,32,genre_32,Noise,0.18028777837753296,0.2214956134557724,Low,1,0.125,0,6,8,2,0,Subgenre/child under primary genre
Electronic__TFR100-VA-TornFleshRecordsPresentsVestigialSickness__36_-_Vulgar_Disease_-_Every_Noise_Has_Its_TORN,E:\SCHOOL\Masters\Capstone_FMA_Project\data\external_audio_batch\Electronic\Electronic__TFR100-VA-TornFleshRecordsPresentsVestigialSickness__36_-_Vulgar_Disease_-_Every_Noise_Has_Its_TORN.mp3,1,genre_1,Avant-Garde,0.15728448331356049,0.1849539875984192,Low,0,0.0,0,1,5,2,0,Subgenre/child under primary genre
Electronic__TFR100-VA-TornFleshRecordsPresentsVestigialSickness__36_-_Vulgar_Disease_-_Every_Noise_Has_Its_TORN,E:\SCHOOL\Masters\Capstone_FMA_Project\data\external_audio_batch\Electronic\Electronic__TFR100-VA-TornFleshRecordsPresentsVestigialSickness__36_-_Vulgar_Disease_-_Every_Noise_Has_Its_TORN.mp3,12,genre_12,Rock,0.14768119156360626,0.18807311356067657,Low,0,0.0,0,1,5,2,0,Secondary associated genre
Electronic__TFR100-VA-TornFleshRecordsPresentsVestigialSickness__36_-_Vulgar_Disease_-_Every_Noise_Has_Its_TORN,E:\SCHOOL\Masters\Capstone_FMA_Project\data\external_audio_batch\Electronic\Electronic__TFR100-VA-TornFleshRecordsPresentsVestigialSickness__36_-_Vulgar_Disease_-_Every_Noise_Has_Its_TORN.mp3,41,genre_41,Electroacoustic,0.14332245290279388,0.17443041503429413,Low,0,0.0,0,0,6,2,0,Subgenre/child under primary genre
Electronic__TFR100-VA-TornFleshRecordsPresentsVestigialSickness__36_-_Vulgar_Disease_-_Every_Noise_Has_Its_TORN,E:\SCHOOL\Masters\Capstone_FMA_Project\data\external_audio_batch\Electronic\Electronic__TFR100-VA-TornFleshRecordsPresentsVestigialSickness__36_-_Vulgar_Disease_-_Every_Noise_Has_Its_TORN.mp3,1235,genre_1235,Instrumental,0.09332993626594543,0.13203665614128113,Low,0,0.0,0,0,0,2,0,Secondary associated genre
Electronic__TFR100-VA-TornFleshRecordsPresentsVestigialSickness__36_-_Vulgar_Disease_-_Every_Noise_Has_Its_TORN,E:\SCHOOL\Masters\Capstone_FMA_Project\data\external_audio_batch\Electronic\Electronic__TFR100-VA-TornFleshRecordsPresentsVestigialSickness__36_-_Vulgar_Disease_-_Every_Noise_Has_Its_TORN.mp3,250,genre_250,Improv,0.09225306659936905,0.11316405981779099,Low,0,0.0,0,0,0,2,0,Subgenre/child under primary genre
Electronic__TFR100-VA-TornFleshRecordsPresentsVestigialSickness__36_-_Vulgar_Disease_-_Every_Noise_Has_Its_TORN,E:\SCHOOL\Masters\Capstone_FMA_Project\data\external_audio_batch\Electronic\Electronic__TFR100-VA-TornFleshRecordsPresentsVestigialSickness__36_-_Vulgar_Disease_-_Every_Noise_Has_Its_TORN.mp3,30,genre_30,Field Recordings,0.0842876061797142,0.09368022531270981,Low,0,0.0,0,0,0,2,0,Subgenre/child under primary genre
Electronic__TFR100-VA-TornFleshRecordsPresentsVestigialSickness__36_-_Vulgar_Disease_-_Every_Noise_Has_Its_TORN,E:\SCHOOL\Masters\Capstone_FMA_Project\data\external_audio_batch\Electronic\Electronic__TFR100-VA-TornFleshRecordsPresentsVestigialSickness__36_-_Vulgar_Disease_-_Every_Noise_Has_Its_TORN.mp3,247,genre_247,Musique Concrete,0.07896490395069122,0.09559042751789093,Low,0,0.0,0,0,0,2,0,Subgenre/child under primary genre
Electronic__TFR100-VA-TornFleshRecordsPresentsVestigialSickness__36_-_Vulgar_Disease_-_Every_Noise_Has_Its_TORN,E:\SCHOOL\Masters\Capstone_FMA_Project\data\external_audio_batch\Electronic\Electronic__TFR100-VA-TornFleshRecordsPresentsVestigialSickness__36_-_Vulgar_Disease_-_Every_Noise_Has_Its_TORN.mp3,10,genre_10,Pop,0.0512579083442688,0.05880918726325035,Low,0,0.0,0,0,0,2,0,Secondary associated genre
Electronic__TFR100-VA-TornFleshRecordsPresentsVestigialSickness__36_-_Vulgar_Disease_-_Every_Noise_Has_Its_TORN,E:\SCHOOL\Masters\Capstone_FMA_Project\data\external_audio_batch\Electronic\Electronic__TFR100-VA-TornFleshRecordsPresentsVestigialSickness__36_-_Vulgar_Disease_-_Every_Noise_Has_Its_TORN.mp3,107,genre_107,Ambient,0.048772182315588,0.07259400933980942,Low,0,0.0,0,0,0,2,0,Secondary associated genre
Electronic__TFR100-VA-TornFleshRecordsPresentsVestigialSickness__36_-_Vulgar_Disease_-_Every_Noise_Has_Its_TORN,E:\SCHOOL\Masters\Capstone_FMA_Project\data\external_audio_batch\Electronic\Electronic__TFR100-VA-TornFleshRecordsPresentsVestigialSickness__36_-_Vulgar_Disease_-_Every_Noise_Has_Its_TORN.mp3,76,genre_76,Experimental Pop,0.042770177125930786,0.04927940294146538,Low,0,0.0,0,0,0,2,0,Secondary associated genre
Electronic__TFR100-VA-TornFleshRecordsPresentsVestigialSickness__36_-_Vulgar_Disease_-_Every_Noise_Has_Its_TORN,E:\SCHOOL\Masters\Capstone_FMA_Project\data\external_audio_batch\Electronic\Electronic__TFR100-VA-TornFleshRecordsPresentsVestigialSickness__36_-_Vulgar_Disease_-_Every_Noise_Has_Its_TORN.mp3,42,genre_42,Ambient Electronic,0.04135284200310707,0.07084598392248154,Low,0,0.0,0,0,0,2,0,Secondary associated genre
Electronic__TFR100-VA-TornFleshRecordsPresentsVestigialSickness__36_-_Vulgar_Disease_-_Every_Noise_Has_Its_TORN,E:\SCHOOL\Masters\Capstone_FMA_Project\data\external_audio_batch\Electronic\Electronic__TFR100-VA-TornFleshRecordsPresentsVestigialSickness__36_-_Vulgar_Disease_-_Every_Noise_Has_Its_TORN.mp3,2,genre_2,International,0.04032491520047188,0.04755827412009239,Low,0,0.0,0,0,0,2,0,Secondary associated genre
Electronic__MIXG031__Vozduh,E:\SCHOOL\Masters\Capstone_FMA_Project\data\external_audio_batch\Electronic\Electronic__MIXG031__Vozduh.mp3,12,genre_12,Rock,0.4562724530696869,0.563656210899353,Low-to-moderate,8,1.0,5,8,8,2,1,Primary genre
Electronic__MIXG031__Vozduh,E:\SCHOOL\Masters\Capstone_FMA_Project\data\external_audio_batch\Electronic\Electronic__MIXG031__Vozduh.mp3,38,genre_38,Experimental,0.425772488117218,0.6622353792190552,Low-to-moderate,8,1.0,3,8,8,2,1,Secondary associated genre
Electronic__MIXG031__Vozduh,E:\SCHOOL\Masters\Capstone_FMA_Project\data\external_audio_batch\Electronic\Electronic__MIXG031__Vozduh.mp3,15,genre_15,Electronic,0.2477223426103592,0.326522558927536,Low,6,0.75,0,4,7,2,1,Secondary associated genre
Electronic__MIXG031__Vozduh,E:\SCHOOL\Masters\Capstone_FMA_Project\data\external_audio_batch\Electronic\Electronic__MIXG031__Vozduh.mp3,10,genre_10,Pop,0.21552366018295288,0.29481780529022217,Low,6,0.75,0,2,6,2,1,Secondary associated genre
Electronic__MIXG031__Vozduh,E:\SCHOOL\Masters\Capstone_FMA_Project\data\external_audio_batch\Electronic\Electronic__MIXG031__Vozduh.mp3,17,genre_17,Folk,0.13741885125637054,0.1706005036830902,Low,0,0.0,0,0,5,2,0,Secondary associated genre
Electronic__MIXG031__Vozduh,E:\SCHOOL\Masters\Capstone_FMA_Project\data\external_audio_batch\Electronic\Electronic__MIXG031__Vozduh.mp3,21,genre_21,Hip-Hop,0.10856943577528,0.1806388795375824,Low,0,0.0,0,0,2,2,0,Secondary associated genre
Electronic__MIXG031__Vozduh,E:\SCHOOL\Masters\Capstone_FMA_Project\data\external_audio_batch\Electronic\Electronic__MIXG031__Vozduh.mp3,76,genre_76,Experimental Pop,0.10333269834518433,0.1332450658082962,Low,0,0.0,0,0,0,2,0,Secondary associated genre
Electronic__MIXG031__Vozduh,E:\SCHOOL\Masters\Capstone_FMA_Project\data\external_audio_batch\Electronic\Electronic__MIXG031__Vozduh.mp3,25,genre_25,Punk,0.10032559186220169,0.13286033272743225,Low,0,0.0,0,0,0,2,0,Subgenre/child under primary genre
Electronic__MIXG031__Vozduh,E:\SCHOOL\Masters\Capstone_FMA_Project\data\external_audio_batch\Electronic\Electronic__MIXG031__Vozduh.mp3,27,genre_27,Lo-Fi,0.09956145286560059,0.11953350901603699,Low,0,0.0,0,0,0,2,0,Subgenre/child under primary genre
Electronic__MIXG031__Vozduh,E:\SCHOOL\Masters\Capstone_FMA_Project\data\external_audio_batch\Electronic\Electronic__MIXG031__Vozduh.mp3,1235,genre_1235,Instrumental,0.09766095131635666,0.12045147269964218,Low,0,0.0,0,0,0,2,0,Secondary associated genre
Electronic__MIXG031__Vozduh,E:\SCHOOL\Masters\Capstone_FMA_Project\data\external_audio_batch\Electronic\Electronic__MIXG031__Vozduh.mp3,1,genre_1,Avant-Garde,0.09351474046707153,0.16266833245754242,Low,0,0.0,0,1,2,2,0,Secondary associated genre
Electronic__MIXG031__Vozduh,E:\SCHOOL\Masters\Capstone_FMA_Project\data\external_audio_batch\Electronic\Electronic__MIXG031__Vozduh.mp3,66,genre_66,Indie-Rock,0.07533661276102066,0.12288137525320053,Low,0,0.0,0,0,0,2,0,Subgenre/child under primary genre
Electronic__MIXG031__Vozduh,E:\SCHOOL\Masters\Capstone_FMA_Project\data\external_audio_batch\Electronic\Electronic__MIXG031__Vozduh.mp3,250,genre_250,Improv,0.07415889203548431,0.16892190277576447,Low,0,0.0,0,1,2,2,0,Secondary associated genre
Electronic__MIXG031__Vozduh,E:\SCHOOL\Masters\Capstone_FMA_Project\data\external_audio_batch\Electronic\Electronic__MIXG031__Vozduh.mp3,2,genre_2,International,0.06168626248836517,0.07729886472225189,Low,0,0.0,0,0,0,2,0,Secondary associated genre
Electronic__MIXG031__Vozduh,E:\SCHOOL\Masters\Capstone_FMA_Project\data\external_audio_batch\Electronic\Electronic__MIXG031__Vozduh.mp3,32,genre_32,Noise,0.055188097059726715,0.10296209156513214,Low,0,0.0,0,0,0,2,0,Secondary associated genre
Electronic__pn037__Sabrina,E:\SCHOOL\Masters\Capstone_FMA_Project\data\external_audio_batch\Electronic\Electronic__pn037__Sabrina.mp3,38,genre_38,Experimental,0.5617825984954834,0.6400255560874939,Moderate,8,1.0,4,8,8,2,1,Primary genre
Electronic__pn037__Sabrina,E:\SCHOOL\Masters\Capstone_FMA_Project\data\external_audio_batch\Electronic\Electronic__pn037__Sabrina.mp3,15,genre_15,Electronic,0.5578469038009644,0.7265839576721191,Moderate,8,1.0,4,8,8,2,1,Secondary associated genre
Electronic__pn037__Sabrina,E:\SCHOOL\Masters\Capstone_FMA_Project\data\external_audio_batch\Electronic\Electronic__pn037__Sabrina.mp3,1235,genre_1235,Instrumental,0.20806436240673065,0.29672542214393616,Low,6,0.75,0,6,6,2,1,Secondary associated genre
Electronic__pn037__Sabrina,E:\SCHOOL\Masters\Capstone_FMA_Project\data\external_audio_batch\Electronic\Electronic__pn037__Sabrina.mp3,12,genre_12,Rock,0.16505655646324158,0.2517903745174408,Low,1,0.125,0,1,7,2,0,Secondary associated genre
Electronic__pn037__Sabrina,E:\SCHOOL\Masters\Capstone_FMA_Project\data\external_audio_batch\Electronic\Electronic__pn037__Sabrina.mp3,10,genre_10,Pop,0.11003205925226212,0.15885235369205475,Low,0,0.0,0,0,2,2,0,Secondary associated genre
Electronic__pn037__Sabrina,E:\SCHOOL\Masters\Capstone_FMA_Project\data\external_audio_batch\Electronic\Electronic__pn037__Sabrina.mp3,107,genre_107,Ambient,0.1066657230257988,0.14592264592647552,Low,0,0.0,0,0,4,2,0,Secondary associated genre
Electronic__pn037__Sabrina,E:\SCHOOL\Masters\Capstone_FMA_Project\data\external_audio_batch\Electronic\Electronic__pn037__Sabrina.mp3,32,genre_32,Noise,0.09628227353096008,0.14616580307483673,Low,0,0.0,0,0,2,2,0,Subgenre/child under primary genre
Electronic__pn037__Sabrina,E:\SCHOOL\Masters\Capstone_FMA_Project\data\external_audio_batch\Electronic\Electronic__pn037__Sabrina.mp3,42,genre_42,Ambient Electronic,0.0801682248711586,0.11595164984464645,Low,0,0.0,0,0,0,2,0,Secondary associated genre
Electronic__pn037__Sabrina,E:\SCHOOL\Masters\Capstone_FMA_Project\data\external_audio_batch\Electronic\Electronic__pn037__Sabrina.mp3,41,genre_41,Electroacoustic,0.07700186967849731,0.11188586056232452,Low,0,0.0,0,0,0,2,0,Subgenre/child under primary genre
Electronic__pn037__Sabrina,E:\SCHOOL\Masters\Capstone_FMA_Project\data\external_audio_batch\Electronic\Electronic__pn037__Sabrina.mp3,18,genre_18,Soundtrack,0.07370811700820923,0.1306685209274292,Low,0,0.0,0,0,0,2,0,Secondary associated genre
Electronic__pn037__Sabrina,E:\SCHOOL\Masters\Capstone_FMA_Project\data\external_audio_batch\Electronic\Electronic__pn037__Sabrina.mp3,1,genre_1,Avant-Garde,0.07123906165361404,0.11215639859437943,Low,0,0.0,0,0,0,2,0,Subgenre/child under primary genre
Electronic__pn037__Sabrina,E:\SCHOOL\Masters\Capstone_FMA_Project\data\external_audio_batch\Electronic\Electronic__pn037__Sabrina.mp3,76,genre_76,Experimental Pop,0.06697841733694077,0.09799148887395859,Low,0,0.0,0,0,0,2,0,Secondary associated genre
Electronic__pn037__Sabrina,E:\SCHOOL\Masters\Capstone_FMA_Project\data\external_audio_batch\Electronic\Electronic__pn037__Sabrina.mp3,21,genre_21,Hip-Hop,0.06683006882667542,0.14350102841854095,Low,0,0.0,0,1,1,2,0,Secondary associated genre
Electronic__pn037__Sabrina,E:\SCHOOL\Masters\Capstone_FMA_Project\data\external_audio_batch\Electronic\Electronic__pn037__Sabrina.mp3,17,genre_17,Folk,0.061971623450517654,0.1527126431465149,Low,0,0.0,0,0,1,2,0,Secondary associated genre
Electronic__pn037__Sabrina,E:\SCHOOL\Masters\Capstone_FMA_Project\data\external_audio_batch\Electronic\Electronic__pn037__Sabrina.mp3,2,genre_2,International,0.049682095646858215,0.06905482709407806,Low,0,0.0,0,0,0,2,0,Secondary associated genre
Electronic__mtcomp003__latatoo__secede_s_another_day_wasted_mix,E:\SCHOOL\Masters\Capstone_FMA_Project\data\external_audio_batch\Electronic\Electronic__mtcomp003__latatoo__secede_s_another_day_wasted_mix.mp3,38,genre_38,Experimental,0.5439085364341736,0.7197907567024231,Moderate,8,1.0,4,8,8,2,1,Primary genre
Electronic__mtcomp003__latatoo__secede_s_another_day_wasted_mix,E:\SCHOOL\Masters\Capstone_FMA_Project\data\external_audio_batch\Electronic\Electronic__mtcomp003__latatoo__secede_s_another_day_wasted_mix.mp3,15,genre_15,Electronic,0.4383828639984131,0.6663035750389099,Low-to-moderate,7,0.875,4,7,7,2,1,Secondary associated genre
Electronic__mtcomp003__latatoo__secede_s_another_day_wasted_mix,E:\SCHOOL\Masters\Capstone_FMA_Project\data\external_audio_batch\Electronic\Electronic__mtcomp003__latatoo__secede_s_another_day_wasted_mix.mp3,1235,genre_1235,Instrumental,0.23834696412086487,0.3864869177341461,Low,7,0.875,0,6,7,2,1,Secondary associated genre
Electronic__mtcomp003__latatoo__secede_s_another_day_wasted_mix,E:\SCHOOL\Masters\Capstone_FMA_Project\data\external_audio_batch\Electronic\Electronic__mtcomp003__latatoo__secede_s_another_day_wasted_mix.mp3,12,genre_12,Rock,0.19595173001289368,0.2526455223560333,Low,3,0.375,0,2,8,2,0,Secondary associated genre
Electronic__mtcomp003__latatoo__secede_s_another_day_wasted_mix,E:\SCHOOL\Masters\Capstone_FMA_Project\data\external_audio_batch\Electronic\Electronic__mtcomp003__latatoo__secede_s_another_day_wasted_mix.mp3,107,genre_107,Ambient,0.11824931204319,0.23004762828350067,Low,1,0.125,0,0,2,2,0,Secondary associated genre
Electronic__mtcomp003__latatoo__secede_s_another_day_wasted_mix,E:\SCHOOL\Masters\Capstone_FMA_Project\data\external_audio_batch\Electronic\Electronic__mtcomp003__latatoo__secede_s_another_day_wasted_mix.mp3,32,genre_32,Noise,0.08965272456407547,0.10987938195466995,Low,0,0.0,0,0,0,2,0,Subgenre/child under primary genre
Electronic__mtcomp003__latatoo__secede_s_another_day_wasted_mix,E:\SCHOOL\Masters\Capstone_FMA_Project\data\external_audio_batch\Electronic\Electronic__mtcomp003__latatoo__secede_s_another_day_wasted_mix.mp3,21,genre_21,Hip-Hop,0.08894172310829163,0.18417903780937195,Low,0,0.0,0,0,4,2,0,Secondary associated genre
Electronic__mtcomp003__latatoo__secede_s_another_day_wasted_mix,E:\SCHOOL\Masters\Capstone_FMA_Project\data\external_audio_batch\Electronic\Electronic__mtcomp003__latatoo__secede_s_another_day_wasted_mix.mp3,10,genre_10,Pop,0.08392251282930374,0.12564046680927277,Low,0,0.0,0,0,0,2,0,Secondary associated genre
Electronic__mtcomp003__latatoo__secede_s_another_day_wasted_mix,E:\SCHOOL\Masters\Capstone_FMA_Project\data\external_audio_batch\Electronic\Electronic__mtcomp003__latatoo__secede_s_another_day_wasted_mix.mp3,18,genre_18,Soundtrack,0.08292455971240997,0.1083386167883873,Low,0,0.0,0,0,0,2,0,Secondary associated genre
Electronic__mtcomp003__latatoo__secede_s_another_day_wasted_mix,E:\SCHOOL\Masters\Capstone_FMA_Project\data\external_audio_batch\Electronic\Electronic__mtcomp003__latatoo__secede_s_another_day_wasted_mix.mp3,42,genre_42,Ambient Electronic,0.08175112307071686,0.11471474170684814,Low,0,0.0,0,0,0,2,0,Secondary associated genre
Electronic__mtcomp003__latatoo__secede_s_another_day_wasted_mix,E:\SCHOOL\Masters\Capstone_FMA_Project\data\external_audio_batch\Electronic\Electronic__mtcomp003__latatoo__secede_s_another_day_wasted_mix.mp3,17,genre_17,Folk,0.0788394957780838,0.14056983590126038,Low,0,0.0,0,0,1,2,0,Secondary associated genre
Electronic__mtcomp003__latatoo__secede_s_another_day_wasted_mix,E:\SCHOOL\Masters\Capstone_FMA_Project\data\external_audio_batch\Electronic\Electronic__mtcomp003__latatoo__secede_s_another_day_wasted_mix.mp3,1,genre_1,Avant-Garde,0.0783480852842331,0.13970810174942017,Low,0,0.0,0,0,1,2,0,Subgenre/child under primary genre
Electronic__mtcomp003__latatoo__secede_s_another_day_wasted_mix,E:\SCHOOL\Masters\Capstone_FMA_Project\data\external_audio_batch\Electronic\Electronic__mtcomp003__latatoo__secede_s_another_day_wasted_mix.mp3,41,genre_41,Electroacoustic,0.07606292515993118,0.12242943793535233,Low,0,0.0,0,0,0,2,0,Subgenre/child under primary genre
Electronic__mtcomp003__latatoo__secede_s_another_day_wasted_mix,E:\SCHOOL\Masters\Capstone_FMA_Project\data\external_audio_batch\Electronic\Electronic__mtcomp003__latatoo__secede_s_another_day_wasted_mix.mp3,250,genre_250,Improv,0.07273721694946289,0.18644596636295319,Low,0,0.0,0,1,2,2,0,Subgenre/child under primary genre
Electronic__mtcomp003__latatoo__secede_s_another_day_wasted_mix,E:\SCHOOL\Masters\Capstone_FMA_Project\data\external_audio_batch\Electronic\Electronic__mtcomp003__latatoo__secede_s_another_day_wasted_mix.mp3,4,genre_4,Jazz,0.0555657297372818,0.0811888575553894,Low,0,0.0,0,0,0,2,0,Secondary associated genre
Electronic__ffs104__The_Leather,E:\SCHOOL\Masters\Capstone_FMA_Project\data\external_audio_batch\Electronic\Electronic__ffs104__The_Leather.mp3,38,genre_38,Experimental,0.5624988079071045,0.8133742809295654,Moderate,8,1.0,6,8,8,2,1,Primary genre
Electronic__ffs104__The_Leather,E:\SCHOOL\Masters\Capstone_FMA_Project\data\external_audio_batch\Electronic\Electronic__ffs104__The_Leather.mp3,12,genre_12,Rock,0.29557517170906067,0.5503939390182495,Low,6,0.75,1,6,8,2,1,Secondary associated genre
Electronic__ffs104__The_Leather,E:\SCHOOL\Masters\Capstone_FMA_Project\data\external_audio_batch\Electronic\Electronic__ffs104__The_Leather.mp3,15,genre_15,Electronic,0.2846372723579407,0.4997333586215973,Low,7,0.875,1,7,8,2,1,Secondary associated genre
Electronic__ffs104__The_Leather,E:\SCHOOL\Masters\Capstone_FMA_Project\data\external_audio_batch\Electronic\Electronic__ffs104__The_Leather.mp3,1,genre_1,Avant-Garde,0.142080619931221,0.2453414797782898,Low,1,0.125,0,1,6,2,0,Subgenre/child under primary genre
Electronic__ffs104__The_Leather,E:\SCHOOL\Masters\Capstone_FMA_Project\data\external_audio_batch\Electronic\Electronic__ffs104__The_Leather.mp3,21,genre_21,Hip-Hop,0.13716912269592285,0.27593761682510376,Low,2,0.25,0,0,4,2,0,Secondary associated genre
Electronic__ffs104__The_Leather,E:\SCHOOL\Masters\Capstone_FMA_Project\data\external_audio_batch\Electronic\Electronic__ffs104__The_Leather.mp3,32,genre_32,Noise,0.10414770990610123,0.18026858568191528,Low,0,0.0,0,0,0,2,0,Subgenre/child under primary genre
Electronic__ffs104__The_Leather,E:\SCHOOL\Masters\Capstone_FMA_Project\data\external_audio_batch\Electronic\Electronic__ffs104__The_Leather.mp3,10,genre_10,Pop,0.09905453026294708,0.1293714940547943,Low,0,0.0,0,0,2,2,0,Secondary associated genre
Electronic__ffs104__The_Leather,E:\SCHOOL\Masters\Capstone_FMA_Project\data\external_audio_batch\Electronic\Electronic__ffs104__The_Leather.mp3,250,genre_250,Improv,0.0977126881480217,0.15254738926887512,Low,0,0.0,0,0,1,2,0,Subgenre/child under primary genre
Electronic__ffs104__The_Leather,E:\SCHOOL\Masters\Capstone_FMA_Project\data\external_audio_batch\Electronic\Electronic__ffs104__The_Leather.mp3,1235,genre_1235,Instrumental,0.09240633249282837,0.19138291478157043,Low,0,0.0,0,1,1,2,0,Secondary associated genre
Electronic__ffs104__The_Leather,E:\SCHOOL\Masters\Capstone_FMA_Project\data\external_audio_batch\Electronic\Electronic__ffs104__The_Leather.mp3,41,genre_41,Electroacoustic,0.08831658214330673,0.1841367930173874,Low,0,0.0,0,0,1,2,0,Subgenre/child under primary genre
Electronic__ffs104__The_Leather,E:\SCHOOL\Masters\Capstone_FMA_Project\data\external_audio_batch\Electronic\Electronic__ffs104__The_Leather.mp3,27,genre_27,Lo-Fi,0.08039543032646179,0.10578978061676025,Low,0,0.0,0,0,0,2,0,Secondary associated genre
Electronic__ffs104__The_Leather,E:\SCHOOL\Masters\Capstone_FMA_Project\data\external_audio_batch\Electronic\Electronic__ffs104__The_Leather.mp3,25,genre_25,Punk,0.08012683689594269,0.16930682957172394,Low,0,0.0,0,1,1,2,0,Secondary associated genre
Electronic__ffs104__The_Leather,E:\SCHOOL\Masters\Capstone_FMA_Project\data\external_audio_batch\Electronic\Electronic__ffs104__The_Leather.mp3,17,genre_17,Folk,0.0722862109541893,0.12185288965702057,Low,0,0.0,0,0,0,2,0,Secondary associated genre
Electronic__ffs104__The_Leather,E:\SCHOOL\Masters\Capstone_FMA_Project\data\external_audio_batch\Electronic\Electronic__ffs104__The_Leather.mp3,76,genre_76,Experimental Pop,0.06208860129117966,0.09107351303100586,Low,0,0.0,0,0,0,2,0,Secondary associated genre
Electronic__ffs104__The_Leather,E:\SCHOOL\Masters\Capstone_FMA_Project\data\external_audio_batch\Electronic\Electronic__ffs104__The_Leather.mp3,2,genre_2,International,0.05955873429775238,0.07984071224927902,Low,0,0.0,0,0,0,2,0,Secondary associated genre
Electronic__foot018__Baiao_Lo-fi,E:\SCHOOL\Masters\Capstone_FMA_Project\data\external_audio_batch\Electronic\Electronic__foot018__Baiao_Lo-fi.mp3,38,genre_38,Experimental,0.4894542396068573,0.7314435839653015,Low-to-moderate,8,1.0,4,8,8,2,1,Primary genre
Electronic__foot018__Baiao_Lo-fi,E:\SCHOOL\Masters\Capstone_FMA_Project\data\external_audio_batch\Electronic\Electronic__foot018__Baiao_Lo-fi.mp3,15,genre_15,Electronic,0.45386120676994324,0.8186642527580261,Low-to-moderate,7,0.875,3,7,8,2,1,Secondary associated genre
Electronic__foot018__Baiao_Lo-fi,E:\SCHOOL\Masters\Capstone_FMA_Project\data\external_audio_batch\Electronic\Electronic__foot018__Baiao_Lo-fi.mp3,12,genre_12,Rock,0.2749924063682556,0.489784836769104,Low,6,0.75,1,4,8,2,1,Secondary associated genre
Electronic__foot018__Baiao_Lo-fi,E:\SCHOOL\Masters\Capstone_FMA_Project\data\external_audio_batch\Electronic\Electronic__foot018__Baiao_Lo-fi.mp3,21,genre_21,Hip-Hop,0.1629767268896103,0.4361574351787567,Low,3,0.375,0,2,3,2,0,Secondary associated genre
Electronic__foot018__Baiao_Lo-fi,E:\SCHOOL\Masters\Capstone_FMA_Project\data\external_audio_batch\Electronic\Electronic__foot018__Baiao_Lo-fi.mp3,1235,genre_1235,Instrumental,0.1271289587020874,0.24233759939670563,Low,1,0.125,0,1,4,2,0,Secondary associated genre
Electronic__foot018__Baiao_Lo-fi,E:\SCHOOL\Masters\Capstone_FMA_Project\data\external_audio_batch\Electronic\Electronic__foot018__Baiao_Lo-fi.mp3,10,genre_10,Pop,0.11170659959316254,0.19326132535934448,Low,0,0.0,0,0,3,2,0,Secondary associated genre
Electronic__foot018__Baiao_Lo-fi,E:\SCHOOL\Masters\Capstone_FMA_Project\data\external_audio_batch\Electronic\Electronic__foot018__Baiao_Lo-fi.mp3,32,genre_32,Noise,0.08777374029159546,0.22363901138305664,Low,1,0.125,0,1,1,2,0,Subgenre/child under primary genre
Electronic__foot018__Baiao_Lo-fi,E:\SCHOOL\Masters\Capstone_FMA_Project\data\external_audio_batch\Electronic\Electronic__foot018__Baiao_Lo-fi.mp3,1,genre_1,Avant-Garde,0.08539065718650818,0.15322473645210266,Low,0,0.0,0,0,1,2,0,Subgenre/child under primary genre
Electronic__foot018__Baiao_Lo-fi,E:\SCHOOL\Masters\Capstone_FMA_Project\data\external_audio_batch\Electronic\Electronic__foot018__Baiao_Lo-fi.mp3,41,genre_41,Electroacoustic,0.07422561198472977,0.17921951413154602,Low,0,0.0,0,0,1,2,0,Subgenre/child under primary genre
Electronic__foot018__Baiao_Lo-fi,E:\SCHOOL\Masters\Capstone_FMA_Project\data\external_audio_batch\Electronic\Electronic__foot018__Baiao_Lo-fi.mp3,17,genre_17,Folk,0.07331796735525131,0.26699626445770264,Low,1,0.125,0,1,1,2,0,Secondary associated genre
Electronic__foot018__Baiao_Lo-fi,E:\SCHOOL\Masters\Capstone_FMA_Project\data\external_audio_batch\Electronic\Electronic__foot018__Baiao_Lo-fi.mp3,250,genre_250,Improv,0.06444784998893738,0.1297721415758133,Low,0,0.0,0,0,0,2,0,Subgenre/child under primary genre
Electronic__foot018__Baiao_Lo-fi,E:\SCHOOL\Masters\Capstone_FMA_Project\data\external_audio_batch\Electronic\Electronic__foot018__Baiao_Lo-fi.mp3,2,genre_2,International,0.06288044899702072,0.09544290602207184,Low,0,0.0,0,0,0,2,0,Secondary associated genre
Electronic__foot018__Baiao_Lo-fi,E:\SCHOOL\Masters\Capstone_FMA_Project\data\external_audio_batch\Electronic\Electronic__foot018__Baiao_Lo-fi.mp3,107,genre_107,Ambient,0.06160739064216614,0.14859090745449066,Low,0,0.0,0,0,1,2,0,Secondary associated genre
Electronic__foot018__Baiao_Lo-fi,E:\SCHOOL\Masters\Capstone_FMA_Project\data\external_audio_batch\Electronic\Electronic__foot018__Baiao_Lo-fi.mp3,76,genre_76,Experimental Pop,0.05894618481397629,0.11757539957761765,Low,0,0.0,0,0,0,2,0,Secondary associated genre
Electronic__foot018__Baiao_Lo-fi,E:\SCHOOL\Masters\Capstone_FMA_Project\data\external_audio_batch\Electronic\Electronic__foot018__Baiao_Lo-fi.mp3,27,genre_27,Lo-Fi,0.05891059711575508,0.1552116423845291,Low,0,0.0,0,0,0,2,0,Secondary associated genre
Experimental__pcr089EmilDavydov-Sketches__Sketch_No.3,E:\SCHOOL\Masters\Capstone_FMA_Project\data\external_audio_batch\Experimental\Experimental__pcr089EmilDavydov-Sketches__Sketch_No.3.mp3,12,genre_12,Rock,0.4398421049118042,0.5563324689865112,Low-to-moderate,8,1.0,3,8,8,2,1,Primary genre
Experimental__pcr089EmilDavydov-Sketches__Sketch_No.3,E:\SCHOOL\Masters\Capstone_FMA_Project\data\external_audio_batch\Experimental\Experimental__pcr089EmilDavydov-Sketches__Sketch_No.3.mp3,38,genre_38,Experimental,0.40898457169532776,0.47365543246269226,Low-to-moderate,8,1.0,5,8,8,2,1,Secondary associated genre
Experimental__pcr089EmilDavydov-Sketches__Sketch_No.3,E:\SCHOOL\Masters\Capstone_FMA_Project\data\external_audio_batch\Experimental\Experimental__pcr089EmilDavydov-Sketches__Sketch_No.3.mp3,17,genre_17,Folk,0.22900885343551636,0.29343751072883606,Low,6,0.75,0,6,8,2,1,Secondary associated genre
Experimental__pcr089EmilDavydov-Sketches__Sketch_No.3,E:\SCHOOL\Masters\Capstone_FMA_Project\data\external_audio_batch\Experimental\Experimental__pcr089EmilDavydov-Sketches__Sketch_No.3.mp3,15,genre_15,Electronic,0.21295464038848877,0.2738412916660309,Low,4,0.5,0,2,8,2,1,Secondary associated genre
Experimental__pcr089EmilDavydov-Sketches__Sketch_No.3,E:\SCHOOL\Masters\Capstone_FMA_Project\data\external_audio_batch\Experimental\Experimental__pcr089EmilDavydov-Sketches__Sketch_No.3.mp3,1235,genre_1235,Instrumental,0.16646692156791687,0.2255745530128479,Low,1,0.125,0,0,5,2,0,Secondary associated genre
Experimental__pcr089EmilDavydov-Sketches__Sketch_No.3,E:\SCHOOL\Masters\Capstone_FMA_Project\data\external_audio_batch\Experimental\Experimental__pcr089EmilDavydov-Sketches__Sketch_No.3.mp3,10,genre_10,Pop,0.15693345665931702,0.23527121543884277,Low,2,0.25,0,0,3,2,0,Secondary associated genre
Experimental__pcr089EmilDavydov-Sketches__Sketch_No.3,E:\SCHOOL\Masters\Capstone_FMA_Project\data\external_audio_batch\Experimental\Experimental__pcr089EmilDavydov-Sketches__Sketch_No.3.mp3,250,genre_250,Improv,0.10059508681297302,0.12455201148986816,Low,0,0.0,0,0,0,2,0,Secondary associated genre
Experimental__pcr089EmilDavydov-Sketches__Sketch_No.3,E:\SCHOOL\Masters\Capstone_FMA_Project\data\external_audio_batch\Experimental\Experimental__pcr089EmilDavydov-Sketches__Sketch_No.3.mp3,25,genre_25,Punk,0.09658557176589966,0.12344971299171448,Low,0,0.0,0,0,0,2,0,Subgenre/child under primary genre
Experimental__pcr089EmilDavydov-Sketches__Sketch_No.3,E:\SCHOOL\Masters\Capstone_FMA_Project\data\external_audio_batch\Experimental\Experimental__pcr089EmilDavydov-Sketches__Sketch_No.3.mp3,66,genre_66,Indie-Rock,0.08903603255748749,0.1386813372373581,Low,0,0.0,0,0,0,2,0,Subgenre/child under primary genre
Experimental__pcr089EmilDavydov-Sketches__Sketch_No.3,E:\SCHOOL\Masters\Capstone_FMA_Project\data\external_audio_batch\Experimental\Experimental__pcr089EmilDavydov-Sketches__Sketch_No.3.mp3,1,genre_1,Avant-Garde,0.08742423355579376,0.10907188057899475,Low,0,0.0,0,0,0,2,0,Secondary associated genre
Experimental__pcr089EmilDavydov-Sketches__Sketch_No.3,E:\SCHOOL\Masters\Capstone_FMA_Project\data\external_audio_batch\Experimental\Experimental__pcr089EmilDavydov-Sketches__Sketch_No.3.mp3,4,genre_4,Jazz,0.07934104651212692,0.0896679013967514,Low,0,0.0,0,0,0,2,0,Secondary associated genre
Experimental__pcr089EmilDavydov-Sketches__Sketch_No.3,E:\SCHOOL\Masters\Capstone_FMA_Project\data\external_audio_batch\Experimental\Experimental__pcr089EmilDavydov-Sketches__Sketch_No.3.mp3,76,genre_76,Experimental Pop,0.06891772150993347,0.08603575825691223,Low,0,0.0,0,0,0,2,0,Secondary associated genre
Experimental__pcr089EmilDavydov-Sketches__Sketch_No.3,E:\SCHOOL\Masters\Capstone_FMA_Project\data\external_audio_batch\Experimental\Experimental__pcr089EmilDavydov-Sketches__Sketch_No.3.mp3,107,genre_107,Ambient,0.06789252161979675,0.09546630829572678,Low,0,0.0,0,0,0,2,0,Secondary associated genre
Experimental__pcr089EmilDavydov-Sketches__Sketch_No.3,E:\SCHOOL\Masters\Capstone_FMA_Project\data\external_audio_batch\Experimental\Experimental__pcr089EmilDavydov-Sketches__Sketch_No.3.mp3,27,genre_27,Lo-Fi,0.06703902781009674,0.07715820521116257,Low,0,0.0,0,0,0,2,0,Subgenre/child under primary genre
Experimental__pcr089EmilDavydov-Sketches__Sketch_No.3,E:\SCHOOL\Masters\Capstone_FMA_Project\data\external_audio_batch\Experimental\Experimental__pcr089EmilDavydov-Sketches__Sketch_No.3.mp3,103,genre_103,Singer-Songwriter,0.0633944571018219,0.08709786832332611,Low,0,0.0,0,0,0,2,0,Secondary associated genre
Experimental__PoodleplayArkestra-TheoryOfColour__Theory_Of_Colour,E:\SCHOOL\Masters\Capstone_FMA_Project\data\external_audio_batch\Experimental\Experimental__PoodleplayArkestra-TheoryOfColour__Theory_Of_Colour.mp3,38,genre_38,Experimental,0.4940698444843292,0.6142376065254211,Low-to-moderate,8,1.0,8,8,8,2,1,Primary genre
Experimental__PoodleplayArkestra-TheoryOfColour__Theory_Of_Colour,E:\SCHOOL\Masters\Capstone_FMA_Project\data\external_audio_batch\Experimental\Experimental__PoodleplayArkestra-TheoryOfColour__Theory_Of_Colour.mp3,17,genre_17,Folk,0.27480122447013855,0.3208428621292114,Low,8,1.0,0,7,8,2,1,Secondary associated genre
Experimental__PoodleplayArkestra-TheoryOfColour__Theory_Of_Colour,E:\SCHOOL\Masters\Capstone_FMA_Project\data\external_audio_batch\Experimental\Experimental__PoodleplayArkestra-TheoryOfColour__Theory_Of_Colour.mp3,1235,genre_1235,Instrumental,0.26140153408050537,0.3374936282634735,Low,7,0.875,0,6,8,2,1,Secondary associated genre
Experimental__PoodleplayArkestra-TheoryOfColour__Theory_Of_Colour,E:\SCHOOL\Masters\Capstone_FMA_Project\data\external_audio_batch\Experimental\Experimental__PoodleplayArkestra-TheoryOfColour__Theory_Of_Colour.mp3,12,genre_12,Rock,0.20329168438911438,0.24156472086906433,Low,4,0.5,0,2,5,2,1,Secondary associated genre
Experimental__PoodleplayArkestra-TheoryOfColour__Theory_Of_Colour,E:\SCHOOL\Masters\Capstone_FMA_Project\data\external_audio_batch\Experimental\Experimental__PoodleplayArkestra-TheoryOfColour__Theory_Of_Colour.mp3,15,genre_15,Electronic,0.20218390226364136,0.2282184213399887,Low,5,0.625,0,1,6,2,1,Secondary associated genre
Experimental__PoodleplayArkestra-TheoryOfColour__Theory_Of_Colour,E:\SCHOOL\Masters\Capstone_FMA_Project\data\external_audio_batch\Experimental\Experimental__PoodleplayArkestra-TheoryOfColour__Theory_Of_Colour.mp3,5,genre_5,Classical,0.18082010746002197,0.2854709327220917,Low,4,0.5,0,0,4,2,0,Secondary associated genre
Experimental__PoodleplayArkestra-TheoryOfColour__Theory_Of_Colour,E:\SCHOOL\Masters\Capstone_FMA_Project\data\external_audio_batch\Experimental\Experimental__PoodleplayArkestra-TheoryOfColour__Theory_Of_Colour.mp3,107,genre_107,Ambient,0.12217456847429276,0.1855010837316513,Low,0,0.0,0,0,0,2,0,Secondary associated genre
Experimental__PoodleplayArkestra-TheoryOfColour__Theory_Of_Colour,E:\SCHOOL\Masters\Capstone_FMA_Project\data\external_audio_batch\Experimental\Experimental__PoodleplayArkestra-TheoryOfColour__Theory_Of_Colour.mp3,10,genre_10,Pop,0.11879604309797287,0.14392919838428497,Low,0,0.0,0,0,0,2,0,Secondary associated genre
Experimental__PoodleplayArkestra-TheoryOfColour__Theory_Of_Colour,E:\SCHOOL\Masters\Capstone_FMA_Project\data\external_audio_batch\Experimental\Experimental__PoodleplayArkestra-TheoryOfColour__Theory_Of_Colour.mp3,18,genre_18,Soundtrack,0.11616789549589157,0.15861345827579498,Low,0,0.0,0,0,0,2,0,Secondary associated genre
Experimental__PoodleplayArkestra-TheoryOfColour__Theory_Of_Colour,E:\SCHOOL\Masters\Capstone_FMA_Project\data\external_audio_batch\Experimental\Experimental__PoodleplayArkestra-TheoryOfColour__Theory_Of_Colour.mp3,1,genre_1,Avant-Garde,0.10870859026908875,0.17840567231178284,Low,0,0.0,0,0,0,2,0,Subgenre/child under primary genre
Experimental__PoodleplayArkestra-TheoryOfColour__Theory_Of_Colour,E:\SCHOOL\Masters\Capstone_FMA_Project\data\external_audio_batch\Experimental\Experimental__PoodleplayArkestra-TheoryOfColour__Theory_Of_Colour.mp3,250,genre_250,Improv,0.10171693563461304,0.21193668246269226,Low,1,0.125,0,0,1,2,0,Subgenre/child under primary genre
Experimental__PoodleplayArkestra-TheoryOfColour__Theory_Of_Colour,E:\SCHOOL\Masters\Capstone_FMA_Project\data\external_audio_batch\Experimental\Experimental__PoodleplayArkestra-TheoryOfColour__Theory_Of_Colour.mp3,27,genre_27,Lo-Fi,0.08145012706518173,0.09439587593078613,Low,0,0.0,0,0,0,2,0,Secondary associated genre
Experimental__PoodleplayArkestra-TheoryOfColour__Theory_Of_Colour,E:\SCHOOL\Masters\Capstone_FMA_Project\data\external_audio_batch\Experimental\Experimental__PoodleplayArkestra-TheoryOfColour__Theory_Of_Colour.mp3,76,genre_76,Experimental Pop,0.0727873295545578,0.08141566812992096,Low,0,0.0,0,0,0,2,0,Secondary associated genre
Experimental__PoodleplayArkestra-TheoryOfColour__Theory_Of_Colour,E:\SCHOOL\Masters\Capstone_FMA_Project\data\external_audio_batch\Experimental\Experimental__PoodleplayArkestra-TheoryOfColour__Theory_Of_Colour.mp3,4,genre_4,Jazz,0.07108268141746521,0.08207225799560547,Low,0,0.0,0,0,0,2,0,Secondary associated genre
Experimental__PoodleplayArkestra-TheoryOfColour__Theory_Of_Colour,E:\SCHOOL\Masters\Capstone_FMA_Project\data\external_audio_batch\Experimental\Experimental__PoodleplayArkestra-TheoryOfColour__Theory_Of_Colour.mp3,2,genre_2,International,0.06431615352630615,0.07291694730520248,Low,0,0.0,0,0,0,2,0,Secondary associated genre
Experimental__ca446_opa__04_-_Russian_State_Museum_s_Lottery,E:\SCHOOL\Masters\Capstone_FMA_Project\data\external_audio_batch\Experimental\Experimental__ca446_opa__04_-_Russian_State_Museum_s_Lottery.mp3,12,genre_12,Rock,0.4106154143810272,0.4945547878742218,Low-to-moderate,8,1.0,5,8,8,2,1,Primary genre
Experimental__ca446_opa__04_-_Russian_State_Museum_s_Lottery,E:\SCHOOL\Masters\Capstone_FMA_Project\data\external_audio_batch\Experimental\Experimental__ca446_opa__04_-_Russian_State_Museum_s_Lottery.mp3,38,genre_38,Experimental,0.35014528036117554,0.5498716831207275,Low-to-moderate,7,0.875,2,7,8,2,1,Secondary associated genre
Experimental__ca446_opa__04_-_Russian_State_Museum_s_Lottery,E:\SCHOOL\Masters\Capstone_FMA_Project\data\external_audio_batch\Experimental\Experimental__ca446_opa__04_-_Russian_State_Museum_s_Lottery.mp3,15,genre_15,Electronic,0.22522985935211182,0.3939380347728729,Low,5,0.625,1,3,6,2,1,Secondary associated genre
Experimental__ca446_opa__04_-_Russian_State_Museum_s_Lottery,E:\SCHOOL\Masters\Capstone_FMA_Project\data\external_audio_batch\Experimental\Experimental__ca446_opa__04_-_Russian_State_Museum_s_Lottery.mp3,10,genre_10,Pop,0.1933290958404541,0.28711074590682983,Low,3,0.375,0,1,3,2,0,Secondary associated genre
Experimental__ca446_opa__04_-_Russian_State_Museum_s_Lottery,E:\SCHOOL\Masters\Capstone_FMA_Project\data\external_audio_batch\Experimental\Experimental__ca446_opa__04_-_Russian_State_Museum_s_Lottery.mp3,25,genre_25,Punk,0.15080371499061584,0.2305278182029724,Low,1,0.125,0,2,4,2,0,Subgenre/child under primary genre
Experimental__ca446_opa__04_-_Russian_State_Museum_s_Lottery,E:\SCHOOL\Masters\Capstone_FMA_Project\data\external_audio_batch\Experimental\Experimental__ca446_opa__04_-_Russian_State_Museum_s_Lottery.mp3,21,genre_21,Hip-Hop,0.15078194439411163,0.2840059995651245,Low,1,0.125,0,1,5,2,0,Secondary associated genre
Experimental__ca446_opa__04_-_Russian_State_Museum_s_Lottery,E:\SCHOOL\Masters\Capstone_FMA_Project\data\external_audio_batch\Experimental\Experimental__ca446_opa__04_-_Russian_State_Museum_s_Lottery.mp3,2,genre_2,International,0.11508537828922272,0.13311052322387695,Low,0,0.0,0,0,0,2,0,Secondary associated genre
Experimental__ca446_opa__04_-_Russian_State_Museum_s_Lottery,E:\SCHOOL\Masters\Capstone_FMA_Project\data\external_audio_batch\Experimental\Experimental__ca446_opa__04_-_Russian_State_Museum_s_Lottery.mp3,17,genre_17,Folk,0.10729260742664337,0.2990604043006897,Low,1,0.125,0,2,2,2,0,Secondary associated genre
Experimental__ca446_opa__04_-_Russian_State_Museum_s_Lottery,E:\SCHOOL\Masters\Capstone_FMA_Project\data\external_audio_batch\Experimental\Experimental__ca446_opa__04_-_Russian_State_Museum_s_Lottery.mp3,76,genre_76,Experimental Pop,0.09730710834264755,0.1284761279821396,Low,0,0.0,0,0,0,2,0,Secondary associated genre
Experimental__ca446_opa__04_-_Russian_State_Museum_s_Lottery,E:\SCHOOL\Masters\Capstone_FMA_Project\data\external_audio_batch\Experimental\Experimental__ca446_opa__04_-_Russian_State_Museum_s_Lottery.mp3,27,genre_27,Lo-Fi,0.08187887072563171,0.15764600038528442,Low,0,0.0,0,0,2,2,0,Subgenre/child under primary genre
Experimental__ca446_opa__04_-_Russian_State_Museum_s_Lottery,E:\SCHOOL\Masters\Capstone_FMA_Project\data\external_audio_batch\Experimental\Experimental__ca446_opa__04_-_Russian_State_Museum_s_Lottery.mp3,1,genre_1,Avant-Garde,0.07546292245388031,0.18576601147651672,Low,0,0.0,0,0,2,2,0,Secondary associated genre
Experimental__ca446_opa__04_-_Russian_State_Museum_s_Lottery,E:\SCHOOL\Masters\Capstone_FMA_Project\data\external_audio_batch\Experimental\Experimental__ca446_opa__04_-_Russian_State_Museum_s_Lottery.mp3,250,genre_250,Improv,0.05215274170041084,0.12532401084899902,Low,0,0.0,0,0,0,2,0,Secondary associated genre
Experimental__ca446_opa__04_-_Russian_State_Museum_s_Lottery,E:\SCHOOL\Masters\Capstone_FMA_Project\data\external_audio_batch\Experimental\Experimental__ca446_opa__04_-_Russian_State_Museum_s_Lottery.mp3,85,genre_85,Garage,0.04921543225646019,0.06642470508813858,Low,0,0.0,0,0,0,2,0,Subgenre/child under primary genre
Experimental__ca446_opa__04_-_Russian_State_Museum_s_Lottery,E:\SCHOOL\Masters\Capstone_FMA_Project\data\external_audio_batch\Experimental\Experimental__ca446_opa__04_-_Russian_State_Museum_s_Lottery.mp3,32,genre_32,Noise,0.04496312513947487,0.0796862244606018,Low,0,0.0,0,0,0,2,0,Secondary associated genre
Experimental__ca446_opa__04_-_Russian_State_Museum_s_Lottery,E:\SCHOOL\Masters\Capstone_FMA_Project\data\external_audio_batch\Experimental\Experimental__ca446_opa__04_-_Russian_State_Museum_s_Lottery.mp3,20,genre_20,Spoken,0.04290790110826492,0.12302698194980621,Low,0,0.0,0,0,0,2,0,Secondary associated genre
Experimental__AlbumInADayVol4__Summer_Breeze,E:\SCHOOL\Masters\Capstone_FMA_Project\data\external_audio_batch\Experimental\Experimental__AlbumInADayVol4__Summer_Breeze.mp3,38,genre_38,Experimental,0.550025224685669,0.6819261312484741,Moderate,8,1.0,6,8,8,2,1,Primary genre
Experimental__AlbumInADayVol4__Summer_Breeze,E:\SCHOOL\Masters\Capstone_FMA_Project\data\external_audio_batch\Experimental\Experimental__AlbumInADayVol4__Summer_Breeze.mp3,15,genre_15,Electronic,0.3771444261074066,0.595038890838623,Low-to-moderate,6,0.75,1,7,7,2,1,Secondary associated genre
Experimental__AlbumInADayVol4__Summer_Breeze,E:\SCHOOL\Masters\Capstone_FMA_Project\data\external_audio_batch\Experimental\Experimental__AlbumInADayVol4__Summer_Breeze.mp3,12,genre_12,Rock,0.2971784472465515,0.5549237728118896,Low,8,1.0,1,5,8,2,1,Secondary associated genre
Experimental__AlbumInADayVol4__Summer_Breeze,E:\SCHOOL\Masters\Capstone_FMA_Project\data\external_audio_batch\Experimental\Experimental__AlbumInADayVol4__Summer_Breeze.mp3,1235,genre_1235,Instrumental,0.21848450601100922,0.2928180694580078,Low,5,0.625,0,3,6,2,1,Secondary associated genre
Experimental__AlbumInADayVol4__Summer_Breeze,E:\SCHOOL\Masters\Capstone_FMA_Project\data\external_audio_batch\Experimental\Experimental__AlbumInADayVol4__Summer_Breeze.mp3,17,genre_17,Folk,0.16130781173706055,0.5356317758560181,Low,1,0.125,0,1,2,2,0,Secondary associated genre
Experimental__AlbumInADayVol4__Summer_Breeze,E:\SCHOOL\Masters\Capstone_FMA_Project\data\external_audio_batch\Experimental\Experimental__AlbumInADayVol4__Summer_Breeze.mp3,107,genre_107,Ambient,0.14420610666275024,0.19579097628593445,Low,0,0.0,0,0,5,2,0,Secondary associated genre
Experimental__AlbumInADayVol4__Summer_Breeze,E:\SCHOOL\Masters\Capstone_FMA_Project\data\external_audio_batch\Experimental\Experimental__AlbumInADayVol4__Summer_Breeze.mp3,10,genre_10,Pop,0.11968876421451569,0.18758969008922577,Low,0,0.0,0,0,1,2,0,Secondary associated genre
Experimental__AlbumInADayVol4__Summer_Breeze,E:\SCHOOL\Masters\Capstone_FMA_Project\data\external_audio_batch\Experimental\Experimental__AlbumInADayVol4__Summer_Breeze.mp3,1,genre_1,Avant-Garde,0.10669330507516861,0.17122036218643188,Low,0,0.0,0,0,1,2,0,Subgenre/child under primary genre
Experimental__AlbumInADayVol4__Summer_Breeze,E:\SCHOOL\Masters\Capstone_FMA_Project\data\external_audio_batch\Experimental\Experimental__AlbumInADayVol4__Summer_Breeze.mp3,41,genre_41,Electroacoustic,0.10111702978610992,0.15481166541576385,Low,0,0.0,0,0,0,2,0,Subgenre/child under primary genre
Experimental__AlbumInADayVol4__Summer_Breeze,E:\SCHOOL\Masters\Capstone_FMA_Project\data\external_audio_batch\Experimental\Experimental__AlbumInADayVol4__Summer_Breeze.mp3,32,genre_32,Noise,0.08344553411006927,0.11082586646080017,Low,0,0.0,0,0,0,2,0,Subgenre/child under primary genre
Experimental__AlbumInADayVol4__Summer_Breeze,E:\SCHOOL\Masters\Capstone_FMA_Project\data\external_audio_batch\Experimental\Experimental__AlbumInADayVol4__Summer_Breeze.mp3,42,genre_42,Ambient Electronic,0.08180006593465805,0.14311999082565308,Low,0,0.0,0,0,0,2,0,Secondary associated genre
Experimental__AlbumInADayVol4__Summer_Breeze,E:\SCHOOL\Masters\Capstone_FMA_Project\data\external_audio_batch\Experimental\Experimental__AlbumInADayVol4__Summer_Breeze.mp3,250,genre_250,Improv,0.07791712880134583,0.19016632437705994,Low,0,0.0,0,0,1,2,0,Subgenre/child under primary genre
Experimental__AlbumInADayVol4__Summer_Breeze,E:\SCHOOL\Masters\Capstone_FMA_Project\data\external_audio_batch\Experimental\Experimental__AlbumInADayVol4__Summer_Breeze.mp3,27,genre_27,Lo-Fi,0.06815531849861145,0.1394302397966385,Low,0,0.0,0,0,0,2,0,Secondary associated genre
Experimental__AlbumInADayVol4__Summer_Breeze,E:\SCHOOL\Masters\Capstone_FMA_Project\data\external_audio_batch\Experimental\Experimental__AlbumInADayVol4__Summer_Breeze.mp3,18,genre_18,Soundtrack,0.059861086308956146,0.09393347054719925,Low,0,0.0,0,0,0,2,0,Secondary associated genre
Experimental__AlbumInADayVol4__Summer_Breeze,E:\SCHOOL\Masters\Capstone_FMA_Project\data\external_audio_batch\Experimental\Experimental__AlbumInADayVol4__Summer_Breeze.mp3,76,genre_76,Experimental Pop,0.05856100469827652,0.08154714107513428,Low,0,0.0,0,0,0,2,0,Secondary associated genre
Experimental__ca350_g__sh-dah,E:\SCHOOL\Masters\Capstone_FMA_Project\data\external_audio_batch\Experimental\Experimental__ca350_g__sh-dah.mp3,38,genre_38,Experimental,0.5654857158660889,0.8152782320976257,Moderate,8,1.0,5,8,8,2,1,Primary genre
Experimental__ca350_g__sh-dah,E:\SCHOOL\Masters\Capstone_FMA_Project\data\external_audio_batch\Experimental\Experimental__ca350_g__sh-dah.mp3,12,genre_12,Rock,0.3866015672683716,0.7468996047973633,Low-to-moderate,4,0.5,3,6,6,2,1,Secondary associated genre
Experimental__ca350_g__sh-dah,E:\SCHOOL\Masters\Capstone_FMA_Project\data\external_audio_batch\Experimental\Experimental__ca350_g__sh-dah.mp3,15,genre_15,Electronic,0.18871912360191345,0.3296944797039032,Low,3,0.375,0,4,5,2,0,Secondary associated genre
Experimental__ca350_g__sh-dah,E:\SCHOOL\Masters\Capstone_FMA_Project\data\external_audio_batch\Experimental\Experimental__ca350_g__sh-dah.mp3,25,genre_25,Punk,0.13425737619400024,0.30097833275794983,Low,3,0.375,0,3,3,2,0,Secondary associated genre
Experimental__ca350_g__sh-dah,E:\SCHOOL\Masters\Capstone_FMA_Project\data\external_audio_batch\Experimental\Experimental__ca350_g__sh-dah.mp3,1235,genre_1235,Instrumental,0.13274171948432922,0.23751838505268097,Low,2,0.25,0,2,4,2,0,Secondary associated genre
Experimental__ca350_g__sh-dah,E:\SCHOOL\Masters\Capstone_FMA_Project\data\external_audio_batch\Experimental\Experimental__ca350_g__sh-dah.mp3,1,genre_1,Avant-Garde,0.11769574135541916,0.18462546169757843,Low,0,0.0,0,0,3,2,0,Subgenre/child under primary genre
Experimental__ca350_g__sh-dah,E:\SCHOOL\Masters\Capstone_FMA_Project\data\external_audio_batch\Experimental\Experimental__ca350_g__sh-dah.mp3,17,genre_17,Folk,0.11509141325950623,0.1933048963546753,Low,0,0.0,0,0,3,2,0,Secondary associated genre
Experimental__ca350_g__sh-dah,E:\SCHOOL\Masters\Capstone_FMA_Project\data\external_audio_batch\Experimental\Experimental__ca350_g__sh-dah.mp3,10,genre_10,Pop,0.10550451278686523,0.21864689886569977,Low,1,0.125,0,0,3,2,0,Secondary associated genre
Experimental__ca350_g__sh-dah,E:\SCHOOL\Masters\Capstone_FMA_Project\data\external_audio_batch\Experimental\Experimental__ca350_g__sh-dah.mp3,32,genre_32,Noise,0.10147323459386826,0.18031996488571167,Low,0,0.0,0,0,1,2,0,Subgenre/child under primary genre
Experimental__ca350_g__sh-dah,E:\SCHOOL\Masters\Capstone_FMA_Project\data\external_audio_batch\Experimental\Experimental__ca350_g__sh-dah.mp3,250,genre_250,Improv,0.10057000815868378,0.17950691282749176,Low,0,0.0,0,1,1,2,0,Subgenre/child under primary genre
Experimental__ca350_g__sh-dah,E:\SCHOOL\Masters\Capstone_FMA_Project\data\external_audio_batch\Experimental\Experimental__ca350_g__sh-dah.mp3,41,genre_41,Electroacoustic,0.09797240048646927,0.20234134793281555,Low,1,0.125,0,0,2,2,0,Subgenre/child under primary genre
Experimental__ca350_g__sh-dah,E:\SCHOOL\Masters\Capstone_FMA_Project\data\external_audio_batch\Experimental\Experimental__ca350_g__sh-dah.mp3,107,genre_107,Ambient,0.07732999324798584,0.17445749044418335,Low,0,0.0,0,0,1,2,0,Secondary associated genre
Experimental__ca350_g__sh-dah,E:\SCHOOL\Masters\Capstone_FMA_Project\data\external_audio_batch\Experimental\Experimental__ca350_g__sh-dah.mp3,27,genre_27,Lo-Fi,0.07421822100877762,0.13736963272094727,Low,0,0.0,0,0,0,2,0,Secondary associated genre
Experimental__ca350_g__sh-dah,E:\SCHOOL\Masters\Capstone_FMA_Project\data\external_audio_batch\Experimental\Experimental__ca350_g__sh-dah.mp3,85,genre_85,Garage,0.05933617427945137,0.14467252790927887,Low,0,0.0,0,0,0,2,0,Secondary associated genre
Experimental__ca350_g__sh-dah,E:\SCHOOL\Masters\Capstone_FMA_Project\data\external_audio_batch\Experimental\Experimental__ca350_g__sh-dah.mp3,30,genre_30,Field Recordings,0.05778871476650238,0.10255809873342514,Low,0,0.0,0,0,0,2,0,Subgenre/child under primary genre
Experimental__mz001_Mademoi_Selle__Himitsu,E:\SCHOOL\Masters\Capstone_FMA_Project\data\external_audio_batch\Experimental\Experimental__mz001_Mademoi_Selle__Himitsu.mp3,12,genre_12,Rock,0.5199805498123169,0.6079991459846497,Moderate,8,1.0,6,8,8,2,1,Primary genre
Experimental__mz001_Mademoi_Selle__Himitsu,E:\SCHOOL\Masters\Capstone_FMA_Project\data\external_audio_batch\Experimental\Experimental__mz001_Mademoi_Selle__Himitsu.mp3,38,genre_38,Experimental,0.38847318291664124,0.542952299118042,Low-to-moderate,8,1.0,2,8,8,2,1,Secondary associated genre
Experimental__mz001_Mademoi_Selle__Himitsu,E:\SCHOOL\Masters\Capstone_FMA_Project\data\external_audio_batch\Experimental\Experimental__mz001_Mademoi_Selle__Himitsu.mp3,17,genre_17,Folk,0.16687262058258057,0.30066999793052673,Low,3,0.375,0,3,4,2,0,Secondary associated genre
Experimental__mz001_Mademoi_Selle__Himitsu,E:\SCHOOL\Masters\Capstone_FMA_Project\data\external_audio_batch\Experimental\Experimental__mz001_Mademoi_Selle__Himitsu.mp3,15,genre_15,Electronic,0.15541160106658936,0.2349136471748352,Low,1,0.125,0,2,7,2,0,Secondary associated genre
Experimental__mz001_Mademoi_Selle__Himitsu,E:\SCHOOL\Masters\Capstone_FMA_Project\data\external_audio_batch\Experimental\Experimental__mz001_Mademoi_Selle__Himitsu.mp3,25,genre_25,Punk,0.15048906207084656,0.2111712396144867,Low,2,0.25,0,3,5,2,0,Subgenre/child under primary genre
Experimental__mz001_Mademoi_Selle__Himitsu,E:\SCHOOL\Masters\Capstone_FMA_Project\data\external_audio_batch\Experimental\Experimental__mz001_Mademoi_Selle__Himitsu.mp3,10,genre_10,Pop,0.14641769230365753,0.21386604011058807,Low,2,0.25,0,0,5,2,0,Secondary associated genre
Experimental__mz001_Mademoi_Selle__Himitsu,E:\SCHOOL\Masters\Capstone_FMA_Project\data\external_audio_batch\Experimental\Experimental__mz001_Mademoi_Selle__Himitsu.mp3,1235,genre_1235,Instrumental,0.10589385032653809,0.19487693905830383,Low,0,0.0,0,0,1,2,0,Secondary associated genre
Experimental__mz001_Mademoi_Selle__Himitsu,E:\SCHOOL\Masters\Capstone_FMA_Project\data\external_audio_batch\Experimental\Experimental__mz001_Mademoi_Selle__Himitsu.mp3,250,genre_250,Improv,0.09121911972761154,0.11881805956363678,Low,0,0.0,0,0,2,2,0,Secondary associated genre
Experimental__mz001_Mademoi_Selle__Himitsu,E:\SCHOOL\Masters\Capstone_FMA_Project\data\external_audio_batch\Experimental\Experimental__mz001_Mademoi_Selle__Himitsu.mp3,66,genre_66,Indie-Rock,0.07304605096578598,0.12085355818271637,Low,0,0.0,0,0,0,2,0,Subgenre/child under primary genre
Experimental__mz001_Mademoi_Selle__Himitsu,E:\SCHOOL\Masters\Capstone_FMA_Project\data\external_audio_batch\Experimental\Experimental__mz001_Mademoi_Selle__Himitsu.mp3,1,genre_1,Avant-Garde,0.07212010771036148,0.10604449361562729,Low,0,0.0,0,0,0,2,0,Secondary associated genre
Experimental__mz001_Mademoi_Selle__Himitsu,E:\SCHOOL\Masters\Capstone_FMA_Project\data\external_audio_batch\Experimental\Experimental__mz001_Mademoi_Selle__Himitsu.mp3,4,genre_4,Jazz,0.06275231391191483,0.08975466340780258,Low,0,0.0,0,0,0,2,0,Secondary associated genre
Experimental__mz001_Mademoi_Selle__Himitsu,E:\SCHOOL\Masters\Capstone_FMA_Project\data\external_audio_batch\Experimental\Experimental__mz001_Mademoi_Selle__Himitsu.mp3,85,genre_85,Garage,0.06184177100658417,0.08802375197410583,Low,0,0.0,0,0,0,2,0,Subgenre/child under primary genre
Experimental__mz001_Mademoi_Selle__Himitsu,E:\SCHOOL\Masters\Capstone_FMA_Project\data\external_audio_batch\Experimental\Experimental__mz001_Mademoi_Selle__Himitsu.mp3,76,genre_76,Experimental Pop,0.05880814045667648,0.08393562585115433,Low,0,0.0,0,0,0,2,0,Secondary associated genre
Experimental__mz001_Mademoi_Selle__Himitsu,E:\SCHOOL\Masters\Capstone_FMA_Project\data\external_audio_batch\Experimental\Experimental__mz001_Mademoi_Selle__Himitsu.mp3,27,genre_27,Lo-Fi,0.05571983382105827,0.0947098657488823,Low,0,0.0,0,0,0,2,0,Subgenre/child under primary genre
Experimental__mz001_Mademoi_Selle__Himitsu,E:\SCHOOL\Masters\Capstone_FMA_Project\data\external_audio_batch\Experimental\Experimental__mz001_Mademoi_Selle__Himitsu.mp3,2,genre_2,International,0.05363650992512703,0.07394196093082428,Low,0,0.0,0,0,0,2,0,Secondary associated genre
Experimental__tpd074__08_Grow_Up_Lamestream_Turd_Burglers,E:\SCHOOL\Masters\Capstone_FMA_Project\data\external_audio_batch\Experimental\Experimental__tpd074__08_Grow_Up_Lamestream_Turd_Burglers.ogg,38,genre_38,Experimental,0.5323439240455627,0.8460801243782043,Moderate,8,1.0,5,7,8,2,1,Primary genre
Experimental__tpd074__08_Grow_Up_Lamestream_Turd_Burglers,E:\SCHOOL\Masters\Capstone_FMA_Project\data\external_audio_batch\Experimental\Experimental__tpd074__08_Grow_Up_Lamestream_Turd_Burglers.ogg,15,genre_15,Electronic,0.39305374026298523,0.5127209424972534,Low-to-moderate,8,1.0,3,8,8,2,1,Secondary associated genre
Experimental__tpd074__08_Grow_Up_Lamestream_Turd_Burglers,E:\SCHOOL\Masters\Capstone_FMA_Project\data\external_audio_batch\Experimental\Experimental__tpd074__08_Grow_Up_Lamestream_Turd_Burglers.ogg,12,genre_12,Rock,0.23908358812332153,0.3594174087047577,Low,5,0.625,0,4,8,2,1,Secondary associated genre
Experimental__tpd074__08_Grow_Up_Lamestream_Turd_Burglers,E:\SCHOOL\Masters\Capstone_FMA_Project\data\external_audio_batch\Experimental\Experimental__tpd074__08_Grow_Up_Lamestream_Turd_Burglers.ogg,21,genre_21,Hip-Hop,0.19455711543560028,0.42961105704307556,Low,4,0.5,0,3,5,2,0,Secondary associated genre
Experimental__tpd074__08_Grow_Up_Lamestream_Turd_Burglers,E:\SCHOOL\Masters\Capstone_FMA_Project\data\external_audio_batch\Experimental\Experimental__tpd074__08_Grow_Up_Lamestream_Turd_Burglers.ogg,1235,genre_1235,Instrumental,0.11760181188583374,0.1697007417678833,Low,0,0.0,0,0,3,2,0,Secondary associated genre
Experimental__tpd074__08_Grow_Up_Lamestream_Turd_Burglers,E:\SCHOOL\Masters\Capstone_FMA_Project\data\external_audio_batch\Experimental\Experimental__tpd074__08_Grow_Up_Lamestream_Turd_Burglers.ogg,32,genre_32,Noise,0.10719671845436096,0.25008949637413025,Low,1,0.125,0,2,2,2,0,Subgenre/child under primary genre
Experimental__tpd074__08_Grow_Up_Lamestream_Turd_Burglers,E:\SCHOOL\Masters\Capstone_FMA_Project\data\external_audio_batch\Experimental\Experimental__tpd074__08_Grow_Up_Lamestream_Turd_Burglers.ogg,10,genre_10,Pop,0.09575203061103821,0.17660965025424957,Low,0,0.0,0,0,3,2,0,Secondary associated genre
Experimental__tpd074__08_Grow_Up_Lamestream_Turd_Burglers,E:\SCHOOL\Masters\Capstone_FMA_Project\data\external_audio_batch\Experimental\Experimental__tpd074__08_Grow_Up_Lamestream_Turd_Burglers.ogg,1,genre_1,Avant-Garde,0.08510404080152512,0.15867240726947784,Low,0,0.0,0,0,2,2,0,Subgenre/child under primary genre
Experimental__tpd074__08_Grow_Up_Lamestream_Turd_Burglers,E:\SCHOOL\Masters\Capstone_FMA_Project\data\external_audio_batch\Experimental\Experimental__tpd074__08_Grow_Up_Lamestream_Turd_Burglers.ogg,41,genre_41,Electroacoustic,0.0786864385008812,0.15712034702301025,Low,0,0.0,0,0,0,2,0,Subgenre/child under primary genre
Experimental__tpd074__08_Grow_Up_Lamestream_Turd_Burglers,E:\SCHOOL\Masters\Capstone_FMA_Project\data\external_audio_batch\Experimental\Experimental__tpd074__08_Grow_Up_Lamestream_Turd_Burglers.ogg,2,genre_2,International,0.06413567811250687,0.08407098054885864,Low,0,0.0,0,0,0,2,0,Secondary associated genre
Experimental__tpd074__08_Grow_Up_Lamestream_Turd_Burglers,E:\SCHOOL\Masters\Capstone_FMA_Project\data\external_audio_batch\Experimental\Experimental__tpd074__08_Grow_Up_Lamestream_Turd_Burglers.ogg,250,genre_250,Improv,0.057041194289922714,0.12706345319747925,Low,0,0.0,0,0,1,2,0,Subgenre/child under primary genre
Experimental__tpd074__08_Grow_Up_Lamestream_Turd_Burglers,E:\SCHOOL\Masters\Capstone_FMA_Project\data\external_audio_batch\Experimental\Experimental__tpd074__08_Grow_Up_Lamestream_Turd_Burglers.ogg,107,genre_107,Ambient,0.05604870989918709,0.10321398824453354,Low,0,0.0,0,0,0,2,0,Secondary associated genre
Experimental__tpd074__08_Grow_Up_Lamestream_Turd_Burglers,E:\SCHOOL\Masters\Capstone_FMA_Project\data\external_audio_batch\Experimental\Experimental__tpd074__08_Grow_Up_Lamestream_Turd_Burglers.ogg,17,genre_17,Folk,0.053398873656988144,0.1252284049987793,Low,0,0.0,0,0,0,2,0,Secondary associated genre
Experimental__tpd074__08_Grow_Up_Lamestream_Turd_Burglers,E:\SCHOOL\Masters\Capstone_FMA_Project\data\external_audio_batch\Experimental\Experimental__tpd074__08_Grow_Up_Lamestream_Turd_Burglers.ogg,76,genre_76,Experimental Pop,0.05273280665278435,0.07366164773702621,Low,0,0.0,0,0,0,2,0,Secondary associated genre
Experimental__tpd074__08_Grow_Up_Lamestream_Turd_Burglers,E:\SCHOOL\Masters\Capstone_FMA_Project\data\external_audio_batch\Experimental\Experimental__tpd074__08_Grow_Up_Lamestream_Turd_Burglers.ogg,25,genre_25,Punk,0.05088437348604202,0.09490858763456345,Low,0,0.0,0,0,0,2,0,Secondary associated genre
Experimental__ca492_ai__Beautiful_Distraction,E:\SCHOOL\Masters\Capstone_FMA_Project\data\external_audio_batch\Experimental\Experimental__ca492_ai__Beautiful_Distraction.mp3,38,genre_38,Experimental,0.38570600748062134,0.6133373379707336,Low-to-moderate,8,1.0,3,7,8,2,1,Primary genre
Experimental__ca492_ai__Beautiful_Distraction,E:\SCHOOL\Masters\Capstone_FMA_Project\data\external_audio_batch\Experimental\Experimental__ca492_ai__Beautiful_Distraction.mp3,12,genre_12,Rock,0.38362160325050354,0.5564512610435486,Low-to-moderate,8,1.0,3,8,8,2,1,Secondary associated genre
Experimental__ca492_ai__Beautiful_Distraction,E:\SCHOOL\Masters\Capstone_FMA_Project\data\external_audio_batch\Experimental\Experimental__ca492_ai__Beautiful_Distraction.mp3,17,genre_17,Folk,0.33388081192970276,0.554373025894165,Low-to-moderate,6,0.75,2,6,6,2,1,Secondary associated genre
Experimental__ca492_ai__Beautiful_Distraction,E:\SCHOOL\Masters\Capstone_FMA_Project\data\external_audio_batch\Experimental\Experimental__ca492_ai__Beautiful_Distraction.mp3,10,genre_10,Pop,0.2253967821598053,0.33388766646385193,Low,7,0.875,0,1,7,2,1,Secondary associated genre
Experimental__ca492_ai__Beautiful_Distraction,E:\SCHOOL\Masters\Capstone_FMA_Project\data\external_audio_batch\Experimental\Experimental__ca492_ai__Beautiful_Distraction.mp3,103,genre_103,Singer-Songwriter,0.14241798222064972,0.35700681805610657,Low,2,0.25,0,1,2,2,0,Secondary associated genre
Experimental__ca492_ai__Beautiful_Distraction,E:\SCHOOL\Masters\Capstone_FMA_Project\data\external_audio_batch\Experimental\Experimental__ca492_ai__Beautiful_Distraction.mp3,27,genre_27,Lo-Fi,0.14087426662445068,0.20363394916057587,Low,1,0.125,0,0,3,2,0,Secondary associated genre
Experimental__ca492_ai__Beautiful_Distraction,E:\SCHOOL\Masters\Capstone_FMA_Project\data\external_audio_batch\Experimental\Experimental__ca492_ai__Beautiful_Distraction.mp3,15,genre_15,Electronic,0.13967213034629822,0.22270292043685913,Low,2,0.25,0,0,3,2,0,Secondary associated genre
Experimental__ca492_ai__Beautiful_Distraction,E:\SCHOOL\Masters\Capstone_FMA_Project\data\external_audio_batch\Experimental\Experimental__ca492_ai__Beautiful_Distraction.mp3,76,genre_76,Experimental Pop,0.10832622647285461,0.13645167648792267,Low,0,0.0,0,0,0,2,0,Secondary associated genre
Experimental__ca492_ai__Beautiful_Distraction,E:\SCHOOL\Masters\Capstone_FMA_Project\data\external_audio_batch\Experimental\Experimental__ca492_ai__Beautiful_Distraction.mp3,1235,genre_1235,Instrumental,0.08812429755926132,0.24567806720733643,Low,1,0.125,0,1,1,2,0,Secondary associated genre
Experimental__ca492_ai__Beautiful_Distraction,E:\SCHOOL\Masters\Capstone_FMA_Project\data\external_audio_batch\Experimental\Experimental__ca492_ai__Beautiful_Distraction.mp3,2,genre_2,International,0.0823603942990303,0.11909769475460052,Low,0,0.0,0,0,0,2,0,Secondary associated genre
Experimental__ca492_ai__Beautiful_Distraction,E:\SCHOOL\Masters\Capstone_FMA_Project\data\external_audio_batch\Experimental\Experimental__ca492_ai__Beautiful_Distraction.mp3,1,genre_1,Avant-Garde,0.08113377541303635,0.12232993543148041,Low,0,0.0,0,0,0,2,0,Subgenre/child under primary genre
Experimental__ca492_ai__Beautiful_Distraction,E:\SCHOOL\Masters\Capstone_FMA_Project\data\external_audio_batch\Experimental\Experimental__ca492_ai__Beautiful_Distraction.mp3,66,genre_66,Indie-Rock,0.07655012607574463,0.18024224042892456,Low,0,0.0,0,0,0,2,0,Secondary associated genre
Experimental__ca492_ai__Beautiful_Distraction,E:\SCHOOL\Masters\Capstone_FMA_Project\data\external_audio_batch\Experimental\Experimental__ca492_ai__Beautiful_Distraction.mp3,25,genre_25,Punk,0.07295352965593338,0.14267677068710327,Low,0,0.0,0,0,1,2,0,Secondary associated genre
Experimental__ca492_ai__Beautiful_Distraction,E:\SCHOOL\Masters\Capstone_FMA_Project\data\external_audio_batch\Experimental\Experimental__ca492_ai__Beautiful_Distraction.mp3,250,genre_250,Improv,0.06609425693750381,0.13954587280750275,Low,0,0.0,0,0,1,2,0,Subgenre/child under primary genre
Experimental__ca492_ai__Beautiful_Distraction,E:\SCHOOL\Masters\Capstone_FMA_Project\data\external_audio_batch\Experimental\Experimental__ca492_ai__Beautiful_Distraction.mp3,3,genre_3,Blues,0.05429375544190407,0.12599454820156097,Low,0,0.0,0,0,0,2,0,Secondary associated genre
Experimental__ca300_ca__206_-_Mons_Jacet_-_for_spring,E:\SCHOOL\Masters\Capstone_FMA_Project\data\external_audio_batch\Experimental\Experimental__ca300_ca__206_-_Mons_Jacet_-_for_spring.mp3,38,genre_38,Experimental,0.7027393579483032,0.9105271100997925,High,8,1.0,8,8,8,2,1,Primary genre
Experimental__ca300_ca__206_-_Mons_Jacet_-_for_spring,E:\SCHOOL\Masters\Capstone_FMA_Project\data\external_audio_batch\Experimental\Experimental__ca300_ca__206_-_Mons_Jacet_-_for_spring.mp3,15,genre_15,Electronic,0.4262327253818512,0.5411818027496338,Low-to-moderate,8,1.0,0,7,8,2,1,Secondary associated genre
Experimental__ca300_ca__206_-_Mons_Jacet_-_for_spring,E:\SCHOOL\Masters\Capstone_FMA_Project\data\external_audio_batch\Experimental\Experimental__ca300_ca__206_-_Mons_Jacet_-_for_spring.mp3,1235,genre_1235,Instrumental,0.22929303348064423,0.39784860610961914,Low,4,0.5,0,5,6,2,1,Secondary associated genre
Experimental__ca300_ca__206_-_Mons_Jacet_-_for_spring,E:\SCHOOL\Masters\Capstone_FMA_Project\data\external_audio_batch\Experimental\Experimental__ca300_ca__206_-_Mons_Jacet_-_for_spring.mp3,107,genre_107,Ambient,0.14896659553050995,0.3122890293598175,Low,2,0.25,0,0,3,2,0,Secondary associated genre
Experimental__ca300_ca__206_-_Mons_Jacet_-_for_spring,E:\SCHOOL\Masters\Capstone_FMA_Project\data\external_audio_batch\Experimental\Experimental__ca300_ca__206_-_Mons_Jacet_-_for_spring.mp3,32,genre_32,Noise,0.14476095139980316,0.28297990560531616,Low,2,0.25,0,2,3,2,0,Subgenre/child under primary genre
Experimental__ca300_ca__206_-_Mons_Jacet_-_for_spring,E:\SCHOOL\Masters\Capstone_FMA_Project\data\external_audio_batch\Experimental\Experimental__ca300_ca__206_-_Mons_Jacet_-_for_spring.mp3,12,genre_12,Rock,0.1392110139131546,0.22080354392528534,Low,1,0.125,0,1,3,2,0,Secondary associated genre
Experimental__ca300_ca__206_-_Mons_Jacet_-_for_spring,E:\SCHOOL\Masters\Capstone_FMA_Project\data\external_audio_batch\Experimental\Experimental__ca300_ca__206_-_Mons_Jacet_-_for_spring.mp3,1,genre_1,Avant-Garde,0.13296480476856232,0.30276647210121155,Low,2,0.25,0,1,3,2,0,Subgenre/child under primary genre
Experimental__ca300_ca__206_-_Mons_Jacet_-_for_spring,E:\SCHOOL\Masters\Capstone_FMA_Project\data\external_audio_batch\Experimental\Experimental__ca300_ca__206_-_Mons_Jacet_-_for_spring.mp3,42,genre_42,Ambient Electronic,0.10349181294441223,0.19327643513679504,Low,0,0.0,0,0,1,2,0,Secondary associated genre
Experimental__ca300_ca__206_-_Mons_Jacet_-_for_spring,E:\SCHOOL\Masters\Capstone_FMA_Project\data\external_audio_batch\Experimental\Experimental__ca300_ca__206_-_Mons_Jacet_-_for_spring.mp3,41,genre_41,Electroacoustic,0.09911434352397919,0.18421049416065216,Low,0,0.0,0,0,1,2,0,Subgenre/child under primary genre
Experimental__ca300_ca__206_-_Mons_Jacet_-_for_spring,E:\SCHOOL\Masters\Capstone_FMA_Project\data\external_audio_batch\Experimental\Experimental__ca300_ca__206_-_Mons_Jacet_-_for_spring.mp3,250,genre_250,Improv,0.08142495900392532,0.185447558760643,Low,0,0.0,0,0,1,2,0,Subgenre/child under primary genre
Experimental__ca300_ca__206_-_Mons_Jacet_-_for_spring,E:\SCHOOL\Masters\Capstone_FMA_Project\data\external_audio_batch\Experimental\Experimental__ca300_ca__206_-_Mons_Jacet_-_for_spring.mp3,18,genre_18,Soundtrack,0.07421088218688965,0.18162716925144196,Low,0,0.0,0,0,1,2,0,Secondary associated genre
Experimental__ca300_ca__206_-_Mons_Jacet_-_for_spring,E:\SCHOOL\Masters\Capstone_FMA_Project\data\external_audio_batch\Experimental\Experimental__ca300_ca__206_-_Mons_Jacet_-_for_spring.mp3,10,genre_10,Pop,0.06751780211925507,0.0993029996752739,Low,0,0.0,0,0,0,2,0,Secondary associated genre
Experimental__ca300_ca__206_-_Mons_Jacet_-_for_spring,E:\SCHOOL\Masters\Capstone_FMA_Project\data\external_audio_batch\Experimental\Experimental__ca300_ca__206_-_Mons_Jacet_-_for_spring.mp3,27,genre_27,Lo-Fi,0.06202055141329765,0.08620540797710419,Low,0,0.0,0,0,0,2,0,Secondary associated genre
Experimental__ca300_ca__206_-_Mons_Jacet_-_for_spring,E:\SCHOOL\Masters\Capstone_FMA_Project\data\external_audio_batch\Experimental\Experimental__ca300_ca__206_-_Mons_Jacet_-_for_spring.mp3,47,genre_47,Drone,0.06180284172296524,0.19790755212306976,Low,0,0.0,0,0,1,2,0,Subgenre/child under primary genre
Experimental__ca300_ca__206_-_Mons_Jacet_-_for_spring,E:\SCHOOL\Masters\Capstone_FMA_Project\data\external_audio_batch\Experimental\Experimental__ca300_ca__206_-_Mons_Jacet_-_for_spring.mp3,17,genre_17,Folk,0.05908083915710449,0.1533004641532898,Low,0,0.0,0,0,0,2,0,Secondary associated genre
Experimental__csr008__Say_Man,E:\SCHOOL\Masters\Capstone_FMA_Project\data\external_audio_batch\Experimental\Experimental__csr008__Say_Man.mp3,15,genre_15,Electronic,0.42680564522743225,0.6713858246803284,Low-to-moderate,8,1.0,5,8,8,2,1,Primary genre
Experimental__csr008__Say_Man,E:\SCHOOL\Masters\Capstone_FMA_Project\data\external_audio_batch\Experimental\Experimental__csr008__Say_Man.mp3,38,genre_38,Experimental,0.35476917028427124,0.4808787703514099,Low-to-moderate,8,1.0,2,7,8,2,1,Secondary associated genre
Experimental__csr008__Say_Man,E:\SCHOOL\Masters\Capstone_FMA_Project\data\external_audio_batch\Experimental\Experimental__csr008__Say_Man.mp3,12,genre_12,Rock,0.34385088086128235,0.46916207671165466,Low-to-moderate,8,1.0,1,8,8,2,1,Secondary associated genre
Experimental__csr008__Say_Man,E:\SCHOOL\Masters\Capstone_FMA_Project\data\external_audio_batch\Experimental\Experimental__csr008__Say_Man.mp3,21,genre_21,Hip-Hop,0.2140132635831833,0.28453972935676575,Low,5,0.625,0,1,7,2,1,Secondary associated genre
Experimental__csr008__Say_Man,E:\SCHOOL\Masters\Capstone_FMA_Project\data\external_audio_batch\Experimental\Experimental__csr008__Say_Man.mp3,10,genre_10,Pop,0.1406799703836441,0.16805675625801086,Low,0,0.0,0,0,5,2,0,Secondary associated genre
Experimental__csr008__Say_Man,E:\SCHOOL\Masters\Capstone_FMA_Project\data\external_audio_batch\Experimental\Experimental__csr008__Say_Man.mp3,25,genre_25,Punk,0.10938623547554016,0.20653802156448364,Low,1,0.125,0,0,2,2,0,Secondary associated genre
Experimental__csr008__Say_Man,E:\SCHOOL\Masters\Capstone_FMA_Project\data\external_audio_batch\Experimental\Experimental__csr008__Say_Man.mp3,2,genre_2,International,0.10192716121673584,0.13782718777656555,Low,0,0.0,0,0,0,2,0,Secondary associated genre
Experimental__csr008__Say_Man,E:\SCHOOL\Masters\Capstone_FMA_Project\data\external_audio_batch\Experimental\Experimental__csr008__Say_Man.mp3,1235,genre_1235,Instrumental,0.09209393709897995,0.17260904610157013,Low,0,0.0,0,0,1,2,0,Secondary associated genre
Experimental__csr008__Say_Man,E:\SCHOOL\Masters\Capstone_FMA_Project\data\external_audio_batch\Experimental\Experimental__csr008__Say_Man.mp3,76,genre_76,Experimental Pop,0.06841341406106949,0.08451825380325317,Low,0,0.0,0,0,0,2,0,Secondary associated genre
Experimental__csr008__Say_Man,E:\SCHOOL\Masters\Capstone_FMA_Project\data\external_audio_batch\Experimental\Experimental__csr008__Say_Man.mp3,32,genre_32,Noise,0.05197631195187569,0.07559219002723694,Low,0,0.0,0,0,0,2,0,Secondary associated genre
Experimental__csr008__Say_Man,E:\SCHOOL\Masters\Capstone_FMA_Project\data\external_audio_batch\Experimental\Experimental__csr008__Say_Man.mp3,17,genre_17,Folk,0.046401120722293854,0.1571406126022339,Low,0,0.0,0,0,1,2,0,Secondary associated genre
Experimental__csr008__Say_Man,E:\SCHOOL\Masters\Capstone_FMA_Project\data\external_audio_batch\Experimental\Experimental__csr008__Say_Man.mp3,1,genre_1,Avant-Garde,0.04596744105219841,0.09731649607419968,Low,0,0.0,0,0,0,2,0,Secondary associated genre
Experimental__csr008__Say_Man,E:\SCHOOL\Masters\Capstone_FMA_Project\data\external_audio_batch\Experimental\Experimental__csr008__Say_Man.mp3,4,genre_4,Jazz,0.04483943432569504,0.10144306719303131,Low,0,0.0,0,0,0,2,0,Secondary associated genre
Experimental__csr008__Say_Man,E:\SCHOOL\Masters\Capstone_FMA_Project\data\external_audio_batch\Experimental\Experimental__csr008__Say_Man.mp3,14,genre_14,Soul-RnB,0.04397827386856079,0.06307576596736908,Low,0,0.0,0,0,0,2,0,Secondary associated genre
Experimental__csr008__Say_Man,E:\SCHOOL\Masters\Capstone_FMA_Project\data\external_audio_batch\Experimental\Experimental__csr008__Say_Man.mp3,41,genre_41,Electroacoustic,0.04074091836810112,0.06489714235067368,Low,0,0.0,0,0,0,2,0,Secondary associated genre
Folk__lbn016Plusplus-gameOver__04_Plusplus_-_Broken_Doors,E:\SCHOOL\Masters\Capstone_FMA_Project\data\external_audio_batch\Folk\Folk__lbn016Plusplus-gameOver__04_Plusplus_-_Broken_Doors.mp3,38,genre_38,Experimental,0.43463844060897827,0.7360942363739014,Low-to-moderate,8,1.0,4,6,8,2,1,Primary genre
Folk__lbn016Plusplus-gameOver__04_Plusplus_-_Broken_Doors,E:\SCHOOL\Masters\Capstone_FMA_Project\data\external_audio_batch\Folk\Folk__lbn016Plusplus-gameOver__04_Plusplus_-_Broken_Doors.mp3,15,genre_15,Electronic,0.41125163435935974,0.5091738700866699,Low-to-moderate,8,1.0,3,8,8,2,1,Secondary associated genre
Folk__lbn016Plusplus-gameOver__04_Plusplus_-_Broken_Doors,E:\SCHOOL\Masters\Capstone_FMA_Project\data\external_audio_batch\Folk\Folk__lbn016Plusplus-gameOver__04_Plusplus_-_Broken_Doors.mp3,12,genre_12,Rock,0.3151532709598541,0.3990156650543213,Low-to-moderate,7,0.875,1,7,8,2,1,Secondary associated genre
Folk__lbn016Plusplus-gameOver__04_Plusplus_-_Broken_Doors,E:\SCHOOL\Masters\Capstone_FMA_Project\data\external_audio_batch\Folk\Folk__lbn016Plusplus-gameOver__04_Plusplus_-_Broken_Doors.mp3,10,genre_10,Pop,0.2336873859167099,0.30904150009155273,Low,6,0.75,0,3,7,2,1,Secondary associated genre
Folk__lbn016Plusplus-gameOver__04_Plusplus_-_Broken_Doors,E:\SCHOOL\Masters\Capstone_FMA_Project\data\external_audio_batch\Folk\Folk__lbn016Plusplus-gameOver__04_Plusplus_-_Broken_Doors.mp3,1235,genre_1235,Instrumental,0.1847570240497589,0.23076021671295166,Low,4,0.5,0,0,5,2,0,Secondary associated genre
Folk__lbn016Plusplus-gameOver__04_Plusplus_-_Broken_Doors,E:\SCHOOL\Masters\Capstone_FMA_Project\data\external_audio_batch\Folk\Folk__lbn016Plusplus-gameOver__04_Plusplus_-_Broken_Doors.mp3,17,genre_17,Folk,0.14194828271865845,0.19372662901878357,Low,0,0.0,0,0,2,2,0,Secondary associated genre
Folk__lbn016Plusplus-gameOver__04_Plusplus_-_Broken_Doors,E:\SCHOOL\Masters\Capstone_FMA_Project\data\external_audio_batch\Folk\Folk__lbn016Plusplus-gameOver__04_Plusplus_-_Broken_Doors.mp3,76,genre_76,Experimental Pop,0.1258728951215744,0.18862473964691162,Low,0,0.0,0,0,0,2,0,Secondary associated genre
Folk__lbn016Plusplus-gameOver__04_Plusplus_-_Broken_Doors,E:\SCHOOL\Masters\Capstone_FMA_Project\data\external_audio_batch\Folk\Folk__lbn016Plusplus-gameOver__04_Plusplus_-_Broken_Doors.mp3,27,genre_27,Lo-Fi,0.11544220894575119,0.16943615674972534,Low,0,0.0,0,0,0,2,0,Secondary associated genre
Folk__lbn016Plusplus-gameOver__04_Plusplus_-_Broken_Doors,E:\SCHOOL\Masters\Capstone_FMA_Project\data\external_audio_batch\Folk\Folk__lbn016Plusplus-gameOver__04_Plusplus_-_Broken_Doors.mp3,21,genre_21,Hip-Hop,0.09447135776281357,0.14001326262950897,Low,0,0.0,0,0,0,2,0,Secondary associated genre
Folk__lbn016Plusplus-gameOver__04_Plusplus_-_Broken_Doors,E:\SCHOOL\Masters\Capstone_FMA_Project\data\external_audio_batch\Folk\Folk__lbn016Plusplus-gameOver__04_Plusplus_-_Broken_Doors.mp3,1,genre_1,Avant-Garde,0.08583308011293411,0.18334810435771942,Low,0,0.0,0,0,1,2,0,Subgenre/child under primary genre
Folk__lbn016Plusplus-gameOver__04_Plusplus_-_Broken_Doors,E:\SCHOOL\Masters\Capstone_FMA_Project\data\external_audio_batch\Folk\Folk__lbn016Plusplus-gameOver__04_Plusplus_-_Broken_Doors.mp3,42,genre_42,Ambient Electronic,0.0847332552075386,0.1232396587729454,Low,0,0.0,0,0,0,2,0,Secondary associated genre
Folk__lbn016Plusplus-gameOver__04_Plusplus_-_Broken_Doors,E:\SCHOOL\Masters\Capstone_FMA_Project\data\external_audio_batch\Folk\Folk__lbn016Plusplus-gameOver__04_Plusplus_-_Broken_Doors.mp3,107,genre_107,Ambient,0.08100047707557678,0.13597135245800018,Low,0,0.0,0,0,0,2,0,Secondary associated genre
Folk__lbn016Plusplus-gameOver__04_Plusplus_-_Broken_Doors,E:\SCHOOL\Masters\Capstone_FMA_Project\data\external_audio_batch\Folk\Folk__lbn016Plusplus-gameOver__04_Plusplus_-_Broken_Doors.mp3,18,genre_18,Soundtrack,0.07161539047956467,0.09506935626268387,Low,0,0.0,0,0,0,2,0,Secondary associated genre
Folk__lbn016Plusplus-gameOver__04_Plusplus_-_Broken_Doors,E:\SCHOOL\Masters\Capstone_FMA_Project\data\external_audio_batch\Folk\Folk__lbn016Plusplus-gameOver__04_Plusplus_-_Broken_Doors.mp3,32,genre_32,Noise,0.07035358250141144,0.14402467012405396,Low,0,0.0,0,0,0,2,0,Subgenre/child under primary genre
Folk__lbn016Plusplus-gameOver__04_Plusplus_-_Broken_Doors,E:\SCHOOL\Masters\Capstone_FMA_Project\data\external_audio_batch\Folk\Folk__lbn016Plusplus-gameOver__04_Plusplus_-_Broken_Doors.mp3,2,genre_2,International,0.06541202962398529,0.09824375063180923,Low,0,0.0,0,0,0,2,0,Secondary associated genre
Folk__lbn007NickRivera-happySongIsAHappySong__01_ReneeLuise,E:\SCHOOL\Masters\Capstone_FMA_Project\data\external_audio_batch\Folk\Folk__lbn007NickRivera-happySongIsAHappySong__01_ReneeLuise.mp3,38,genre_38,Experimental,0.3689255118370056,0.4846532344818115,Low-to-moderate,8,1.0,3,8,8,2,1,Primary genre
Folk__lbn007NickRivera-happySongIsAHappySong__01_ReneeLuise,E:\SCHOOL\Masters\Capstone_FMA_Project\data\external_audio_batch\Folk\Folk__lbn007NickRivera-happySongIsAHappySong__01_ReneeLuise.mp3,17,genre_17,Folk,0.3579641580581665,0.5268417596817017,Low-to-moderate,7,0.875,4,8,8,2,1,Secondary associated genre
Folk__lbn007NickRivera-happySongIsAHappySong__01_ReneeLuise,E:\SCHOOL\Masters\Capstone_FMA_Project\data\external_audio_batch\Folk\Folk__lbn007NickRivera-happySongIsAHappySong__01_ReneeLuise.mp3,12,genre_12,Rock,0.3326290547847748,0.4225374758243561,Low-to-moderate,8,1.0,1,6,8,2,1,Secondary associated genre
Folk__lbn007NickRivera-happySongIsAHappySong__01_ReneeLuise,E:\SCHOOL\Masters\Capstone_FMA_Project\data\external_audio_batch\Folk\Folk__lbn007NickRivera-happySongIsAHappySong__01_ReneeLuise.mp3,10,genre_10,Pop,0.1942324936389923,0.2461024969816208,Low,3,0.375,0,0,3,2,0,Secondary associated genre
Folk__lbn007NickRivera-happySongIsAHappySong__01_ReneeLuise,E:\SCHOOL\Masters\Capstone_FMA_Project\data\external_audio_batch\Folk\Folk__lbn007NickRivera-happySongIsAHappySong__01_ReneeLuise.mp3,15,genre_15,Electronic,0.16550125181674957,0.27425679564476013,Low,3,0.375,0,0,3,2,0,Secondary associated genre
Folk__lbn007NickRivera-happySongIsAHappySong__01_ReneeLuise,E:\SCHOOL\Masters\Capstone_FMA_Project\data\external_audio_batch\Folk\Folk__lbn007NickRivera-happySongIsAHappySong__01_ReneeLuise.mp3,103,genre_103,Singer-Songwriter,0.15647360682487488,0.2422756403684616,Low,2,0.25,0,1,4,2,0,Secondary associated genre
Folk__lbn007NickRivera-happySongIsAHappySong__01_ReneeLuise,E:\SCHOOL\Masters\Capstone_FMA_Project\data\external_audio_batch\Folk\Folk__lbn007NickRivera-happySongIsAHappySong__01_ReneeLuise.mp3,1235,genre_1235,Instrumental,0.14626047015190125,0.33810633420944214,Low,3,0.375,0,1,3,2,0,Secondary associated genre
Folk__lbn007NickRivera-happySongIsAHappySong__01_ReneeLuise,E:\SCHOOL\Masters\Capstone_FMA_Project\data\external_audio_batch\Folk\Folk__lbn007NickRivera-happySongIsAHappySong__01_ReneeLuise.mp3,2,genre_2,International,0.10914143174886703,0.20106638967990875,Low,1,0.125,0,0,1,2,0,Secondary associated genre
Folk__lbn007NickRivera-happySongIsAHappySong__01_ReneeLuise,E:\SCHOOL\Masters\Capstone_FMA_Project\data\external_audio_batch\Folk\Folk__lbn007NickRivera-happySongIsAHappySong__01_ReneeLuise.mp3,27,genre_27,Lo-Fi,0.10007409751415253,0.13304685056209564,Low,0,0.0,0,0,0,2,0,Secondary associated genre
Folk__lbn007NickRivera-happySongIsAHappySong__01_ReneeLuise,E:\SCHOOL\Masters\Capstone_FMA_Project\data\external_audio_batch\Folk\Folk__lbn007NickRivera-happySongIsAHappySong__01_ReneeLuise.mp3,76,genre_76,Experimental Pop,0.09760857373476028,0.1292644739151001,Low,0,0.0,0,0,0,2,0,Secondary associated genre
Folk__lbn007NickRivera-happySongIsAHappySong__01_ReneeLuise,E:\SCHOOL\Masters\Capstone_FMA_Project\data\external_audio_batch\Folk\Folk__lbn007NickRivera-happySongIsAHappySong__01_ReneeLuise.mp3,4,genre_4,Jazz,0.08522680401802063,0.12304487079381943,Low,0,0.0,0,0,0,2,0,Secondary associated genre
Folk__lbn007NickRivera-happySongIsAHappySong__01_ReneeLuise,E:\SCHOOL\Masters\Capstone_FMA_Project\data\external_audio_batch\Folk\Folk__lbn007NickRivera-happySongIsAHappySong__01_ReneeLuise.mp3,1,genre_1,Avant-Garde,0.08481749892234802,0.12782321870326996,Low,0,0.0,0,0,0,2,0,Subgenre/child under primary genre
Folk__lbn007NickRivera-happySongIsAHappySong__01_ReneeLuise,E:\SCHOOL\Masters\Capstone_FMA_Project\data\external_audio_batch\Folk\Folk__lbn007NickRivera-happySongIsAHappySong__01_ReneeLuise.mp3,66,genre_66,Indie-Rock,0.0783141553401947,0.10849869251251221,Low,0,0.0,0,0,0,2,0,Secondary associated genre
Folk__lbn007NickRivera-happySongIsAHappySong__01_ReneeLuise,E:\SCHOOL\Masters\Capstone_FMA_Project\data\external_audio_batch\Folk\Folk__lbn007NickRivera-happySongIsAHappySong__01_ReneeLuise.mp3,250,genre_250,Improv,0.07094740867614746,0.15518507361412048,Low,0,0.0,0,0,1,2,0,Subgenre/child under primary genre
Folk__lbn007NickRivera-happySongIsAHappySong__01_ReneeLuise,E:\SCHOOL\Masters\Capstone_FMA_Project\data\external_audio_batch\Folk\Folk__lbn007NickRivera-happySongIsAHappySong__01_ReneeLuise.mp3,25,genre_25,Punk,0.06749443709850311,0.1388370543718338,Low,0,0.0,0,0,1,2,0,Secondary associated genre
Folk__lbn017OldSplendifolia-utterlyHeartbreaking__Two_Eagles,E:\SCHOOL\Masters\Capstone_FMA_Project\data\external_audio_batch\Folk\Folk__lbn017OldSplendifolia-utterlyHeartbreaking__Two_Eagles.mp3,38,genre_38,Experimental,0.4627871513366699,0.7220891714096069,Low-to-moderate,8,1.0,5,8,8,2,1,Primary genre
Folk__lbn017OldSplendifolia-utterlyHeartbreaking__Two_Eagles,E:\SCHOOL\Masters\Capstone_FMA_Project\data\external_audio_batch\Folk\Folk__lbn017OldSplendifolia-utterlyHeartbreaking__Two_Eagles.mp3,17,genre_17,Folk,0.3564634919166565,0.6333273649215698,Low-to-moderate,6,0.75,3,6,7,2,1,Secondary associated genre
Folk__lbn017OldSplendifolia-utterlyHeartbreaking__Two_Eagles,E:\SCHOOL\Masters\Capstone_FMA_Project\data\external_audio_batch\Folk\Folk__lbn017OldSplendifolia-utterlyHeartbreaking__Two_Eagles.mp3,12,genre_12,Rock,0.2874408960342407,0.36718273162841797,Low,7,0.875,0,6,8,2,1,Secondary associated genre
Folk__lbn017OldSplendifolia-utterlyHeartbreaking__Two_Eagles,E:\SCHOOL\Masters\Capstone_FMA_Project\data\external_audio_batch\Folk\Folk__lbn017OldSplendifolia-utterlyHeartbreaking__Two_Eagles.mp3,27,genre_27,Lo-Fi,0.12121769785881042,0.16730141639709473,Low,0,0.0,0,0,2,2,0,Secondary associated genre
Folk__lbn017OldSplendifolia-utterlyHeartbreaking__Two_Eagles,E:\SCHOOL\Masters\Capstone_FMA_Project\data\external_audio_batch\Folk\Folk__lbn017OldSplendifolia-utterlyHeartbreaking__Two_Eagles.mp3,10,genre_10,Pop,0.11997053027153015,0.17985551059246063,Low,0,0.0,0,0,2,2,0,Secondary associated genre
Folk__lbn017OldSplendifolia-utterlyHeartbreaking__Two_Eagles,E:\SCHOOL\Masters\Capstone_FMA_Project\data\external_audio_batch\Folk\Folk__lbn017OldSplendifolia-utterlyHeartbreaking__Two_Eagles.mp3,1,genre_1,Avant-Garde,0.11771893501281738,0.19665546715259552,Low,0,0.0,0,1,2,2,0,Subgenre/child under primary genre
Folk__lbn017OldSplendifolia-utterlyHeartbreaking__Two_Eagles,E:\SCHOOL\Masters\Capstone_FMA_Project\data\external_audio_batch\Folk\Folk__lbn017OldSplendifolia-utterlyHeartbreaking__Two_Eagles.mp3,250,genre_250,Improv,0.11734909564256668,0.19747380912303925,Low,0,0.0,0,1,5,2,0,Subgenre/child under primary genre
Folk__lbn017OldSplendifolia-utterlyHeartbreaking__Two_Eagles,E:\SCHOOL\Masters\Capstone_FMA_Project\data\external_audio_batch\Folk\Folk__lbn017OldSplendifolia-utterlyHeartbreaking__Two_Eagles.mp3,2,genre_2,International,0.10367261618375778,0.17969028651714325,Low,0,0.0,0,0,1,2,0,Secondary associated genre
Folk__lbn017OldSplendifolia-utterlyHeartbreaking__Two_Eagles,E:\SCHOOL\Masters\Capstone_FMA_Project\data\external_audio_batch\Folk\Folk__lbn017OldSplendifolia-utterlyHeartbreaking__Two_Eagles.mp3,103,genre_103,Singer-Songwriter,0.09803597629070282,0.2699596583843231,Low,1,0.125,0,1,2,2,0,Secondary associated genre
Folk__lbn017OldSplendifolia-utterlyHeartbreaking__Two_Eagles,E:\SCHOOL\Masters\Capstone_FMA_Project\data\external_audio_batch\Folk\Folk__lbn017OldSplendifolia-utterlyHeartbreaking__Two_Eagles.mp3,1235,genre_1235,Instrumental,0.09051389992237091,0.1665894091129303,Low,0,0.0,0,0,2,2,0,Secondary associated genre
Folk__lbn017OldSplendifolia-utterlyHeartbreaking__Two_Eagles,E:\SCHOOL\Masters\Capstone_FMA_Project\data\external_audio_batch\Folk\Folk__lbn017OldSplendifolia-utterlyHeartbreaking__Two_Eagles.mp3,15,genre_15,Electronic,0.07550091296434402,0.19833937287330627,Low,0,0.0,0,1,1,2,0,Secondary associated genre
Folk__lbn017OldSplendifolia-utterlyHeartbreaking__Two_Eagles,E:\SCHOOL\Masters\Capstone_FMA_Project\data\external_audio_batch\Folk\Folk__lbn017OldSplendifolia-utterlyHeartbreaking__Two_Eagles.mp3,4,genre_4,Jazz,0.0720626562833786,0.126795694231987,Low,0,0.0,0,0,0,2,0,Secondary associated genre
Folk__lbn017OldSplendifolia-utterlyHeartbreaking__Two_Eagles,E:\SCHOOL\Masters\Capstone_FMA_Project\data\external_audio_batch\Folk\Folk__lbn017OldSplendifolia-utterlyHeartbreaking__Two_Eagles.mp3,25,genre_25,Punk,0.0650542601943016,0.10509290546178818,Low,0,0.0,0,0,0,2,0,Secondary associated genre
Folk__lbn017OldSplendifolia-utterlyHeartbreaking__Two_Eagles,E:\SCHOOL\Masters\Capstone_FMA_Project\data\external_audio_batch\Folk\Folk__lbn017OldSplendifolia-utterlyHeartbreaking__Two_Eagles.mp3,76,genre_76,Experimental Pop,0.06320906430482864,0.09381937980651855,Low,0,0.0,0,0,0,2,0,Secondary associated genre
Folk__lbn017OldSplendifolia-utterlyHeartbreaking__Two_Eagles,E:\SCHOOL\Masters\Capstone_FMA_Project\data\external_audio_batch\Folk\Folk__lbn017OldSplendifolia-utterlyHeartbreaking__Two_Eagles.mp3,32,genre_32,Noise,0.048616163432598114,0.12635785341262817,Low,0,0.0,0,0,0,2,0,Subgenre/child under primary genre
Folk__EntertainmentForTheBraindead-Roadkillaaahh.009__Relapse,E:\SCHOOL\Masters\Capstone_FMA_Project\data\external_audio_batch\Folk\Folk__EntertainmentForTheBraindead-Roadkillaaahh.009__Relapse.mp3,38,genre_38,Experimental,0.46904996037483215,0.6110727190971375,Low-to-moderate,8,1.0,6,8,8,2,1,Primary genre
Folk__EntertainmentForTheBraindead-Roadkillaaahh.009__Relapse,E:\SCHOOL\Masters\Capstone_FMA_Project\data\external_audio_batch\Folk\Folk__EntertainmentForTheBraindead-Roadkillaaahh.009__Relapse.mp3,17,genre_17,Folk,0.3201434910297394,0.4561813175678253,Low-to-moderate,6,0.75,2,8,8,2,1,Secondary associated genre
Folk__EntertainmentForTheBraindead-Roadkillaaahh.009__Relapse,E:\SCHOOL\Masters\Capstone_FMA_Project\data\external_audio_batch\Folk\Folk__EntertainmentForTheBraindead-Roadkillaaahh.009__Relapse.mp3,12,genre_12,Rock,0.2579609751701355,0.337403267621994,Low,7,0.875,0,7,8,2,1,Secondary associated genre
Folk__EntertainmentForTheBraindead-Roadkillaaahh.009__Relapse,E:\SCHOOL\Masters\Capstone_FMA_Project\data\external_audio_batch\Folk\Folk__EntertainmentForTheBraindead-Roadkillaaahh.009__Relapse.mp3,10,genre_10,Pop,0.1702178716659546,0.23570789396762848,Low,2,0.25,0,0,6,2,0,Secondary associated genre
Folk__EntertainmentForTheBraindead-Roadkillaaahh.009__Relapse,E:\SCHOOL\Masters\Capstone_FMA_Project\data\external_audio_batch\Folk\Folk__EntertainmentForTheBraindead-Roadkillaaahh.009__Relapse.mp3,27,genre_27,Lo-Fi,0.14495499432086945,0.1903548240661621,Low,0,0.0,0,0,3,2,0,Secondary associated genre
Folk__EntertainmentForTheBraindead-Roadkillaaahh.009__Relapse,E:\SCHOOL\Masters\Capstone_FMA_Project\data\external_audio_batch\Folk\Folk__EntertainmentForTheBraindead-Roadkillaaahh.009__Relapse.mp3,1,genre_1,Avant-Garde,0.13510732352733612,0.18908919394016266,Low,0,0.0,0,0,1,2,0,Subgenre/child under primary genre
Folk__EntertainmentForTheBraindead-Roadkillaaahh.009__Relapse,E:\SCHOOL\Masters\Capstone_FMA_Project\data\external_audio_batch\Folk\Folk__EntertainmentForTheBraindead-Roadkillaaahh.009__Relapse.mp3,2,genre_2,International,0.13067002594470978,0.1690720170736313,Low,0,0.0,0,0,0,2,0,Secondary associated genre
Folk__EntertainmentForTheBraindead-Roadkillaaahh.009__Relapse,E:\SCHOOL\Masters\Capstone_FMA_Project\data\external_audio_batch\Folk\Folk__EntertainmentForTheBraindead-Roadkillaaahh.009__Relapse.mp3,15,genre_15,Electronic,0.12127494812011719,0.2348412573337555,Low,1,0.125,0,1,2,2,0,Secondary associated genre
Folk__EntertainmentForTheBraindead-Roadkillaaahh.009__Relapse,E:\SCHOOL\Masters\Capstone_FMA_Project\data\external_audio_batch\Folk\Folk__EntertainmentForTheBraindead-Roadkillaaahh.009__Relapse.mp3,76,genre_76,Experimental Pop,0.10985730588436127,0.1472570300102234,Low,0,0.0,0,0,0,2,0,Secondary associated genre
Folk__EntertainmentForTheBraindead-Roadkillaaahh.009__Relapse,E:\SCHOOL\Masters\Capstone_FMA_Project\data\external_audio_batch\Folk\Folk__EntertainmentForTheBraindead-Roadkillaaahh.009__Relapse.mp3,103,genre_103,Singer-Songwriter,0.1037479117512703,0.1825249046087265,Low,0,0.0,0,0,2,2,0,Secondary associated genre
Folk__EntertainmentForTheBraindead-Roadkillaaahh.009__Relapse,E:\SCHOOL\Masters\Capstone_FMA_Project\data\external_audio_batch\Folk\Folk__EntertainmentForTheBraindead-Roadkillaaahh.009__Relapse.mp3,250,genre_250,Improv,0.09958361834287643,0.15775954723358154,Low,0,0.0,0,0,1,2,0,Subgenre/child under primary genre
Folk__EntertainmentForTheBraindead-Roadkillaaahh.009__Relapse,E:\SCHOOL\Masters\Capstone_FMA_Project\data\external_audio_batch\Folk\Folk__EntertainmentForTheBraindead-Roadkillaaahh.009__Relapse.mp3,1235,genre_1235,Instrumental,0.09284579753875732,0.16219516098499298,Low,0,0.0,0,0,1,2,0,Secondary associated genre
Folk__EntertainmentForTheBraindead-Roadkillaaahh.009__Relapse,E:\SCHOOL\Masters\Capstone_FMA_Project\data\external_audio_batch\Folk\Folk__EntertainmentForTheBraindead-Roadkillaaahh.009__Relapse.mp3,4,genre_4,Jazz,0.0707625299692154,0.110969178378582,Low,0,0.0,0,0,0,2,0,Secondary associated genre
Folk__EntertainmentForTheBraindead-Roadkillaaahh.009__Relapse,E:\SCHOOL\Masters\Capstone_FMA_Project\data\external_audio_batch\Folk\Folk__EntertainmentForTheBraindead-Roadkillaaahh.009__Relapse.mp3,25,genre_25,Punk,0.05333957076072693,0.08966688066720963,Low,0,0.0,0,0,0,2,0,Secondary associated genre
Folk__EntertainmentForTheBraindead-Roadkillaaahh.009__Relapse,E:\SCHOOL\Masters\Capstone_FMA_Project\data\external_audio_batch\Folk\Folk__EntertainmentForTheBraindead-Roadkillaaahh.009__Relapse.mp3,32,genre_32,Noise,0.05251552164554596,0.08118440955877304,Low,0,0.0,0,0,0,2,0,Subgenre/child under primary genre
Folk__lclcb05DelgarmaDerAndrafolkWorldChanson__LCLCB05_-_Delgarma_-_Der_Andra_-_05_-_You_can_stay,E:\SCHOOL\Masters\Capstone_FMA_Project\data\external_audio_batch\Folk\Folk__lclcb05DelgarmaDerAndrafolkWorldChanson__LCLCB05_-_Delgarma_-_Der_Andra_-_05_-_You_can_stay.mp3,12,genre_12,Rock,0.4761585593223572,0.6248010993003845,Low-to-moderate,8,1.0,5,8,8,2,1,Primary genre
Folk__lclcb05DelgarmaDerAndrafolkWorldChanson__LCLCB05_-_Delgarma_-_Der_Andra_-_05_-_You_can_stay,E:\SCHOOL\Masters\Capstone_FMA_Project\data\external_audio_batch\Folk\Folk__lclcb05DelgarmaDerAndrafolkWorldChanson__LCLCB05_-_Delgarma_-_Der_Andra_-_05_-_You_can_stay.mp3,38,genre_38,Experimental,0.3311823904514313,0.551898717880249,Low-to-moderate,7,0.875,1,4,7,2,1,Secondary associated genre
Folk__lclcb05DelgarmaDerAndrafolkWorldChanson__LCLCB05_-_Delgarma_-_Der_Andra_-_05_-_You_can_stay,E:\SCHOOL\Masters\Capstone_FMA_Project\data\external_audio_batch\Folk\Folk__lclcb05DelgarmaDerAndrafolkWorldChanson__LCLCB05_-_Delgarma_-_Der_Andra_-_05_-_You_can_stay.mp3,17,genre_17,Folk,0.32696616649627686,0.5695018768310547,Low-to-moderate,6,0.75,2,5,7,2,1,Secondary associated genre
Folk__lclcb05DelgarmaDerAndrafolkWorldChanson__LCLCB05_-_Delgarma_-_Der_Andra_-_05_-_You_can_stay,E:\SCHOOL\Masters\Capstone_FMA_Project\data\external_audio_batch\Folk\Folk__lclcb05DelgarmaDerAndrafolkWorldChanson__LCLCB05_-_Delgarma_-_Der_Andra_-_05_-_You_can_stay.mp3,10,genre_10,Pop,0.2259112000465393,0.3213404715061188,Low,6,0.75,0,3,7,2,1,Secondary associated genre
Folk__lclcb05DelgarmaDerAndrafolkWorldChanson__LCLCB05_-_Delgarma_-_Der_Andra_-_05_-_You_can_stay,E:\SCHOOL\Masters\Capstone_FMA_Project\data\external_audio_batch\Folk\Folk__lclcb05DelgarmaDerAndrafolkWorldChanson__LCLCB05_-_Delgarma_-_Der_Andra_-_05_-_You_can_stay.mp3,15,genre_15,Electronic,0.17729923129081726,0.24335888028144836,Low,2,0.25,0,2,4,2,0,Secondary associated genre
Folk__lclcb05DelgarmaDerAndrafolkWorldChanson__LCLCB05_-_Delgarma_-_Der_Andra_-_05_-_You_can_stay,E:\SCHOOL\Masters\Capstone_FMA_Project\data\external_audio_batch\Folk\Folk__lclcb05DelgarmaDerAndrafolkWorldChanson__LCLCB05_-_Delgarma_-_Der_Andra_-_05_-_You_can_stay.mp3,103,genre_103,Singer-Songwriter,0.1687639355659485,0.3589017391204834,Low,3,0.375,0,2,4,2,0,Secondary associated genre
Folk__lclcb05DelgarmaDerAndrafolkWorldChanson__LCLCB05_-_Delgarma_-_Der_Andra_-_05_-_You_can_stay,E:\SCHOOL\Masters\Capstone_FMA_Project\data\external_audio_batch\Folk\Folk__lclcb05DelgarmaDerAndrafolkWorldChanson__LCLCB05_-_Delgarma_-_Der_Andra_-_05_-_You_can_stay.mp3,1235,genre_1235,Instrumental,0.13721397519111633,0.16293442249298096,Low,0,0.0,0,0,1,2,0,Secondary associated genre
Folk__lclcb05DelgarmaDerAndrafolkWorldChanson__LCLCB05_-_Delgarma_-_Der_Andra_-_05_-_You_can_stay,E:\SCHOOL\Masters\Capstone_FMA_Project\data\external_audio_batch\Folk\Folk__lclcb05DelgarmaDerAndrafolkWorldChanson__LCLCB05_-_Delgarma_-_Der_Andra_-_05_-_You_can_stay.mp3,66,genre_66,Indie-Rock,0.1276330202817917,0.19899456202983856,Low,0,0.0,0,0,1,2,0,Subgenre/child under primary genre
Folk__lclcb05DelgarmaDerAndrafolkWorldChanson__LCLCB05_-_Delgarma_-_Der_Andra_-_05_-_You_can_stay,E:\SCHOOL\Masters\Capstone_FMA_Project\data\external_audio_batch\Folk\Folk__lclcb05DelgarmaDerAndrafolkWorldChanson__LCLCB05_-_Delgarma_-_Der_Andra_-_05_-_You_can_stay.mp3,27,genre_27,Lo-Fi,0.09384406358003616,0.13754047453403473,Low,0,0.0,0,0,0,2,0,Subgenre/child under primary genre
Folk__lclcb05DelgarmaDerAndrafolkWorldChanson__LCLCB05_-_Delgarma_-_Der_Andra_-_05_-_You_can_stay,E:\SCHOOL\Masters\Capstone_FMA_Project\data\external_audio_batch\Folk\Folk__lclcb05DelgarmaDerAndrafolkWorldChanson__LCLCB05_-_Delgarma_-_Der_Andra_-_05_-_You_can_stay.mp3,76,genre_76,Experimental Pop,0.08855191618204117,0.1148289367556572,Low,0,0.0,0,0,0,2,0,Secondary associated genre
Folk__lclcb05DelgarmaDerAndrafolkWorldChanson__LCLCB05_-_Delgarma_-_Der_Andra_-_05_-_You_can_stay,E:\SCHOOL\Masters\Capstone_FMA_Project\data\external_audio_batch\Folk\Folk__lclcb05DelgarmaDerAndrafolkWorldChanson__LCLCB05_-_Delgarma_-_Der_Andra_-_05_-_You_can_stay.mp3,25,genre_25,Punk,0.08753319829702377,0.1733565330505371,Low,0,0.0,0,0,0,2,0,Subgenre/child under primary genre
Folk__lclcb05DelgarmaDerAndrafolkWorldChanson__LCLCB05_-_Delgarma_-_Der_Andra_-_05_-_You_can_stay,E:\SCHOOL\Masters\Capstone_FMA_Project\data\external_audio_batch\Folk\Folk__lclcb05DelgarmaDerAndrafolkWorldChanson__LCLCB05_-_Delgarma_-_Der_Andra_-_05_-_You_can_stay.mp3,4,genre_4,Jazz,0.06580209732055664,0.0878451019525528,Low,0,0.0,0,0,0,2,0,Secondary associated genre
Folk__lclcb05DelgarmaDerAndrafolkWorldChanson__LCLCB05_-_Delgarma_-_Der_Andra_-_05_-_You_can_stay,E:\SCHOOL\Masters\Capstone_FMA_Project\data\external_audio_batch\Folk\Folk__lclcb05DelgarmaDerAndrafolkWorldChanson__LCLCB05_-_Delgarma_-_Der_Andra_-_05_-_You_can_stay.mp3,1,genre_1,Avant-Garde,0.06441289931535721,0.10244990140199661,Low,0,0.0,0,0,0,2,0,Secondary associated genre
Folk__lclcb05DelgarmaDerAndrafolkWorldChanson__LCLCB05_-_Delgarma_-_Der_Andra_-_05_-_You_can_stay,E:\SCHOOL\Masters\Capstone_FMA_Project\data\external_audio_batch\Folk\Folk__lclcb05DelgarmaDerAndrafolkWorldChanson__LCLCB05_-_Delgarma_-_Der_Andra_-_05_-_You_can_stay.mp3,2,genre_2,International,0.05866260081529617,0.0960455983877182,Low,0,0.0,0,0,0,2,0,Secondary associated genre
Folk__lclcb05DelgarmaDerAndrafolkWorldChanson__LCLCB05_-_Delgarma_-_Der_Andra_-_05_-_You_can_stay,E:\SCHOOL\Masters\Capstone_FMA_Project\data\external_audio_batch\Folk\Folk__lclcb05DelgarmaDerAndrafolkWorldChanson__LCLCB05_-_Delgarma_-_Der_Andra_-_05_-_You_can_stay.mp3,21,genre_21,Hip-Hop,0.05848921090364456,0.12468713521957397,Low,0,0.0,0,0,0,2,0,Secondary associated genre
Folk__pm007__The_Treeplanting_Song,E:\SCHOOL\Masters\Capstone_FMA_Project\data\external_audio_batch\Folk\Folk__pm007__The_Treeplanting_Song.mp3,12,genre_12,Rock,0.4027337431907654,0.5579219460487366,Low-to-moderate,8,1.0,5,8,8,2,1,Primary genre
Folk__pm007__The_Treeplanting_Song,E:\SCHOOL\Masters\Capstone_FMA_Project\data\external_audio_batch\Folk\Folk__pm007__The_Treeplanting_Song.mp3,38,genre_38,Experimental,0.3698135018348694,0.5237467288970947,Low-to-moderate,8,1.0,2,8,8,2,1,Secondary associated genre
Folk__pm007__The_Treeplanting_Song,E:\SCHOOL\Masters\Capstone_FMA_Project\data\external_audio_batch\Folk\Folk__pm007__The_Treeplanting_Song.mp3,17,genre_17,Folk,0.25255730748176575,0.49218904972076416,Low,6,0.75,1,7,7,2,1,Secondary associated genre
Folk__pm007__The_Treeplanting_Song,E:\SCHOOL\Masters\Capstone_FMA_Project\data\external_audio_batch\Folk\Folk__pm007__The_Treeplanting_Song.mp3,10,genre_10,Pop,0.1585158258676529,0.21347656846046448,Low,2,0.25,0,0,6,2,0,Secondary associated genre
Folk__pm007__The_Treeplanting_Song,E:\SCHOOL\Masters\Capstone_FMA_Project\data\external_audio_batch\Folk\Folk__pm007__The_Treeplanting_Song.mp3,25,genre_25,Punk,0.1269318014383316,0.202962726354599,Low,1,0.125,0,0,5,2,0,Subgenre/child under primary genre
Folk__pm007__The_Treeplanting_Song,E:\SCHOOL\Masters\Capstone_FMA_Project\data\external_audio_batch\Folk\Folk__pm007__The_Treeplanting_Song.mp3,15,genre_15,Electronic,0.1045113354921341,0.26735344529151917,Low,1,0.125,0,1,1,2,0,Secondary associated genre
Folk__pm007__The_Treeplanting_Song,E:\SCHOOL\Masters\Capstone_FMA_Project\data\external_audio_batch\Folk\Folk__pm007__The_Treeplanting_Song.mp3,1,genre_1,Avant-Garde,0.09004923701286316,0.13490194082260132,Low,0,0.0,0,0,1,2,0,Secondary associated genre
Folk__pm007__The_Treeplanting_Song,E:\SCHOOL\Masters\Capstone_FMA_Project\data\external_audio_batch\Folk\Folk__pm007__The_Treeplanting_Song.mp3,2,genre_2,International,0.0875624269247055,0.12793055176734924,Low,0,0.0,0,0,0,2,0,Secondary associated genre
Folk__pm007__The_Treeplanting_Song,E:\SCHOOL\Masters\Capstone_FMA_Project\data\external_audio_batch\Folk\Folk__pm007__The_Treeplanting_Song.mp3,21,genre_21,Hip-Hop,0.07839028537273407,0.12289336323738098,Low,0,0.0,0,0,0,2,0,Secondary associated genre
Folk__pm007__The_Treeplanting_Song,E:\SCHOOL\Masters\Capstone_FMA_Project\data\external_audio_batch\Folk\Folk__pm007__The_Treeplanting_Song.mp3,250,genre_250,Improv,0.0769641324877739,0.1764979511499405,Low,0,0.0,0,0,2,2,0,Secondary associated genre
Folk__pm007__The_Treeplanting_Song,E:\SCHOOL\Masters\Capstone_FMA_Project\data\external_audio_batch\Folk\Folk__pm007__The_Treeplanting_Song.mp3,27,genre_27,Lo-Fi,0.07461534440517426,0.0907299816608429,Low,0,0.0,0,0,0,2,0,Subgenre/child under primary genre
Folk__pm007__The_Treeplanting_Song,E:\SCHOOL\Masters\Capstone_FMA_Project\data\external_audio_batch\Folk\Folk__pm007__The_Treeplanting_Song.mp3,76,genre_76,Experimental Pop,0.07420642673969269,0.10295876860618591,Low,0,0.0,0,0,0,2,0,Secondary associated genre
Folk__pm007__The_Treeplanting_Song,E:\SCHOOL\Masters\Capstone_FMA_Project\data\external_audio_batch\Folk\Folk__pm007__The_Treeplanting_Song.mp3,103,genre_103,Singer-Songwriter,0.07201971113681793,0.15053722262382507,Low,0,0.0,0,0,1,2,0,Secondary associated genre
Folk__pm007__The_Treeplanting_Song,E:\SCHOOL\Masters\Capstone_FMA_Project\data\external_audio_batch\Folk\Folk__pm007__The_Treeplanting_Song.mp3,1235,genre_1235,Instrumental,0.0643240362405777,0.21845796704292297,Low,1,0.125,0,0,1,2,0,Secondary associated genre
Folk__pm007__The_Treeplanting_Song,E:\SCHOOL\Masters\Capstone_FMA_Project\data\external_audio_batch\Folk\Folk__pm007__The_Treeplanting_Song.mp3,4,genre_4,Jazz,0.05585041269659996,0.08450382947921753,Low,0,0.0,0,0,0,2,0,Secondary associated genre
Folk__pantoufle_tagada__I_Hope_You_re_Happy_With_Me,E:\SCHOOL\Masters\Capstone_FMA_Project\data\external_audio_batch\Folk\Folk__pantoufle_tagada__I_Hope_You_re_Happy_With_Me.mp3,15,genre_15,Electronic,0.6872439384460449,0.8730604648590088,Moderate,8,1.0,7,8,8,2,1,Primary genre
Folk__pantoufle_tagada__I_Hope_You_re_Happy_With_Me,E:\SCHOOL\Masters\Capstone_FMA_Project\data\external_audio_batch\Folk\Folk__pantoufle_tagada__I_Hope_You_re_Happy_With_Me.mp3,38,genre_38,Experimental,0.31613457202911377,0.4924400746822357,Low-to-moderate,7,0.875,1,6,8,2,1,Secondary associated genre
Folk__pantoufle_tagada__I_Hope_You_re_Happy_With_Me,E:\SCHOOL\Masters\Capstone_FMA_Project\data\external_audio_batch\Folk\Folk__pantoufle_tagada__I_Hope_You_re_Happy_With_Me.mp3,21,genre_21,Hip-Hop,0.21183635294437408,0.2902584969997406,Low,6,0.75,0,4,6,2,1,Secondary associated genre
Folk__pantoufle_tagada__I_Hope_You_re_Happy_With_Me,E:\SCHOOL\Masters\Capstone_FMA_Project\data\external_audio_batch\Folk\Folk__pantoufle_tagada__I_Hope_You_re_Happy_With_Me.mp3,1235,genre_1235,Instrumental,0.17599260807037354,0.2361009269952774,Low,4,0.5,0,1,6,2,0,Secondary associated genre
Folk__pantoufle_tagada__I_Hope_You_re_Happy_With_Me,E:\SCHOOL\Masters\Capstone_FMA_Project\data\external_audio_batch\Folk\Folk__pantoufle_tagada__I_Hope_You_re_Happy_With_Me.mp3,12,genre_12,Rock,0.17513814568519592,0.24602727591991425,Low,2,0.25,0,3,4,2,0,Secondary associated genre
Folk__pantoufle_tagada__I_Hope_You_re_Happy_With_Me,E:\SCHOOL\Masters\Capstone_FMA_Project\data\external_audio_batch\Folk\Folk__pantoufle_tagada__I_Hope_You_re_Happy_With_Me.mp3,10,genre_10,Pop,0.16920828819274902,0.24497327208518982,Low,3,0.375,0,2,8,2,0,Secondary associated genre
Folk__pantoufle_tagada__I_Hope_You_re_Happy_With_Me,E:\SCHOOL\Masters\Capstone_FMA_Project\data\external_audio_batch\Folk\Folk__pantoufle_tagada__I_Hope_You_re_Happy_With_Me.mp3,42,genre_42,Ambient Electronic,0.08227801322937012,0.11398978531360626,Low,0,0.0,0,0,0,2,0,Subgenre/child under primary genre
Folk__pantoufle_tagada__I_Hope_You_re_Happy_With_Me,E:\SCHOOL\Masters\Capstone_FMA_Project\data\external_audio_batch\Folk\Folk__pantoufle_tagada__I_Hope_You_re_Happy_With_Me.mp3,18,genre_18,Soundtrack,0.08014240860939026,0.11760354787111282,Low,0,0.0,0,0,0,2,0,Secondary associated genre
Folk__pantoufle_tagada__I_Hope_You_re_Happy_With_Me,E:\SCHOOL\Masters\Capstone_FMA_Project\data\external_audio_batch\Folk\Folk__pantoufle_tagada__I_Hope_You_re_Happy_With_Me.mp3,76,genre_76,Experimental Pop,0.07860397547483444,0.09831185638904572,Low,0,0.0,0,0,0,2,0,Secondary associated genre
Folk__pantoufle_tagada__I_Hope_You_re_Happy_With_Me,E:\SCHOOL\Masters\Capstone_FMA_Project\data\external_audio_batch\Folk\Folk__pantoufle_tagada__I_Hope_You_re_Happy_With_Me.mp3,811,genre_811,Hip-Hop Beats,0.07436340302228928,0.11852382123470306,Low,0,0.0,0,0,0,2,0,Secondary associated genre
Folk__pantoufle_tagada__I_Hope_You_re_Happy_With_Me,E:\SCHOOL\Masters\Capstone_FMA_Project\data\external_audio_batch\Folk\Folk__pantoufle_tagada__I_Hope_You_re_Happy_With_Me.mp3,2,genre_2,International,0.06364616006612778,0.08785945177078247,Low,0,0.0,0,0,0,2,0,Secondary associated genre
Folk__pantoufle_tagada__I_Hope_You_re_Happy_With_Me,E:\SCHOOL\Masters\Capstone_FMA_Project\data\external_audio_batch\Folk\Folk__pantoufle_tagada__I_Hope_You_re_Happy_With_Me.mp3,32,genre_32,Noise,0.04633176326751709,0.10766425728797913,Low,0,0.0,0,0,0,2,0,Secondary associated genre
Folk__pantoufle_tagada__I_Hope_You_re_Happy_With_Me,E:\SCHOOL\Masters\Capstone_FMA_Project\data\external_audio_batch\Folk\Folk__pantoufle_tagada__I_Hope_You_re_Happy_With_Me.mp3,495,genre_495,Downtempo,0.04555760696530342,0.08604888617992401,Low,0,0.0,0,0,0,2,0,Subgenre/child under primary genre
Folk__pantoufle_tagada__I_Hope_You_re_Happy_With_Me,E:\SCHOOL\Masters\Capstone_FMA_Project\data\external_audio_batch\Folk\Folk__pantoufle_tagada__I_Hope_You_re_Happy_With_Me.mp3,236,genre_236,IDM,0.04402606189250946,0.07895636558532715,Low,0,0.0,0,0,0,2,0,Subgenre/child under primary genre
Folk__pantoufle_tagada__I_Hope_You_re_Happy_With_Me,E:\SCHOOL\Masters\Capstone_FMA_Project\data\external_audio_batch\Folk\Folk__pantoufle_tagada__I_Hope_You_re_Happy_With_Me.mp3,17,genre_17,Folk,0.0434277318418026,0.09826511144638062,Low,0,0.0,0,0,0,2,0,Secondary associated genre
Folk__DDW001__02_-_Built_From_Sticks_-_Here_comes_the_circus,E:\SCHOOL\Masters\Capstone_FMA_Project\data\external_audio_batch\Folk\Folk__DDW001__02_-_Built_From_Sticks_-_Here_comes_the_circus.flac,17,genre_17,Folk,0.5318683981895447,0.6622846722602844,Moderate,7,0.875,7,7,8,2,1,Primary genre
Folk__DDW001__02_-_Built_From_Sticks_-_Here_comes_the_circus,E:\SCHOOL\Masters\Capstone_FMA_Project\data\external_audio_batch\Folk\Folk__DDW001__02_-_Built_From_Sticks_-_Here_comes_the_circus.flac,12,genre_12,Rock,0.3398866355419159,0.5564311146736145,Low-to-moderate,7,0.875,0,6,7,2,1,Secondary associated genre
Folk__DDW001__02_-_Built_From_Sticks_-_Here_comes_the_circus,E:\SCHOOL\Masters\Capstone_FMA_Project\data\external_audio_batch\Folk\Folk__DDW001__02_-_Built_From_Sticks_-_Here_comes_the_circus.flac,38,genre_38,Experimental,0.2962021231651306,0.5422998666763306,Low,8,1.0,1,4,8,2,1,Secondary associated genre
Folk__DDW001__02_-_Built_From_Sticks_-_Here_comes_the_circus,E:\SCHOOL\Masters\Capstone_FMA_Project\data\external_audio_batch\Folk\Folk__DDW001__02_-_Built_From_Sticks_-_Here_comes_the_circus.flac,103,genre_103,Singer-Songwriter,0.27989351749420166,0.3944539725780487,Low,7,0.875,0,5,7,2,1,Subgenre/child under primary genre
Folk__DDW001__02_-_Built_From_Sticks_-_Here_comes_the_circus,E:\SCHOOL\Masters\Capstone_FMA_Project\data\external_audio_batch\Folk\Folk__DDW001__02_-_Built_From_Sticks_-_Here_comes_the_circus.flac,10,genre_10,Pop,0.20702944695949554,0.29857611656188965,Low,5,0.625,0,0,7,2,1,Secondary associated genre
Folk__DDW001__02_-_Built_From_Sticks_-_Here_comes_the_circus,E:\SCHOOL\Masters\Capstone_FMA_Project\data\external_audio_batch\Folk\Folk__DDW001__02_-_Built_From_Sticks_-_Here_comes_the_circus.flac,1235,genre_1235,Instrumental,0.1737825870513916,0.33712413907051086,Low,2,0.25,0,1,1,2,0,Secondary associated genre
Folk__DDW001__02_-_Built_From_Sticks_-_Here_comes_the_circus,E:\SCHOOL\Masters\Capstone_FMA_Project\data\external_audio_batch\Folk\Folk__DDW001__02_-_Built_From_Sticks_-_Here_comes_the_circus.flac,15,genre_15,Electronic,0.11907219886779785,0.27331098914146423,Low,1,0.125,0,1,1,2,0,Secondary associated genre
Folk__DDW001__02_-_Built_From_Sticks_-_Here_comes_the_circus,E:\SCHOOL\Masters\Capstone_FMA_Project\data\external_audio_batch\Folk\Folk__DDW001__02_-_Built_From_Sticks_-_Here_comes_the_circus.flac,66,genre_66,Indie-Rock,0.11346942186355591,0.19428057968616486,Low,0,0.0,0,0,0,2,0,Secondary associated genre
Folk__DDW001__02_-_Built_From_Sticks_-_Here_comes_the_circus,E:\SCHOOL\Masters\Capstone_FMA_Project\data\external_audio_batch\Folk\Folk__DDW001__02_-_Built_From_Sticks_-_Here_comes_the_circus.flac,27,genre_27,Lo-Fi,0.10526382178068161,0.1547868847846985,Low,0,0.0,0,0,0,2,0,Secondary associated genre
Folk__DDW001__02_-_Built_From_Sticks_-_Here_comes_the_circus,E:\SCHOOL\Masters\Capstone_FMA_Project\data\external_audio_batch\Folk\Folk__DDW001__02_-_Built_From_Sticks_-_Here_comes_the_circus.flac,33,genre_33,Psych-Folk,0.0810694620013237,0.09312684834003448,Low,0,0.0,0,0,0,2,0,Subgenre/child under primary genre
Folk__DDW001__02_-_Built_From_Sticks_-_Here_comes_the_circus,E:\SCHOOL\Masters\Capstone_FMA_Project\data\external_audio_batch\Folk\Folk__DDW001__02_-_Built_From_Sticks_-_Here_comes_the_circus.flac,18,genre_18,Soundtrack,0.07204999029636383,0.14359118044376373,Low,0,0.0,0,0,0,2,0,Secondary associated genre
Folk__DDW001__02_-_Built_From_Sticks_-_Here_comes_the_circus,E:\SCHOOL\Masters\Capstone_FMA_Project\data\external_audio_batch\Folk\Folk__DDW001__02_-_Built_From_Sticks_-_Here_comes_the_circus.flac,76,genre_76,Experimental Pop,0.07176310569047928,0.08901707828044891,Low,0,0.0,0,0,0,2,0,Secondary associated genre
Folk__DDW001__02_-_Built_From_Sticks_-_Here_comes_the_circus,E:\SCHOOL\Masters\Capstone_FMA_Project\data\external_audio_batch\Folk\Folk__DDW001__02_-_Built_From_Sticks_-_Here_comes_the_circus.flac,9,genre_9,Country,0.06668702512979507,0.10623452067375183,Low,0,0.0,0,0,0,2,0,Secondary associated genre
Folk__DDW001__02_-_Built_From_Sticks_-_Here_comes_the_circus,E:\SCHOOL\Masters\Capstone_FMA_Project\data\external_audio_batch\Folk\Folk__DDW001__02_-_Built_From_Sticks_-_Here_comes_the_circus.flac,5,genre_5,Classical,0.06298433244228363,0.22701194882392883,Low,1,0.125,0,0,1,2,0,Secondary associated genre
Folk__DDW001__02_-_Built_From_Sticks_-_Here_comes_the_circus,E:\SCHOOL\Masters\Capstone_FMA_Project\data\external_audio_batch\Folk\Folk__DDW001__02_-_Built_From_Sticks_-_Here_comes_the_circus.flac,4,genre_4,Jazz,0.05738978832960129,0.07677929103374481,Low,0,0.0,0,0,0,2,0,Secondary associated genre
Folk__ca201_meg__My_Orchard_Fire,E:\SCHOOL\Masters\Capstone_FMA_Project\data\external_audio_batch\Folk\Folk__ca201_meg__My_Orchard_Fire.mp3,17,genre_17,Folk,0.5878394246101379,0.6477444171905518,Moderate,8,1.0,8,8,8,2,1,Primary genre
Folk__ca201_meg__My_Orchard_Fire,E:\SCHOOL\Masters\Capstone_FMA_Project\data\external_audio_batch\Folk\Folk__ca201_meg__My_Orchard_Fire.mp3,38,genre_38,Experimental,0.3531245291233063,0.4239722192287445,Low-to-moderate,8,1.0,0,7,8,2,1,Secondary associated genre
Folk__ca201_meg__My_Orchard_Fire,E:\SCHOOL\Masters\Capstone_FMA_Project\data\external_audio_batch\Folk\Folk__ca201_meg__My_Orchard_Fire.mp3,103,genre_103,Singer-Songwriter,0.34978917241096497,0.4000856280326843,Low-to-moderate,8,1.0,0,7,8,2,1,Subgenre/child under primary genre
Folk__ca201_meg__My_Orchard_Fire,E:\SCHOOL\Masters\Capstone_FMA_Project\data\external_audio_batch\Folk\Folk__ca201_meg__My_Orchard_Fire.mp3,12,genre_12,Rock,0.2741313576698303,0.35720035433769226,Low,8,1.0,0,2,8,2,1,Secondary associated genre
Folk__ca201_meg__My_Orchard_Fire,E:\SCHOOL\Masters\Capstone_FMA_Project\data\external_audio_batch\Folk\Folk__ca201_meg__My_Orchard_Fire.mp3,10,genre_10,Pop,0.22047573328018188,0.2379237711429596,Low,6,0.75,0,0,8,2,1,Secondary associated genre
Folk__ca201_meg__My_Orchard_Fire,E:\SCHOOL\Masters\Capstone_FMA_Project\data\external_audio_batch\Folk\Folk__ca201_meg__My_Orchard_Fire.mp3,27,genre_27,Lo-Fi,0.1330399066209793,0.1428406834602356,Low,0,0.0,0,0,0,2,0,Secondary associated genre
Folk__ca201_meg__My_Orchard_Fire,E:\SCHOOL\Masters\Capstone_FMA_Project\data\external_audio_batch\Folk\Folk__ca201_meg__My_Orchard_Fire.mp3,3,genre_3,Blues,0.10206548869609833,0.12376794219017029,Low,0,0.0,0,0,0,2,0,Secondary associated genre
Folk__ca201_meg__My_Orchard_Fire,E:\SCHOOL\Masters\Capstone_FMA_Project\data\external_audio_batch\Folk\Folk__ca201_meg__My_Orchard_Fire.mp3,76,genre_76,Experimental Pop,0.09945110231637955,0.11271259933710098,Low,0,0.0,0,0,0,2,0,Secondary associated genre
Folk__ca201_meg__My_Orchard_Fire,E:\SCHOOL\Masters\Capstone_FMA_Project\data\external_audio_batch\Folk\Folk__ca201_meg__My_Orchard_Fire.mp3,2,genre_2,International,0.0985732451081276,0.1125689446926117,Low,0,0.0,0,0,0,2,0,Secondary associated genre
Folk__ca201_meg__My_Orchard_Fire,E:\SCHOOL\Masters\Capstone_FMA_Project\data\external_audio_batch\Folk\Folk__ca201_meg__My_Orchard_Fire.mp3,1,genre_1,Avant-Garde,0.09525661915540695,0.1288045048713684,Low,0,0.0,0,0,0,2,0,Secondary associated genre
Folk__ca201_meg__My_Orchard_Fire,E:\SCHOOL\Masters\Capstone_FMA_Project\data\external_audio_batch\Folk\Folk__ca201_meg__My_Orchard_Fire.mp3,15,genre_15,Electronic,0.0886678397655487,0.1381222903728485,Low,0,0.0,0,0,0,2,0,Secondary associated genre
Folk__ca201_meg__My_Orchard_Fire,E:\SCHOOL\Masters\Capstone_FMA_Project\data\external_audio_batch\Folk\Folk__ca201_meg__My_Orchard_Fire.mp3,66,genre_66,Indie-Rock,0.07750342786312103,0.10372395813465118,Low,0,0.0,0,0,0,2,0,Secondary associated genre
Folk__ca201_meg__My_Orchard_Fire,E:\SCHOOL\Masters\Capstone_FMA_Project\data\external_audio_batch\Folk\Folk__ca201_meg__My_Orchard_Fire.mp3,1235,genre_1235,Instrumental,0.06908347457647324,0.12477011233568192,Low,0,0.0,0,0,0,2,0,Secondary associated genre
Folk__ca201_meg__My_Orchard_Fire,E:\SCHOOL\Masters\Capstone_FMA_Project\data\external_audio_batch\Folk\Folk__ca201_meg__My_Orchard_Fire.mp3,250,genre_250,Improv,0.06873355060815811,0.11989054828882217,Low,0,0.0,0,0,0,2,0,Secondary associated genre
Folk__ca201_meg__My_Orchard_Fire,E:\SCHOOL\Masters\Capstone_FMA_Project\data\external_audio_batch\Folk\Folk__ca201_meg__My_Orchard_Fire.mp3,9,genre_9,Country,0.06851709634065628,0.08250489830970764,Low,0,0.0,0,0,0,2,0,Secondary associated genre
Folk__ekleipsi23__system_1,E:\SCHOOL\Masters\Capstone_FMA_Project\data\external_audio_batch\Folk\Folk__ekleipsi23__system_1.mp3,38,genre_38,Experimental,0.5555498600006104,0.6505526304244995,Moderate,8,1.0,8,8,8,2,1,Primary genre
Folk__ekleipsi23__system_1,E:\SCHOOL\Masters\Capstone_FMA_Project\data\external_audio_batch\Folk\Folk__ekleipsi23__system_1.mp3,15,genre_15,Electronic,0.37537795305252075,0.48050668835639954,Low-to-moderate,8,1.0,0,8,8,2,1,Secondary associated genre
Folk__ekleipsi23__system_1,E:\SCHOOL\Masters\Capstone_FMA_Project\data\external_audio_batch\Folk\Folk__ekleipsi23__system_1.mp3,12,genre_12,Rock,0.32697874307632446,0.40946319699287415,Low-to-moderate,8,1.0,0,8,8,2,1,Secondary associated genre
Folk__ekleipsi23__system_1,E:\SCHOOL\Masters\Capstone_FMA_Project\data\external_audio_batch\Folk\Folk__ekleipsi23__system_1.mp3,1235,genre_1235,Instrumental,0.12545400857925415,0.20706403255462646,Low,1,0.125,0,0,4,2,0,Secondary associated genre
Folk__ekleipsi23__system_1,E:\SCHOOL\Masters\Capstone_FMA_Project\data\external_audio_batch\Folk\Folk__ekleipsi23__system_1.mp3,10,genre_10,Pop,0.10800052434206009,0.15588848292827606,Low,0,0.0,0,0,5,2,0,Secondary associated genre
Folk__ekleipsi23__system_1,E:\SCHOOL\Masters\Capstone_FMA_Project\data\external_audio_batch\Folk\Folk__ekleipsi23__system_1.mp3,32,genre_32,Noise,0.0914570689201355,0.10964474081993103,Low,0,0.0,0,0,2,2,0,Subgenre/child under primary genre
Folk__ekleipsi23__system_1,E:\SCHOOL\Masters\Capstone_FMA_Project\data\external_audio_batch\Folk\Folk__ekleipsi23__system_1.mp3,1,genre_1,Avant-Garde,0.08964022248983383,0.14387989044189453,Low,0,0.0,0,0,0,2,0,Subgenre/child under primary genre
Folk__ekleipsi23__system_1,E:\SCHOOL\Masters\Capstone_FMA_Project\data\external_audio_batch\Folk\Folk__ekleipsi23__system_1.mp3,41,genre_41,Electroacoustic,0.08815255761146545,0.11920934915542603,Low,0,0.0,0,0,2,2,0,Subgenre/child under primary genre
Folk__ekleipsi23__system_1,E:\SCHOOL\Masters\Capstone_FMA_Project\data\external_audio_batch\Folk\Folk__ekleipsi23__system_1.mp3,25,genre_25,Punk,0.07022082805633545,0.09990032762289047,Low,0,0.0,0,0,0,2,0,Secondary associated genre
Folk__ekleipsi23__system_1,E:\SCHOOL\Masters\Capstone_FMA_Project\data\external_audio_batch\Folk\Folk__ekleipsi23__system_1.mp3,17,genre_17,Folk,0.06765969097614288,0.177893728017807,Low,0,0.0,0,0,1,2,0,Secondary associated genre
Folk__ekleipsi23__system_1,E:\SCHOOL\Masters\Capstone_FMA_Project\data\external_audio_batch\Folk\Folk__ekleipsi23__system_1.mp3,21,genre_21,Hip-Hop,0.06712964922189713,0.13918045163154602,Low,0,0.0,0,0,2,2,0,Secondary associated genre
Folk__ekleipsi23__system_1,E:\SCHOOL\Masters\Capstone_FMA_Project\data\external_audio_batch\Folk\Folk__ekleipsi23__system_1.mp3,250,genre_250,Improv,0.06593353301286697,0.11652476340532303,Low,0,0.0,0,0,0,2,0,Subgenre/child under primary genre
Folk__ekleipsi23__system_1,E:\SCHOOL\Masters\Capstone_FMA_Project\data\external_audio_batch\Folk\Folk__ekleipsi23__system_1.mp3,76,genre_76,Experimental Pop,0.05881664156913757,0.07697944343090057,Low,0,0.0,0,0,0,2,0,Secondary associated genre
Folk__ekleipsi23__system_1,E:\SCHOOL\Masters\Capstone_FMA_Project\data\external_audio_batch\Folk\Folk__ekleipsi23__system_1.mp3,107,genre_107,Ambient,0.05356370657682419,0.09070960432291031,Low,0,0.0,0,0,0,2,0,Secondary associated genre
Folk__ekleipsi23__system_1,E:\SCHOOL\Masters\Capstone_FMA_Project\data\external_audio_batch\Folk\Folk__ekleipsi23__system_1.mp3,27,genre_27,Lo-Fi,0.04917758330702782,0.09671837091445923,Low,0,0.0,0,0,0,2,0,Secondary associated genre
Hip-Hop__DWK123__Soul_Key,E:\SCHOOL\Masters\Capstone_FMA_Project\data\external_audio_batch\Hip-Hop\Hip-Hop__DWK123__Soul_Key.mp3,21,genre_21,Hip-Hop,0.36682993173599243,0.48089399933815,Low-to-moderate,7,0.875,6,6,7,2,1,Primary genre
Hip-Hop__DWK123__Soul_Key,E:\SCHOOL\Masters\Capstone_FMA_Project\data\external_audio_batch\Hip-Hop\Hip-Hop__DWK123__Soul_Key.mp3,15,genre_15,Electronic,0.3014412820339203,0.4702506363391876,Low-to-moderate,7,0.875,0,7,7,2,1,Secondary associated genre
Hip-Hop__DWK123__Soul_Key,E:\SCHOOL\Masters\Capstone_FMA_Project\data\external_audio_batch\Hip-Hop\Hip-Hop__DWK123__Soul_Key.mp3,38,genre_38,Experimental,0.2723624110221863,0.6202563643455505,Low,5,0.625,2,2,8,2,1,Secondary associated genre
Hip-Hop__DWK123__Soul_Key,E:\SCHOOL\Masters\Capstone_FMA_Project\data\external_audio_batch\Hip-Hop\Hip-Hop__DWK123__Soul_Key.mp3,12,genre_12,Rock,0.2685281038284302,0.35550522804260254,Low,7,0.875,0,7,8,2,1,Secondary associated genre
Hip-Hop__DWK123__Soul_Key,E:\SCHOOL\Masters\Capstone_FMA_Project\data\external_audio_batch\Hip-Hop\Hip-Hop__DWK123__Soul_Key.mp3,10,genre_10,Pop,0.1930997520685196,0.23018677532672882,Low,6,0.75,0,0,6,2,0,Secondary associated genre
Hip-Hop__DWK123__Soul_Key,E:\SCHOOL\Masters\Capstone_FMA_Project\data\external_audio_batch\Hip-Hop\Hip-Hop__DWK123__Soul_Key.mp3,2,genre_2,International,0.1430540829896927,0.18849532306194305,Low,0,0.0,0,0,1,2,0,Secondary associated genre
Hip-Hop__DWK123__Soul_Key,E:\SCHOOL\Masters\Capstone_FMA_Project\data\external_audio_batch\Hip-Hop\Hip-Hop__DWK123__Soul_Key.mp3,17,genre_17,Folk,0.1146061047911644,0.22247859835624695,Low,1,0.125,0,1,1,2,0,Secondary associated genre
Hip-Hop__DWK123__Soul_Key,E:\SCHOOL\Masters\Capstone_FMA_Project\data\external_audio_batch\Hip-Hop\Hip-Hop__DWK123__Soul_Key.mp3,76,genre_76,Experimental Pop,0.0913686454296112,0.10832677036523819,Low,0,0.0,0,0,0,2,0,Secondary associated genre
Hip-Hop__DWK123__Soul_Key,E:\SCHOOL\Masters\Capstone_FMA_Project\data\external_audio_batch\Hip-Hop\Hip-Hop__DWK123__Soul_Key.mp3,14,genre_14,Soul-RnB,0.07230706512928009,0.09612950682640076,Low,0,0.0,0,0,0,2,0,Secondary associated genre
Hip-Hop__DWK123__Soul_Key,E:\SCHOOL\Masters\Capstone_FMA_Project\data\external_audio_batch\Hip-Hop\Hip-Hop__DWK123__Soul_Key.mp3,25,genre_25,Punk,0.07204734534025192,0.1233220174908638,Low,0,0.0,0,0,0,2,0,Secondary associated genre
Hip-Hop__DWK123__Soul_Key,E:\SCHOOL\Masters\Capstone_FMA_Project\data\external_audio_batch\Hip-Hop\Hip-Hop__DWK123__Soul_Key.mp3,27,genre_27,Lo-Fi,0.05578979104757309,0.1629955768585205,Low,0,0.0,0,0,0,2,0,Secondary associated genre
Hip-Hop__DWK123__Soul_Key,E:\SCHOOL\Masters\Capstone_FMA_Project\data\external_audio_batch\Hip-Hop\Hip-Hop__DWK123__Soul_Key.mp3,1235,genre_1235,Instrumental,0.05229227989912033,0.10005373507738113,Low,0,0.0,0,0,0,2,0,Secondary associated genre
Hip-Hop__DWK123__Soul_Key,E:\SCHOOL\Masters\Capstone_FMA_Project\data\external_audio_batch\Hip-Hop\Hip-Hop__DWK123__Soul_Key.mp3,1,genre_1,Avant-Garde,0.05126437544822693,0.16606473922729492,Low,0,0.0,0,0,1,2,0,Secondary associated genre
Hip-Hop__DWK123__Soul_Key,E:\SCHOOL\Masters\Capstone_FMA_Project\data\external_audio_batch\Hip-Hop\Hip-Hop__DWK123__Soul_Key.mp3,4,genre_4,Jazz,0.03889951854944229,0.09830650687217712,Low,0,0.0,0,0,0,2,0,Secondary associated genre
Hip-Hop__DWK123__Soul_Key,E:\SCHOOL\Masters\Capstone_FMA_Project\data\external_audio_batch\Hip-Hop\Hip-Hop__DWK123__Soul_Key.mp3,20,genre_20,Spoken,0.03634059429168701,0.192658931016922,Low,0,0.0,0,1,1,2,0,Secondary associated genre
Hip-Hop__DWK031__Aydio_-_01_-_Track,E:\SCHOOL\Masters\Capstone_FMA_Project\data\external_audio_batch\Hip-Hop\Hip-Hop__DWK031__Aydio_-_01_-_Track.mp3,38,genre_38,Experimental,0.554200291633606,0.7807530760765076,Moderate,8,1.0,5,8,8,2,1,Primary genre
Hip-Hop__DWK031__Aydio_-_01_-_Track,E:\SCHOOL\Masters\Capstone_FMA_Project\data\external_audio_batch\Hip-Hop\Hip-Hop__DWK031__Aydio_-_01_-_Track.mp3,15,genre_15,Electronic,0.3600614070892334,0.5326879024505615,Low-to-moderate,7,0.875,3,8,8,2,1,Secondary associated genre
Hip-Hop__DWK031__Aydio_-_01_-_Track,E:\SCHOOL\Masters\Capstone_FMA_Project\data\external_audio_batch\Hip-Hop\Hip-Hop__DWK031__Aydio_-_01_-_Track.mp3,12,genre_12,Rock,0.2306228131055832,0.32138681411743164,Low,6,0.75,0,4,7,2,1,Secondary associated genre
Hip-Hop__DWK031__Aydio_-_01_-_Track,E:\SCHOOL\Masters\Capstone_FMA_Project\data\external_audio_batch\Hip-Hop\Hip-Hop__DWK031__Aydio_-_01_-_Track.mp3,1235,genre_1235,Instrumental,0.18735277652740479,0.2942088842391968,Low,4,0.5,0,4,6,2,0,Secondary associated genre
Hip-Hop__DWK031__Aydio_-_01_-_Track,E:\SCHOOL\Masters\Capstone_FMA_Project\data\external_audio_batch\Hip-Hop\Hip-Hop__DWK031__Aydio_-_01_-_Track.mp3,10,genre_10,Pop,0.13707494735717773,0.2670116424560547,Low,2,0.25,0,0,3,2,0,Secondary associated genre
Hip-Hop__DWK031__Aydio_-_01_-_Track,E:\SCHOOL\Masters\Capstone_FMA_Project\data\external_audio_batch\Hip-Hop\Hip-Hop__DWK031__Aydio_-_01_-_Track.mp3,17,genre_17,Folk,0.10912788659334183,0.14546136558055878,Low,0,0.0,0,0,1,2,0,Secondary associated genre
Hip-Hop__DWK031__Aydio_-_01_-_Track,E:\SCHOOL\Masters\Capstone_FMA_Project\data\external_audio_batch\Hip-Hop\Hip-Hop__DWK031__Aydio_-_01_-_Track.mp3,1,genre_1,Avant-Garde,0.1016288697719574,0.1429186910390854,Low,0,0.0,0,0,1,2,0,Subgenre/child under primary genre
Hip-Hop__DWK031__Aydio_-_01_-_Track,E:\SCHOOL\Masters\Capstone_FMA_Project\data\external_audio_batch\Hip-Hop\Hip-Hop__DWK031__Aydio_-_01_-_Track.mp3,107,genre_107,Ambient,0.09628824889659882,0.17445634305477142,Low,0,0.0,0,0,3,2,0,Secondary associated genre
Hip-Hop__DWK031__Aydio_-_01_-_Track,E:\SCHOOL\Masters\Capstone_FMA_Project\data\external_audio_batch\Hip-Hop\Hip-Hop__DWK031__Aydio_-_01_-_Track.mp3,32,genre_32,Noise,0.08763855695724487,0.1454426497220993,Low,0,0.0,0,0,1,2,0,Subgenre/child under primary genre
Hip-Hop__DWK031__Aydio_-_01_-_Track,E:\SCHOOL\Masters\Capstone_FMA_Project\data\external_audio_batch\Hip-Hop\Hip-Hop__DWK031__Aydio_-_01_-_Track.mp3,76,genre_76,Experimental Pop,0.08593214303255081,0.13366694748401642,Low,0,0.0,0,0,1,2,0,Secondary associated genre
Hip-Hop__DWK031__Aydio_-_01_-_Track,E:\SCHOOL\Masters\Capstone_FMA_Project\data\external_audio_batch\Hip-Hop\Hip-Hop__DWK031__Aydio_-_01_-_Track.mp3,27,genre_27,Lo-Fi,0.08108608424663544,0.10829546302556992,Low,0,0.0,0,0,0,2,0,Secondary associated genre
Hip-Hop__DWK031__Aydio_-_01_-_Track,E:\SCHOOL\Masters\Capstone_FMA_Project\data\external_audio_batch\Hip-Hop\Hip-Hop__DWK031__Aydio_-_01_-_Track.mp3,41,genre_41,Electroacoustic,0.07744235545396805,0.13056428730487823,Low,0,0.0,0,0,0,2,0,Subgenre/child under primary genre
Hip-Hop__DWK031__Aydio_-_01_-_Track,E:\SCHOOL\Masters\Capstone_FMA_Project\data\external_audio_batch\Hip-Hop\Hip-Hop__DWK031__Aydio_-_01_-_Track.mp3,250,genre_250,Improv,0.07315249741077423,0.16195449233055115,Low,0,0.0,0,0,1,2,0,Subgenre/child under primary genre
Hip-Hop__DWK031__Aydio_-_01_-_Track,E:\SCHOOL\Masters\Capstone_FMA_Project\data\external_audio_batch\Hip-Hop\Hip-Hop__DWK031__Aydio_-_01_-_Track.mp3,42,genre_42,Ambient Electronic,0.06723523139953613,0.08992099016904831,Low,0,0.0,0,0,0,2,0,Secondary associated genre
Hip-Hop__DWK031__Aydio_-_01_-_Track,E:\SCHOOL\Masters\Capstone_FMA_Project\data\external_audio_batch\Hip-Hop\Hip-Hop__DWK031__Aydio_-_01_-_Track.mp3,18,genre_18,Soundtrack,0.06058138236403465,0.08792835474014282,Low,0,0.0,0,0,0,2,0,Secondary associated genre
Hip-Hop__dystopiaq029__Times_re_Changin,E:\SCHOOL\Masters\Capstone_FMA_Project\data\external_audio_batch\Hip-Hop\Hip-Hop__dystopiaq029__Times_re_Changin.mp3,15,genre_15,Electronic,0.4655654728412628,0.7481167316436768,Low-to-moderate,6,0.75,4,7,7,2,1,Primary genre
Hip-Hop__dystopiaq029__Times_re_Changin,E:\SCHOOL\Masters\Capstone_FMA_Project\data\external_audio_batch\Hip-Hop\Hip-Hop__dystopiaq029__Times_re_Changin.mp3,38,genre_38,Experimental,0.4555404782295227,0.7698121070861816,Low-to-moderate,8,1.0,3,7,8,2,1,Secondary associated genre
Hip-Hop__dystopiaq029__Times_re_Changin,E:\SCHOOL\Masters\Capstone_FMA_Project\data\external_audio_batch\Hip-Hop\Hip-Hop__dystopiaq029__Times_re_Changin.mp3,21,genre_21,Hip-Hop,0.31073638796806335,0.52519690990448,Low-to-moderate,5,0.625,1,5,6,2,1,Secondary associated genre
Hip-Hop__dystopiaq029__Times_re_Changin,E:\SCHOOL\Masters\Capstone_FMA_Project\data\external_audio_batch\Hip-Hop\Hip-Hop__dystopiaq029__Times_re_Changin.mp3,12,genre_12,Rock,0.22729678452014923,0.27460727095603943,Low,7,0.875,0,3,7,2,1,Secondary associated genre
Hip-Hop__dystopiaq029__Times_re_Changin,E:\SCHOOL\Masters\Capstone_FMA_Project\data\external_audio_batch\Hip-Hop\Hip-Hop__dystopiaq029__Times_re_Changin.mp3,10,genre_10,Pop,0.1218181625008583,0.18959224224090576,Low,0,0.0,0,0,5,2,0,Secondary associated genre
Hip-Hop__dystopiaq029__Times_re_Changin,E:\SCHOOL\Masters\Capstone_FMA_Project\data\external_audio_batch\Hip-Hop\Hip-Hop__dystopiaq029__Times_re_Changin.mp3,1,genre_1,Avant-Garde,0.10194552689790726,0.30479517579078674,Low,1,0.125,0,1,3,2,0,Secondary associated genre
Hip-Hop__dystopiaq029__Times_re_Changin,E:\SCHOOL\Masters\Capstone_FMA_Project\data\external_audio_batch\Hip-Hop\Hip-Hop__dystopiaq029__Times_re_Changin.mp3,1235,genre_1235,Instrumental,0.0981859415769577,0.12858878076076508,Low,0,0.0,0,0,0,2,0,Secondary associated genre
Hip-Hop__dystopiaq029__Times_re_Changin,E:\SCHOOL\Masters\Capstone_FMA_Project\data\external_audio_batch\Hip-Hop\Hip-Hop__dystopiaq029__Times_re_Changin.mp3,2,genre_2,International,0.09784772247076035,0.12299887090921402,Low,0,0.0,0,0,0,2,0,Secondary associated genre
Hip-Hop__dystopiaq029__Times_re_Changin,E:\SCHOOL\Masters\Capstone_FMA_Project\data\external_audio_batch\Hip-Hop\Hip-Hop__dystopiaq029__Times_re_Changin.mp3,250,genre_250,Improv,0.08029040694236755,0.24438868463039398,Low,1,0.125,0,0,2,2,0,Secondary associated genre
Hip-Hop__dystopiaq029__Times_re_Changin,E:\SCHOOL\Masters\Capstone_FMA_Project\data\external_audio_batch\Hip-Hop\Hip-Hop__dystopiaq029__Times_re_Changin.mp3,17,genre_17,Folk,0.0735175684094429,0.25521862506866455,Low,1,0.125,0,1,1,2,0,Secondary associated genre
Hip-Hop__dystopiaq029__Times_re_Changin,E:\SCHOOL\Masters\Capstone_FMA_Project\data\external_audio_batch\Hip-Hop\Hip-Hop__dystopiaq029__Times_re_Changin.mp3,32,genre_32,Noise,0.06602412462234497,0.12282256036996841,Low,0,0.0,0,0,0,2,0,Secondary associated genre
Hip-Hop__dystopiaq029__Times_re_Changin,E:\SCHOOL\Masters\Capstone_FMA_Project\data\external_audio_batch\Hip-Hop\Hip-Hop__dystopiaq029__Times_re_Changin.mp3,76,genre_76,Experimental Pop,0.06298186630010605,0.09720352292060852,Low,0,0.0,0,0,0,2,0,Secondary associated genre
Hip-Hop__dystopiaq029__Times_re_Changin,E:\SCHOOL\Masters\Capstone_FMA_Project\data\external_audio_batch\Hip-Hop\Hip-Hop__dystopiaq029__Times_re_Changin.mp3,41,genre_41,Electroacoustic,0.05605979636311531,0.1325664520263672,Low,0,0.0,0,0,0,2,0,Secondary associated genre
Hip-Hop__dystopiaq029__Times_re_Changin,E:\SCHOOL\Masters\Capstone_FMA_Project\data\external_audio_batch\Hip-Hop\Hip-Hop__dystopiaq029__Times_re_Changin.mp3,20,genre_20,Spoken,0.05359878018498421,0.24484437704086304,Low,1,0.125,0,0,1,2,0,Secondary associated genre
Hip-Hop__dystopiaq029__Times_re_Changin,E:\SCHOOL\Masters\Capstone_FMA_Project\data\external_audio_batch\Hip-Hop\Hip-Hop__dystopiaq029__Times_re_Changin.mp3,27,genre_27,Lo-Fi,0.05063091218471527,0.09431487321853638,Low,0,0.0,0,0,0,2,0,Secondary associated genre
Hip-Hop__DWK149__Boogieman_Penthouse,E:\SCHOOL\Masters\Capstone_FMA_Project\data\external_audio_batch\Hip-Hop\Hip-Hop__DWK149__Boogieman_Penthouse.mp3,38,genre_38,Experimental,0.44279947876930237,0.616735577583313,Low-to-moderate,8,1.0,4,8,8,2,1,Primary genre
Hip-Hop__DWK149__Boogieman_Penthouse,E:\SCHOOL\Masters\Capstone_FMA_Project\data\external_audio_batch\Hip-Hop\Hip-Hop__DWK149__Boogieman_Penthouse.mp3,12,genre_12,Rock,0.3462401330471039,0.5575470924377441,Low-to-moderate,7,0.875,3,7,8,2,1,Secondary associated genre
Hip-Hop__DWK149__Boogieman_Penthouse,E:\SCHOOL\Masters\Capstone_FMA_Project\data\external_audio_batch\Hip-Hop\Hip-Hop__DWK149__Boogieman_Penthouse.mp3,15,genre_15,Electronic,0.3256717324256897,0.5974503755569458,Low-to-moderate,6,0.75,1,6,7,2,1,Secondary associated genre
Hip-Hop__DWK149__Boogieman_Penthouse,E:\SCHOOL\Masters\Capstone_FMA_Project\data\external_audio_batch\Hip-Hop\Hip-Hop__DWK149__Boogieman_Penthouse.mp3,21,genre_21,Hip-Hop,0.17115893959999084,0.34675878286361694,Low,3,0.375,0,1,6,2,0,Secondary associated genre
Hip-Hop__DWK149__Boogieman_Penthouse,E:\SCHOOL\Masters\Capstone_FMA_Project\data\external_audio_batch\Hip-Hop\Hip-Hop__DWK149__Boogieman_Penthouse.mp3,10,genre_10,Pop,0.16661106050014496,0.23777182400226593,Low,2,0.25,0,1,7,2,0,Secondary associated genre
Hip-Hop__DWK149__Boogieman_Penthouse,E:\SCHOOL\Masters\Capstone_FMA_Project\data\external_audio_batch\Hip-Hop\Hip-Hop__DWK149__Boogieman_Penthouse.mp3,76,genre_76,Experimental Pop,0.09291979670524597,0.12627540528774261,Low,0,0.0,0,0,0,2,0,Secondary associated genre
Hip-Hop__DWK149__Boogieman_Penthouse,E:\SCHOOL\Masters\Capstone_FMA_Project\data\external_audio_batch\Hip-Hop\Hip-Hop__DWK149__Boogieman_Penthouse.mp3,17,genre_17,Folk,0.09289735555648804,0.12285729497671127,Low,0,0.0,0,0,1,2,0,Secondary associated genre
Hip-Hop__DWK149__Boogieman_Penthouse,E:\SCHOOL\Masters\Capstone_FMA_Project\data\external_audio_batch\Hip-Hop\Hip-Hop__DWK149__Boogieman_Penthouse.mp3,1235,genre_1235,Instrumental,0.09233289211988449,0.11829106509685516,Low,0,0.0,0,0,0,2,0,Secondary associated genre
Hip-Hop__DWK149__Boogieman_Penthouse,E:\SCHOOL\Masters\Capstone_FMA_Project\data\external_audio_batch\Hip-Hop\Hip-Hop__DWK149__Boogieman_Penthouse.mp3,1,genre_1,Avant-Garde,0.0887795239686966,0.16417263448238373,Low,0,0.0,0,1,1,2,0,Subgenre/child under primary genre
Hip-Hop__DWK149__Boogieman_Penthouse,E:\SCHOOL\Masters\Capstone_FMA_Project\data\external_audio_batch\Hip-Hop\Hip-Hop__DWK149__Boogieman_Penthouse.mp3,27,genre_27,Lo-Fi,0.08809050917625427,0.11179503798484802,Low,0,0.0,0,0,0,2,0,Secondary associated genre
Hip-Hop__DWK149__Boogieman_Penthouse,E:\SCHOOL\Masters\Capstone_FMA_Project\data\external_audio_batch\Hip-Hop\Hip-Hop__DWK149__Boogieman_Penthouse.mp3,25,genre_25,Punk,0.07941827178001404,0.18516483902931213,Low,0,0.0,0,0,1,2,0,Secondary associated genre
Hip-Hop__DWK149__Boogieman_Penthouse,E:\SCHOOL\Masters\Capstone_FMA_Project\data\external_audio_batch\Hip-Hop\Hip-Hop__DWK149__Boogieman_Penthouse.mp3,2,genre_2,International,0.07113292813301086,0.08243901282548904,Low,0,0.0,0,0,0,2,0,Secondary associated genre
Hip-Hop__DWK149__Boogieman_Penthouse,E:\SCHOOL\Masters\Capstone_FMA_Project\data\external_audio_batch\Hip-Hop\Hip-Hop__DWK149__Boogieman_Penthouse.mp3,32,genre_32,Noise,0.06833531707525253,0.12032342702150345,Low,0,0.0,0,0,0,2,0,Subgenre/child under primary genre
Hip-Hop__DWK149__Boogieman_Penthouse,E:\SCHOOL\Masters\Capstone_FMA_Project\data\external_audio_batch\Hip-Hop\Hip-Hop__DWK149__Boogieman_Penthouse.mp3,41,genre_41,Electroacoustic,0.05559810623526573,0.0985555350780487,Low,0,0.0,0,0,0,2,0,Subgenre/child under primary genre
Hip-Hop__DWK149__Boogieman_Penthouse,E:\SCHOOL\Masters\Capstone_FMA_Project\data\external_audio_batch\Hip-Hop\Hip-Hop__DWK149__Boogieman_Penthouse.mp3,250,genre_250,Improv,0.05530157685279846,0.15469439327716827,Low,0,0.0,0,0,1,2,0,Subgenre/child under primary genre
Hip-Hop__mia049__lifelong_fiction,E:\SCHOOL\Masters\Capstone_FMA_Project\data\external_audio_batch\Hip-Hop\Hip-Hop__mia049__lifelong_fiction.mp3,38,genre_38,Experimental,0.4915560185909271,0.7078838348388672,Low-to-moderate,8,1.0,3,8,8,2,1,Primary genre
Hip-Hop__mia049__lifelong_fiction,E:\SCHOOL\Masters\Capstone_FMA_Project\data\external_audio_batch\Hip-Hop\Hip-Hop__mia049__lifelong_fiction.mp3,15,genre_15,Electronic,0.40768957138061523,0.5701590776443481,Low-to-moderate,7,0.875,4,7,7,2,1,Secondary associated genre
Hip-Hop__mia049__lifelong_fiction,E:\SCHOOL\Masters\Capstone_FMA_Project\data\external_audio_batch\Hip-Hop\Hip-Hop__mia049__lifelong_fiction.mp3,12,genre_12,Rock,0.2854125499725342,0.43334823846817017,Low,8,1.0,1,6,8,2,1,Secondary associated genre
Hip-Hop__mia049__lifelong_fiction,E:\SCHOOL\Masters\Capstone_FMA_Project\data\external_audio_batch\Hip-Hop\Hip-Hop__mia049__lifelong_fiction.mp3,21,genre_21,Hip-Hop,0.18779464066028595,0.4500257968902588,Low,3,0.375,0,2,4,2,0,Secondary associated genre
Hip-Hop__mia049__lifelong_fiction,E:\SCHOOL\Masters\Capstone_FMA_Project\data\external_audio_batch\Hip-Hop\Hip-Hop__mia049__lifelong_fiction.mp3,10,genre_10,Pop,0.14936183393001556,0.2669059634208679,Low,2,0.25,0,0,5,2,0,Secondary associated genre
Hip-Hop__mia049__lifelong_fiction,E:\SCHOOL\Masters\Capstone_FMA_Project\data\external_audio_batch\Hip-Hop\Hip-Hop__mia049__lifelong_fiction.mp3,1235,genre_1235,Instrumental,0.14291849732398987,0.19531574845314026,Low,0,0.0,0,1,3,2,0,Secondary associated genre
Hip-Hop__mia049__lifelong_fiction,E:\SCHOOL\Masters\Capstone_FMA_Project\data\external_audio_batch\Hip-Hop\Hip-Hop__mia049__lifelong_fiction.mp3,1,genre_1,Avant-Garde,0.09557980298995972,0.18160556256771088,Low,0,0.0,0,0,2,2,0,Subgenre/child under primary genre
Hip-Hop__mia049__lifelong_fiction,E:\SCHOOL\Masters\Capstone_FMA_Project\data\external_audio_batch\Hip-Hop\Hip-Hop__mia049__lifelong_fiction.mp3,17,genre_17,Folk,0.08529405295848846,0.17698585987091064,Low,0,0.0,0,0,1,2,0,Secondary associated genre
Hip-Hop__mia049__lifelong_fiction,E:\SCHOOL\Masters\Capstone_FMA_Project\data\external_audio_batch\Hip-Hop\Hip-Hop__mia049__lifelong_fiction.mp3,76,genre_76,Experimental Pop,0.08402977883815765,0.14217258989810944,Low,0,0.0,0,0,1,2,0,Secondary associated genre
Hip-Hop__mia049__lifelong_fiction,E:\SCHOOL\Masters\Capstone_FMA_Project\data\external_audio_batch\Hip-Hop\Hip-Hop__mia049__lifelong_fiction.mp3,32,genre_32,Noise,0.0764848068356514,0.13338954746723175,Low,0,0.0,0,0,0,2,0,Subgenre/child under primary genre
Hip-Hop__mia049__lifelong_fiction,E:\SCHOOL\Masters\Capstone_FMA_Project\data\external_audio_batch\Hip-Hop\Hip-Hop__mia049__lifelong_fiction.mp3,41,genre_41,Electroacoustic,0.07444940507411957,0.1228310614824295,Low,0,0.0,0,0,0,2,0,Subgenre/child under primary genre
Hip-Hop__mia049__lifelong_fiction,E:\SCHOOL\Masters\Capstone_FMA_Project\data\external_audio_batch\Hip-Hop\Hip-Hop__mia049__lifelong_fiction.mp3,2,genre_2,International,0.07297725975513458,0.08842453360557556,Low,0,0.0,0,0,0,2,0,Secondary associated genre
Hip-Hop__mia049__lifelong_fiction,E:\SCHOOL\Masters\Capstone_FMA_Project\data\external_audio_batch\Hip-Hop\Hip-Hop__mia049__lifelong_fiction.mp3,250,genre_250,Improv,0.07072335481643677,0.177718847990036,Low,0,0.0,0,0,1,2,0,Subgenre/child under primary genre
Hip-Hop__mia049__lifelong_fiction,E:\SCHOOL\Masters\Capstone_FMA_Project\data\external_audio_batch\Hip-Hop\Hip-Hop__mia049__lifelong_fiction.mp3,107,genre_107,Ambient,0.06976298987865448,0.12854649126529694,Low,0,0.0,0,0,0,2,0,Secondary associated genre
Hip-Hop__mia049__lifelong_fiction,E:\SCHOOL\Masters\Capstone_FMA_Project\data\external_audio_batch\Hip-Hop\Hip-Hop__mia049__lifelong_fiction.mp3,27,genre_27,Lo-Fi,0.0666448101401329,0.10269994288682938,Low,0,0.0,0,0,0,2,0,Secondary associated genre
Hip-Hop__DWK217__Morning_Mist,E:\SCHOOL\Masters\Capstone_FMA_Project\data\external_audio_batch\Hip-Hop\Hip-Hop__DWK217__Morning_Mist.mp3,12,genre_12,Rock,0.3949604332447052,0.5710266828536987,Low-to-moderate,7,0.875,4,8,8,2,1,Primary genre
Hip-Hop__DWK217__Morning_Mist,E:\SCHOOL\Masters\Capstone_FMA_Project\data\external_audio_batch\Hip-Hop\Hip-Hop__DWK217__Morning_Mist.mp3,38,genre_38,Experimental,0.3733936548233032,0.628923773765564,Low-to-moderate,8,1.0,2,7,8,2,1,Secondary associated genre
Hip-Hop__DWK217__Morning_Mist,E:\SCHOOL\Masters\Capstone_FMA_Project\data\external_audio_batch\Hip-Hop\Hip-Hop__DWK217__Morning_Mist.mp3,15,genre_15,Electronic,0.27827873826026917,0.4704318344593048,Low,4,0.5,2,5,7,2,1,Secondary associated genre
Hip-Hop__DWK217__Morning_Mist,E:\SCHOOL\Masters\Capstone_FMA_Project\data\external_audio_batch\Hip-Hop\Hip-Hop__DWK217__Morning_Mist.mp3,10,genre_10,Pop,0.18036028742790222,0.25078532099723816,Low,5,0.625,0,2,6,2,0,Secondary associated genre
Hip-Hop__DWK217__Morning_Mist,E:\SCHOOL\Masters\Capstone_FMA_Project\data\external_audio_batch\Hip-Hop\Hip-Hop__DWK217__Morning_Mist.mp3,1235,genre_1235,Instrumental,0.13296006619930267,0.19687369465827942,Low,0,0.0,0,1,2,2,0,Secondary associated genre
Hip-Hop__DWK217__Morning_Mist,E:\SCHOOL\Masters\Capstone_FMA_Project\data\external_audio_batch\Hip-Hop\Hip-Hop__DWK217__Morning_Mist.mp3,17,genre_17,Folk,0.1162070706486702,0.18378059566020966,Low,0,0.0,0,1,2,2,0,Secondary associated genre
Hip-Hop__DWK217__Morning_Mist,E:\SCHOOL\Masters\Capstone_FMA_Project\data\external_audio_batch\Hip-Hop\Hip-Hop__DWK217__Morning_Mist.mp3,21,genre_21,Hip-Hop,0.11002364754676819,0.2602273225784302,Low,1,0.125,0,0,3,2,0,Secondary associated genre
Hip-Hop__DWK217__Morning_Mist,E:\SCHOOL\Masters\Capstone_FMA_Project\data\external_audio_batch\Hip-Hop\Hip-Hop__DWK217__Morning_Mist.mp3,27,genre_27,Lo-Fi,0.09083927422761917,0.1275956779718399,Low,0,0.0,0,0,0,2,0,Subgenre/child under primary genre
Hip-Hop__DWK217__Morning_Mist,E:\SCHOOL\Masters\Capstone_FMA_Project\data\external_audio_batch\Hip-Hop\Hip-Hop__DWK217__Morning_Mist.mp3,76,genre_76,Experimental Pop,0.08554317057132721,0.11890719830989838,Low,0,0.0,0,0,0,2,0,Secondary associated genre
Hip-Hop__DWK217__Morning_Mist,E:\SCHOOL\Masters\Capstone_FMA_Project\data\external_audio_batch\Hip-Hop\Hip-Hop__DWK217__Morning_Mist.mp3,25,genre_25,Punk,0.07807719707489014,0.15661557018756866,Low,0,0.0,0,0,2,2,0,Subgenre/child under primary genre
Hip-Hop__DWK217__Morning_Mist,E:\SCHOOL\Masters\Capstone_FMA_Project\data\external_audio_batch\Hip-Hop\Hip-Hop__DWK217__Morning_Mist.mp3,1,genre_1,Avant-Garde,0.058798957616090775,0.1430261731147766,Low,0,0.0,0,0,0,2,0,Secondary associated genre
Hip-Hop__DWK217__Morning_Mist,E:\SCHOOL\Masters\Capstone_FMA_Project\data\external_audio_batch\Hip-Hop\Hip-Hop__DWK217__Morning_Mist.mp3,2,genre_2,International,0.05852511525154114,0.07243172079324722,Low,0,0.0,0,0,0,2,0,Secondary associated genre
Hip-Hop__DWK217__Morning_Mist,E:\SCHOOL\Masters\Capstone_FMA_Project\data\external_audio_batch\Hip-Hop\Hip-Hop__DWK217__Morning_Mist.mp3,250,genre_250,Improv,0.057312075048685074,0.15296603739261627,Low,0,0.0,0,0,2,2,0,Secondary associated genre
Hip-Hop__DWK217__Morning_Mist,E:\SCHOOL\Masters\Capstone_FMA_Project\data\external_audio_batch\Hip-Hop\Hip-Hop__DWK217__Morning_Mist.mp3,66,genre_66,Indie-Rock,0.05509291961789131,0.09394509345293045,Low,0,0.0,0,0,0,2,0,Subgenre/child under primary genre
Hip-Hop__DWK217__Morning_Mist,E:\SCHOOL\Masters\Capstone_FMA_Project\data\external_audio_batch\Hip-Hop\Hip-Hop__DWK217__Morning_Mist.mp3,32,genre_32,Noise,0.0504419170320034,0.0943160280585289,Low,0,0.0,0,0,0,2,0,Secondary associated genre
Hip-Hop__DWK301__Soul_Blue_Tango,E:\SCHOOL\Masters\Capstone_FMA_Project\data\external_audio_batch\Hip-Hop\Hip-Hop__DWK301__Soul_Blue_Tango.mp3,38,genre_38,Experimental,0.4414690136909485,0.7160974740982056,Low-to-moderate,8,1.0,4,8,8,2,1,Primary genre
Hip-Hop__DWK301__Soul_Blue_Tango,E:\SCHOOL\Masters\Capstone_FMA_Project\data\external_audio_batch\Hip-Hop\Hip-Hop__DWK301__Soul_Blue_Tango.mp3,12,genre_12,Rock,0.3260820806026459,0.44406941533088684,Low-to-moderate,7,0.875,4,6,8,2,1,Secondary associated genre
Hip-Hop__DWK301__Soul_Blue_Tango,E:\SCHOOL\Masters\Capstone_FMA_Project\data\external_audio_batch\Hip-Hop\Hip-Hop__DWK301__Soul_Blue_Tango.mp3,15,genre_15,Electronic,0.30010297894477844,0.3866618573665619,Low-to-moderate,6,0.75,0,6,8,2,1,Secondary associated genre
Hip-Hop__DWK301__Soul_Blue_Tango,E:\SCHOOL\Masters\Capstone_FMA_Project\data\external_audio_batch\Hip-Hop\Hip-Hop__DWK301__Soul_Blue_Tango.mp3,10,genre_10,Pop,0.20611423254013062,0.2831207513809204,Low,6,0.75,0,0,6,2,1,Secondary associated genre
Hip-Hop__DWK301__Soul_Blue_Tango,E:\SCHOOL\Masters\Capstone_FMA_Project\data\external_audio_batch\Hip-Hop\Hip-Hop__DWK301__Soul_Blue_Tango.mp3,21,genre_21,Hip-Hop,0.165927454829216,0.28989672660827637,Low,4,0.5,0,0,5,2,0,Secondary associated genre
Hip-Hop__DWK301__Soul_Blue_Tango,E:\SCHOOL\Masters\Capstone_FMA_Project\data\external_audio_batch\Hip-Hop\Hip-Hop__DWK301__Soul_Blue_Tango.mp3,17,genre_17,Folk,0.15071681141853333,0.22581396996974945,Low,1,0.125,0,0,1,2,0,Secondary associated genre
Hip-Hop__DWK301__Soul_Blue_Tango,E:\SCHOOL\Masters\Capstone_FMA_Project\data\external_audio_batch\Hip-Hop\Hip-Hop__DWK301__Soul_Blue_Tango.mp3,1235,genre_1235,Instrumental,0.12006962299346924,0.14430110156536102,Low,0,0.0,0,0,0,2,0,Secondary associated genre
Hip-Hop__DWK301__Soul_Blue_Tango,E:\SCHOOL\Masters\Capstone_FMA_Project\data\external_audio_batch\Hip-Hop\Hip-Hop__DWK301__Soul_Blue_Tango.mp3,27,genre_27,Lo-Fi,0.11394595354795456,0.14022906124591827,Low,0,0.0,0,0,0,2,0,Secondary associated genre
Hip-Hop__DWK301__Soul_Blue_Tango,E:\SCHOOL\Masters\Capstone_FMA_Project\data\external_audio_batch\Hip-Hop\Hip-Hop__DWK301__Soul_Blue_Tango.mp3,76,genre_76,Experimental Pop,0.11002842336893082,0.13568414747714996,Low,0,0.0,0,0,0,2,0,Secondary associated genre
Hip-Hop__DWK301__Soul_Blue_Tango,E:\SCHOOL\Masters\Capstone_FMA_Project\data\external_audio_batch\Hip-Hop\Hip-Hop__DWK301__Soul_Blue_Tango.mp3,1,genre_1,Avant-Garde,0.1053018644452095,0.21727077662944794,Low,2,0.25,0,2,2,2,0,Subgenre/child under primary genre
Hip-Hop__DWK301__Soul_Blue_Tango,E:\SCHOOL\Masters\Capstone_FMA_Project\data\external_audio_batch\Hip-Hop\Hip-Hop__DWK301__Soul_Blue_Tango.mp3,250,genre_250,Improv,0.0908564031124115,0.2624801993370056,Low,2,0.25,0,2,2,2,0,Subgenre/child under primary genre
Hip-Hop__DWK301__Soul_Blue_Tango,E:\SCHOOL\Masters\Capstone_FMA_Project\data\external_audio_batch\Hip-Hop\Hip-Hop__DWK301__Soul_Blue_Tango.mp3,2,genre_2,International,0.07405056059360504,0.08788008987903595,Low,0,0.0,0,0,0,2,0,Secondary associated genre
Hip-Hop__DWK301__Soul_Blue_Tango,E:\SCHOOL\Masters\Capstone_FMA_Project\data\external_audio_batch\Hip-Hop\Hip-Hop__DWK301__Soul_Blue_Tango.mp3,32,genre_32,Noise,0.057418107986450195,0.09159962087869644,Low,0,0.0,0,0,0,2,0,Subgenre/child under primary genre
Hip-Hop__DWK301__Soul_Blue_Tango,E:\SCHOOL\Masters\Capstone_FMA_Project\data\external_audio_batch\Hip-Hop\Hip-Hop__DWK301__Soul_Blue_Tango.mp3,103,genre_103,Singer-Songwriter,0.05602223426103592,0.10346798598766327,Low,0,0.0,0,0,0,2,0,Secondary associated genre
Hip-Hop__DWK301__Soul_Blue_Tango,E:\SCHOOL\Masters\Capstone_FMA_Project\data\external_audio_batch\Hip-Hop\Hip-Hop__DWK301__Soul_Blue_Tango.mp3,66,genre_66,Indie-Rock,0.05458422377705574,0.08699242025613785,Low,0,0.0,0,0,0,2,0,Secondary associated genre
Hip-Hop__DWK127__The_Werewolf,E:\SCHOOL\Masters\Capstone_FMA_Project\data\external_audio_batch\Hip-Hop\Hip-Hop__DWK127__The_Werewolf.mp3,38,genre_38,Experimental,0.443955659866333,0.7946873903274536,Low-to-moderate,8,1.0,3,8,8,2,1,Primary genre
Hip-Hop__DWK127__The_Werewolf,E:\SCHOOL\Masters\Capstone_FMA_Project\data\external_audio_batch\Hip-Hop\Hip-Hop__DWK127__The_Werewolf.mp3,15,genre_15,Electronic,0.4013306796550751,0.5768893957138062,Low-to-moderate,7,0.875,4,7,8,2,1,Secondary associated genre
Hip-Hop__DWK127__The_Werewolf,E:\SCHOOL\Masters\Capstone_FMA_Project\data\external_audio_batch\Hip-Hop\Hip-Hop__DWK127__The_Werewolf.mp3,21,genre_21,Hip-Hop,0.2683740258216858,0.503880500793457,Low,5,0.625,0,3,6,2,1,Secondary associated genre
Hip-Hop__DWK127__The_Werewolf,E:\SCHOOL\Masters\Capstone_FMA_Project\data\external_audio_batch\Hip-Hop\Hip-Hop__DWK127__The_Werewolf.mp3,12,genre_12,Rock,0.23819148540496826,0.3866354823112488,Low,6,0.75,1,4,7,2,1,Secondary associated genre
Hip-Hop__DWK127__The_Werewolf,E:\SCHOOL\Masters\Capstone_FMA_Project\data\external_audio_batch\Hip-Hop\Hip-Hop__DWK127__The_Werewolf.mp3,10,genre_10,Pop,0.10267650336027145,0.16968446969985962,Low,0,0.0,0,0,5,2,0,Secondary associated genre
Hip-Hop__DWK127__The_Werewolf,E:\SCHOOL\Masters\Capstone_FMA_Project\data\external_audio_batch\Hip-Hop\Hip-Hop__DWK127__The_Werewolf.mp3,1235,genre_1235,Instrumental,0.09030721336603165,0.15900784730911255,Low,0,0.0,0,0,1,2,0,Secondary associated genre
Hip-Hop__DWK127__The_Werewolf,E:\SCHOOL\Masters\Capstone_FMA_Project\data\external_audio_batch\Hip-Hop\Hip-Hop__DWK127__The_Werewolf.mp3,2,genre_2,International,0.07727758586406708,0.09753145277500153,Low,0,0.0,0,0,0,2,0,Secondary associated genre
Hip-Hop__DWK127__The_Werewolf,E:\SCHOOL\Masters\Capstone_FMA_Project\data\external_audio_batch\Hip-Hop\Hip-Hop__DWK127__The_Werewolf.mp3,1,genre_1,Avant-Garde,0.07530680298805237,0.18193931877613068,Low,0,0.0,0,1,1,2,0,Subgenre/child under primary genre
Hip-Hop__DWK127__The_Werewolf,E:\SCHOOL\Masters\Capstone_FMA_Project\data\external_audio_batch\Hip-Hop\Hip-Hop__DWK127__The_Werewolf.mp3,32,genre_32,Noise,0.07003458589315414,0.15850266814231873,Low,0,0.0,0,0,1,2,0,Subgenre/child under primary genre
Hip-Hop__DWK127__The_Werewolf,E:\SCHOOL\Masters\Capstone_FMA_Project\data\external_audio_batch\Hip-Hop\Hip-Hop__DWK127__The_Werewolf.mp3,250,genre_250,Improv,0.066241055727005,0.18237486481666565,Low,0,0.0,0,1,2,2,0,Subgenre/child under primary genre
Hip-Hop__DWK127__The_Werewolf,E:\SCHOOL\Masters\Capstone_FMA_Project\data\external_audio_batch\Hip-Hop\Hip-Hop__DWK127__The_Werewolf.mp3,76,genre_76,Experimental Pop,0.0582997091114521,0.07448659092187881,Low,0,0.0,0,0,0,2,0,Secondary associated genre
Hip-Hop__DWK127__The_Werewolf,E:\SCHOOL\Masters\Capstone_FMA_Project\data\external_audio_batch\Hip-Hop\Hip-Hop__DWK127__The_Werewolf.mp3,25,genre_25,Punk,0.05815405026078224,0.0842822715640068,Low,0,0.0,0,0,0,2,0,Secondary associated genre
Hip-Hop__DWK127__The_Werewolf,E:\SCHOOL\Masters\Capstone_FMA_Project\data\external_audio_batch\Hip-Hop\Hip-Hop__DWK127__The_Werewolf.mp3,27,genre_27,Lo-Fi,0.058135710656642914,0.0890008881688118,Low,0,0.0,0,0,0,2,0,Secondary associated genre
Hip-Hop__DWK127__The_Werewolf,E:\SCHOOL\Masters\Capstone_FMA_Project\data\external_audio_batch\Hip-Hop\Hip-Hop__DWK127__The_Werewolf.mp3,811,genre_811,Hip-Hop Beats,0.05375391244888306,0.09969519078731537,Low,0,0.0,0,0,1,2,0,Secondary associated genre
Hip-Hop__DWK127__The_Werewolf,E:\SCHOOL\Masters\Capstone_FMA_Project\data\external_audio_batch\Hip-Hop\Hip-Hop__DWK127__The_Werewolf.mp3,17,genre_17,Folk,0.04770931601524353,0.13855838775634766,Low,0,0.0,0,0,0,2,0,Secondary associated genre
Hip-Hop__DWK315__Time2Spare,E:\SCHOOL\Masters\Capstone_FMA_Project\data\external_audio_batch\Hip-Hop\Hip-Hop__DWK315__Time2Spare.mp3,38,genre_38,Experimental,0.6206644177436829,0.7383149862289429,Moderate,8,1.0,8,8,8,2,1,Primary genre
Hip-Hop__DWK315__Time2Spare,E:\SCHOOL\Masters\Capstone_FMA_Project\data\external_audio_batch\Hip-Hop\Hip-Hop__DWK315__Time2Spare.mp3,15,genre_15,Electronic,0.34537893533706665,0.4729606807231903,Low-to-moderate,8,1.0,0,7,8,2,1,Secondary associated genre
Hip-Hop__DWK315__Time2Spare,E:\SCHOOL\Masters\Capstone_FMA_Project\data\external_audio_batch\Hip-Hop\Hip-Hop__DWK315__Time2Spare.mp3,12,genre_12,Rock,0.25783881545066833,0.4018048644065857,Low,6,0.75,0,7,8,2,1,Secondary associated genre
Hip-Hop__DWK315__Time2Spare,E:\SCHOOL\Masters\Capstone_FMA_Project\data\external_audio_batch\Hip-Hop\Hip-Hop__DWK315__Time2Spare.mp3,1235,genre_1235,Instrumental,0.16409531235694885,0.2035120576620102,Low,1,0.125,0,1,7,2,0,Secondary associated genre
Hip-Hop__DWK315__Time2Spare,E:\SCHOOL\Masters\Capstone_FMA_Project\data\external_audio_batch\Hip-Hop\Hip-Hop__DWK315__Time2Spare.mp3,1,genre_1,Avant-Garde,0.11402267962694168,0.19016359746456146,Low,0,0.0,0,0,2,2,0,Subgenre/child under primary genre
Hip-Hop__DWK315__Time2Spare,E:\SCHOOL\Masters\Capstone_FMA_Project\data\external_audio_batch\Hip-Hop\Hip-Hop__DWK315__Time2Spare.mp3,32,genre_32,Noise,0.11235123127698898,0.15242944657802582,Low,0,0.0,0,0,1,2,0,Subgenre/child under primary genre
Hip-Hop__DWK315__Time2Spare,E:\SCHOOL\Masters\Capstone_FMA_Project\data\external_audio_batch\Hip-Hop\Hip-Hop__DWK315__Time2Spare.mp3,41,genre_41,Electroacoustic,0.10798706114292145,0.1626402884721756,Low,0,0.0,0,0,1,2,0,Subgenre/child under primary genre
Hip-Hop__DWK315__Time2Spare,E:\SCHOOL\Masters\Capstone_FMA_Project\data\external_audio_batch\Hip-Hop\Hip-Hop__DWK315__Time2Spare.mp3,107,genre_107,Ambient,0.1024957150220871,0.12357228994369507,Low,0,0.0,0,0,1,2,0,Secondary associated genre
Hip-Hop__DWK315__Time2Spare,E:\SCHOOL\Masters\Capstone_FMA_Project\data\external_audio_batch\Hip-Hop\Hip-Hop__DWK315__Time2Spare.mp3,250,genre_250,Improv,0.08855998516082764,0.15419574081897736,Low,0,0.0,0,0,1,2,0,Subgenre/child under primary genre
Hip-Hop__DWK315__Time2Spare,E:\SCHOOL\Masters\Capstone_FMA_Project\data\external_audio_batch\Hip-Hop\Hip-Hop__DWK315__Time2Spare.mp3,21,genre_21,Hip-Hop,0.08819430321455002,0.1406339854001999,Low,0,0.0,0,0,2,2,0,Secondary associated genre
Hip-Hop__DWK315__Time2Spare,E:\SCHOOL\Masters\Capstone_FMA_Project\data\external_audio_batch\Hip-Hop\Hip-Hop__DWK315__Time2Spare.mp3,17,genre_17,Folk,0.0791010931134224,0.25277096033096313,Low,1,0.125,0,1,1,2,0,Secondary associated genre
Hip-Hop__DWK315__Time2Spare,E:\SCHOOL\Masters\Capstone_FMA_Project\data\external_audio_batch\Hip-Hop\Hip-Hop__DWK315__Time2Spare.mp3,10,genre_10,Pop,0.07580816745758057,0.13263270258903503,Low,0,0.0,0,0,0,2,0,Secondary associated genre
Hip-Hop__DWK315__Time2Spare,E:\SCHOOL\Masters\Capstone_FMA_Project\data\external_audio_batch\Hip-Hop\Hip-Hop__DWK315__Time2Spare.mp3,25,genre_25,Punk,0.06191617622971535,0.09449947625398636,Low,0,0.0,0,0,0,2,0,Secondary associated genre
Hip-Hop__DWK315__Time2Spare,E:\SCHOOL\Masters\Capstone_FMA_Project\data\external_audio_batch\Hip-Hop\Hip-Hop__DWK315__Time2Spare.mp3,30,genre_30,Field Recordings,0.055742502212524414,0.10116858780384064,Low,0,0.0,0,0,0,2,0,Subgenre/child under primary genre
Hip-Hop__DWK315__Time2Spare,E:\SCHOOL\Masters\Capstone_FMA_Project\data\external_audio_batch\Hip-Hop\Hip-Hop__DWK315__Time2Spare.mp3,2,genre_2,International,0.05444813892245293,0.07732842862606049,Low,0,0.0,0,0,0,2,0,Secondary associated genre
Hip-Hop__DWK155__Eazy_Livin,E:\SCHOOL\Masters\Capstone_FMA_Project\data\external_audio_batch\Hip-Hop\Hip-Hop__DWK155__Eazy_Livin.mp3,15,genre_15,Electronic,0.5818861126899719,0.7027901411056519,Moderate,8,1.0,7,8,8,2,1,Primary genre
Hip-Hop__DWK155__Eazy_Livin,E:\SCHOOL\Masters\Capstone_FMA_Project\data\external_audio_batch\Hip-Hop\Hip-Hop__DWK155__Eazy_Livin.mp3,12,genre_12,Rock,0.2596682012081146,0.29757508635520935,Low,8,1.0,0,4,8,2,1,Secondary associated genre
Hip-Hop__DWK155__Eazy_Livin,E:\SCHOOL\Masters\Capstone_FMA_Project\data\external_audio_batch\Hip-Hop\Hip-Hop__DWK155__Eazy_Livin.mp3,21,genre_21,Hip-Hop,0.2529878318309784,0.33918121457099915,Low,7,0.875,0,6,7,2,1,Secondary associated genre
Hip-Hop__DWK155__Eazy_Livin,E:\SCHOOL\Masters\Capstone_FMA_Project\data\external_audio_batch\Hip-Hop\Hip-Hop__DWK155__Eazy_Livin.mp3,10,genre_10,Pop,0.2492464929819107,0.2958603501319885,Low,7,0.875,0,5,7,2,1,Secondary associated genre
Hip-Hop__DWK155__Eazy_Livin,E:\SCHOOL\Masters\Capstone_FMA_Project\data\external_audio_batch\Hip-Hop\Hip-Hop__DWK155__Eazy_Livin.mp3,1235,genre_1235,Instrumental,0.18030986189842224,0.25557371973991394,Low,2,0.25,0,0,8,2,0,Secondary associated genre
Hip-Hop__DWK155__Eazy_Livin,E:\SCHOOL\Masters\Capstone_FMA_Project\data\external_audio_batch\Hip-Hop\Hip-Hop__DWK155__Eazy_Livin.mp3,38,genre_38,Experimental,0.17901726067066193,0.44699612259864807,Low,1,0.125,1,1,1,2,0,Secondary associated genre
Hip-Hop__DWK155__Eazy_Livin,E:\SCHOOL\Masters\Capstone_FMA_Project\data\external_audio_batch\Hip-Hop\Hip-Hop__DWK155__Eazy_Livin.mp3,2,genre_2,International,0.09667757898569107,0.10692638903856277,Low,0,0.0,0,0,0,2,0,Secondary associated genre
Hip-Hop__DWK155__Eazy_Livin,E:\SCHOOL\Masters\Capstone_FMA_Project\data\external_audio_batch\Hip-Hop\Hip-Hop__DWK155__Eazy_Livin.mp3,76,genre_76,Experimental Pop,0.09037526696920395,0.1173611432313919,Low,0,0.0,0,0,0,2,0,Secondary associated genre
Hip-Hop__DWK155__Eazy_Livin,E:\SCHOOL\Masters\Capstone_FMA_Project\data\external_audio_batch\Hip-Hop\Hip-Hop__DWK155__Eazy_Livin.mp3,18,genre_18,Soundtrack,0.08973553776741028,0.14341206848621368,Low,0,0.0,0,0,0,2,0,Secondary associated genre
Hip-Hop__DWK155__Eazy_Livin,E:\SCHOOL\Masters\Capstone_FMA_Project\data\external_audio_batch\Hip-Hop\Hip-Hop__DWK155__Eazy_Livin.mp3,17,genre_17,Folk,0.07949075102806091,0.1372138410806656,Low,0,0.0,0,0,0,2,0,Secondary associated genre
Hip-Hop__DWK155__Eazy_Livin,E:\SCHOOL\Masters\Capstone_FMA_Project\data\external_audio_batch\Hip-Hop\Hip-Hop__DWK155__Eazy_Livin.mp3,14,genre_14,Soul-RnB,0.07709372043609619,0.09961289912462234,Low,0,0.0,0,0,0,2,0,Secondary associated genre
Hip-Hop__DWK155__Eazy_Livin,E:\SCHOOL\Masters\Capstone_FMA_Project\data\external_audio_batch\Hip-Hop\Hip-Hop__DWK155__Eazy_Livin.mp3,66,genre_66,Indie-Rock,0.06268198788166046,0.09237204492092133,Low,0,0.0,0,0,0,2,0,Secondary associated genre
Hip-Hop__DWK155__Eazy_Livin,E:\SCHOOL\Masters\Capstone_FMA_Project\data\external_audio_batch\Hip-Hop\Hip-Hop__DWK155__Eazy_Livin.mp3,495,genre_495,Downtempo,0.050478413701057434,0.07295582443475723,Low,0,0.0,0,0,0,2,0,Subgenre/child under primary genre
Hip-Hop__DWK155__Eazy_Livin,E:\SCHOOL\Masters\Capstone_FMA_Project\data\external_audio_batch\Hip-Hop\Hip-Hop__DWK155__Eazy_Livin.mp3,811,genre_811,Hip-Hop Beats,0.04545789584517479,0.06783398240804672,Low,0,0.0,0,0,0,2,0,Secondary associated genre
Hip-Hop__DWK155__Eazy_Livin,E:\SCHOOL\Masters\Capstone_FMA_Project\data\external_audio_batch\Hip-Hop\Hip-Hop__DWK155__Eazy_Livin.mp3,42,genre_42,Ambient Electronic,0.04044283181428909,0.0632864385843277,Low,0,0.0,0,0,0,2,0,Subgenre/child under primary genre
Pop__WkBw0034__01_-_Monochromatic_-_Immobility,E:\SCHOOL\Masters\Capstone_FMA_Project\data\external_audio_batch\Pop\Pop__WkBw0034__01_-_Monochromatic_-_Immobility.mp3,15,genre_15,Electronic,0.424460768699646,0.6583409309387207,Low-to-moderate,7,0.875,5,7,7,2,1,Primary genre
Pop__WkBw0034__01_-_Monochromatic_-_Immobility,E:\SCHOOL\Masters\Capstone_FMA_Project\data\external_audio_batch\Pop\Pop__WkBw0034__01_-_Monochromatic_-_Immobility.mp3,38,genre_38,Experimental,0.3370676040649414,0.4879665970802307,Low-to-moderate,8,1.0,2,7,8,2,1,Secondary associated genre
Pop__WkBw0034__01_-_Monochromatic_-_Immobility,E:\SCHOOL\Masters\Capstone_FMA_Project\data\external_audio_batch\Pop\Pop__WkBw0034__01_-_Monochromatic_-_Immobility.mp3,21,genre_21,Hip-Hop,0.30801698565483093,0.5133459568023682,Low-to-moderate,5,0.625,1,5,6,2,1,Secondary associated genre
Pop__WkBw0034__01_-_Monochromatic_-_Immobility,E:\SCHOOL\Masters\Capstone_FMA_Project\data\external_audio_batch\Pop\Pop__WkBw0034__01_-_Monochromatic_-_Immobility.mp3,12,genre_12,Rock,0.25773265957832336,0.3256235122680664,Low,7,0.875,0,3,8,2,1,Secondary associated genre
Pop__WkBw0034__01_-_Monochromatic_-_Immobility,E:\SCHOOL\Masters\Capstone_FMA_Project\data\external_audio_batch\Pop\Pop__WkBw0034__01_-_Monochromatic_-_Immobility.mp3,10,genre_10,Pop,0.1774071902036667,0.21531647443771362,Low,3,0.375,0,0,8,2,0,Secondary associated genre
Pop__WkBw0034__01_-_Monochromatic_-_Immobility,E:\SCHOOL\Masters\Capstone_FMA_Project\data\external_audio_batch\Pop\Pop__WkBw0034__01_-_Monochromatic_-_Immobility.mp3,17,genre_17,Folk,0.11970490962266922,0.3886664807796478,Low,1,0.125,0,1,1,2,0,Secondary associated genre
Pop__WkBw0034__01_-_Monochromatic_-_Immobility,E:\SCHOOL\Masters\Capstone_FMA_Project\data\external_audio_batch\Pop\Pop__WkBw0034__01_-_Monochromatic_-_Immobility.mp3,1235,genre_1235,Instrumental,0.10960904508829117,0.3244341313838959,Low,1,0.125,0,1,1,2,0,Secondary associated genre
Pop__WkBw0034__01_-_Monochromatic_-_Immobility,E:\SCHOOL\Masters\Capstone_FMA_Project\data\external_audio_batch\Pop\Pop__WkBw0034__01_-_Monochromatic_-_Immobility.mp3,76,genre_76,Experimental Pop,0.10024238377809525,0.13210998475551605,Low,0,0.0,0,0,0,2,0,Secondary associated genre
Pop__WkBw0034__01_-_Monochromatic_-_Immobility,E:\SCHOOL\Masters\Capstone_FMA_Project\data\external_audio_batch\Pop\Pop__WkBw0034__01_-_Monochromatic_-_Immobility.mp3,2,genre_2,International,0.0996016338467598,0.12123133987188339,Low,0,0.0,0,0,0,2,0,Secondary associated genre
Pop__WkBw0034__01_-_Monochromatic_-_Immobility,E:\SCHOOL\Masters\Capstone_FMA_Project\data\external_audio_batch\Pop\Pop__WkBw0034__01_-_Monochromatic_-_Immobility.mp3,27,genre_27,Lo-Fi,0.0741540938615799,0.1340721696615219,Low,0,0.0,0,0,0,2,0,Secondary associated genre
Pop__WkBw0034__01_-_Monochromatic_-_Immobility,E:\SCHOOL\Masters\Capstone_FMA_Project\data\external_audio_batch\Pop\Pop__WkBw0034__01_-_Monochromatic_-_Immobility.mp3,1,genre_1,Avant-Garde,0.0655146986246109,0.16956746578216553,Low,0,0.0,0,0,1,2,0,Secondary associated genre
Pop__WkBw0034__01_-_Monochromatic_-_Immobility,E:\SCHOOL\Masters\Capstone_FMA_Project\data\external_audio_batch\Pop\Pop__WkBw0034__01_-_Monochromatic_-_Immobility.mp3,14,genre_14,Soul-RnB,0.052828602492809296,0.08573970943689346,Low,0,0.0,0,0,0,2,0,Secondary associated genre
Pop__WkBw0034__01_-_Monochromatic_-_Immobility,E:\SCHOOL\Masters\Capstone_FMA_Project\data\external_audio_batch\Pop\Pop__WkBw0034__01_-_Monochromatic_-_Immobility.mp3,18,genre_18,Soundtrack,0.04970685392618179,0.18042178452014923,Low,0,0.0,0,0,0,2,0,Secondary associated genre
Pop__WkBw0034__01_-_Monochromatic_-_Immobility,E:\SCHOOL\Masters\Capstone_FMA_Project\data\external_audio_batch\Pop\Pop__WkBw0034__01_-_Monochromatic_-_Immobility.mp3,811,genre_811,Hip-Hop Beats,0.04926978051662445,0.10710100829601288,Low,0,0.0,0,0,0,2,0,Secondary associated genre
Pop__WkBw0034__01_-_Monochromatic_-_Immobility,E:\SCHOOL\Masters\Capstone_FMA_Project\data\external_audio_batch\Pop\Pop__WkBw0034__01_-_Monochromatic_-_Immobility.mp3,25,genre_25,Punk,0.04906930774450302,0.0760110467672348,Low,0,0.0,0,0,0,2,0,Secondary associated genre
Pop__BSOG0008__05_-_Doing_Time,E:\SCHOOL\Masters\Capstone_FMA_Project\data\external_audio_batch\Pop\Pop__BSOG0008__05_-_Doing_Time.mp3,38,genre_38,Experimental,0.5044735074043274,0.591293454170227,Moderate,8,1.0,6,8,8,2,1,Primary genre
Pop__BSOG0008__05_-_Doing_Time,E:\SCHOOL\Masters\Capstone_FMA_Project\data\external_audio_batch\Pop\Pop__BSOG0008__05_-_Doing_Time.mp3,12,genre_12,Rock,0.3547942638397217,0.6007015705108643,Low-to-moderate,8,1.0,2,7,8,2,1,Secondary associated genre
Pop__BSOG0008__05_-_Doing_Time,E:\SCHOOL\Masters\Capstone_FMA_Project\data\external_audio_batch\Pop\Pop__BSOG0008__05_-_Doing_Time.mp3,15,genre_15,Electronic,0.2617637813091278,0.4106672406196594,Low,5,0.625,0,7,7,2,1,Secondary associated genre
Pop__BSOG0008__05_-_Doing_Time,E:\SCHOOL\Masters\Capstone_FMA_Project\data\external_audio_batch\Pop\Pop__BSOG0008__05_-_Doing_Time.mp3,10,genre_10,Pop,0.14505112171173096,0.22922003269195557,Low,1,0.125,0,0,5,2,0,Secondary associated genre
Pop__BSOG0008__05_-_Doing_Time,E:\SCHOOL\Masters\Capstone_FMA_Project\data\external_audio_batch\Pop\Pop__BSOG0008__05_-_Doing_Time.mp3,1235,genre_1235,Instrumental,0.13740840554237366,0.25539588928222656,Low,3,0.375,0,1,3,2,0,Secondary associated genre
Pop__BSOG0008__05_-_Doing_Time,E:\SCHOOL\Masters\Capstone_FMA_Project\data\external_audio_batch\Pop\Pop__BSOG0008__05_-_Doing_Time.mp3,17,genre_17,Folk,0.11766726523637772,0.24702493846416473,Low,1,0.125,0,1,2,2,0,Secondary associated genre
Pop__BSOG0008__05_-_Doing_Time,E:\SCHOOL\Masters\Capstone_FMA_Project\data\external_audio_batch\Pop\Pop__BSOG0008__05_-_Doing_Time.mp3,1,genre_1,Avant-Garde,0.11157303303480148,0.1739860624074936,Low,0,0.0,0,0,2,2,0,Subgenre/child under primary genre
Pop__BSOG0008__05_-_Doing_Time,E:\SCHOOL\Masters\Capstone_FMA_Project\data\external_audio_batch\Pop\Pop__BSOG0008__05_-_Doing_Time.mp3,27,genre_27,Lo-Fi,0.10151132196187973,0.1388024389743805,Low,0,0.0,0,0,0,2,0,Secondary associated genre
Pop__BSOG0008__05_-_Doing_Time,E:\SCHOOL\Masters\Capstone_FMA_Project\data\external_audio_batch\Pop\Pop__BSOG0008__05_-_Doing_Time.mp3,21,genre_21,Hip-Hop,0.09275780618190765,0.19977697730064392,Low,0,0.0,0,0,2,2,0,Secondary associated genre
Pop__BSOG0008__05_-_Doing_Time,E:\SCHOOL\Masters\Capstone_FMA_Project\data\external_audio_batch\Pop\Pop__BSOG0008__05_-_Doing_Time.mp3,25,genre_25,Punk,0.09243996441364288,0.16152527928352356,Low,0,0.0,0,0,2,2,0,Secondary associated genre
Pop__BSOG0008__05_-_Doing_Time,E:\SCHOOL\Masters\Capstone_FMA_Project\data\external_audio_batch\Pop\Pop__BSOG0008__05_-_Doing_Time.mp3,76,genre_76,Experimental Pop,0.09062293916940689,0.12322894483804703,Low,0,0.0,0,0,0,2,0,Secondary associated genre
Pop__BSOG0008__05_-_Doing_Time,E:\SCHOOL\Masters\Capstone_FMA_Project\data\external_audio_batch\Pop\Pop__BSOG0008__05_-_Doing_Time.mp3,250,genre_250,Improv,0.08761950582265854,0.13202299177646637,Low,0,0.0,0,0,1,2,0,Subgenre/child under primary genre
Pop__BSOG0008__05_-_Doing_Time,E:\SCHOOL\Masters\Capstone_FMA_Project\data\external_audio_batch\Pop\Pop__BSOG0008__05_-_Doing_Time.mp3,32,genre_32,Noise,0.08432328701019287,0.10912211984395981,Low,0,0.0,0,0,0,2,0,Subgenre/child under primary genre
Pop__BSOG0008__05_-_Doing_Time,E:\SCHOOL\Masters\Capstone_FMA_Project\data\external_audio_batch\Pop\Pop__BSOG0008__05_-_Doing_Time.mp3,2,genre_2,International,0.06684176623821259,0.11376224458217621,Low,0,0.0,0,0,0,2,0,Secondary associated genre
Pop__BSOG0008__05_-_Doing_Time,E:\SCHOOL\Masters\Capstone_FMA_Project\data\external_audio_batch\Pop\Pop__BSOG0008__05_-_Doing_Time.mp3,41,genre_41,Electroacoustic,0.06283190101385117,0.09047185629606247,Low,0,0.0,0,0,0,2,0,Subgenre/child under primary genre
Pop__starfrosch-mostwanted__Closer_to_You__feat._SHA,E:\SCHOOL\Masters\Capstone_FMA_Project\data\external_audio_batch\Pop\Pop__starfrosch-mostwanted__Closer_to_You__feat._SHA.mp3,15,genre_15,Electronic,0.6594938635826111,0.8389889001846313,Moderate,8,1.0,8,8,8,2,1,Primary genre
Pop__starfrosch-mostwanted__Closer_to_You__feat._SHA,E:\SCHOOL\Masters\Capstone_FMA_Project\data\external_audio_batch\Pop\Pop__starfrosch-mostwanted__Closer_to_You__feat._SHA.mp3,21,genre_21,Hip-Hop,0.3837098479270935,0.5068775415420532,Low-to-moderate,7,0.875,0,7,8,2,1,Secondary associated genre
Pop__starfrosch-mostwanted__Closer_to_You__feat._SHA,E:\SCHOOL\Masters\Capstone_FMA_Project\data\external_audio_batch\Pop\Pop__starfrosch-mostwanted__Closer_to_You__feat._SHA.mp3,38,genre_38,Experimental,0.26036494970321655,0.4062296748161316,Low,5,0.625,0,6,8,2,1,Secondary associated genre
Pop__starfrosch-mostwanted__Closer_to_You__feat._SHA,E:\SCHOOL\Masters\Capstone_FMA_Project\data\external_audio_batch\Pop\Pop__starfrosch-mostwanted__Closer_to_You__feat._SHA.mp3,12,genre_12,Rock,0.2183200865983963,0.3499848544597626,Low,5,0.625,0,2,6,2,1,Secondary associated genre
Pop__starfrosch-mostwanted__Closer_to_You__feat._SHA,E:\SCHOOL\Masters\Capstone_FMA_Project\data\external_audio_batch\Pop\Pop__starfrosch-mostwanted__Closer_to_You__feat._SHA.mp3,10,genre_10,Pop,0.16436722874641418,0.2288690209388733,Low,2,0.25,0,1,6,2,0,Secondary associated genre
Pop__starfrosch-mostwanted__Closer_to_You__feat._SHA,E:\SCHOOL\Masters\Capstone_FMA_Project\data\external_audio_batch\Pop\Pop__starfrosch-mostwanted__Closer_to_You__feat._SHA.mp3,1235,genre_1235,Instrumental,0.1178925484418869,0.16192243993282318,Low,0,0.0,0,0,3,2,0,Secondary associated genre
Pop__starfrosch-mostwanted__Closer_to_You__feat._SHA,E:\SCHOOL\Masters\Capstone_FMA_Project\data\external_audio_batch\Pop\Pop__starfrosch-mostwanted__Closer_to_You__feat._SHA.mp3,2,genre_2,International,0.09361149370670319,0.1270996332168579,Low,0,0.0,0,0,0,2,0,Secondary associated genre
Pop__starfrosch-mostwanted__Closer_to_You__feat._SHA,E:\SCHOOL\Masters\Capstone_FMA_Project\data\external_audio_batch\Pop\Pop__starfrosch-mostwanted__Closer_to_You__feat._SHA.mp3,76,genre_76,Experimental Pop,0.06838805973529816,0.08137228339910507,Low,0,0.0,0,0,0,2,0,Secondary associated genre
Pop__starfrosch-mostwanted__Closer_to_You__feat._SHA,E:\SCHOOL\Masters\Capstone_FMA_Project\data\external_audio_batch\Pop\Pop__starfrosch-mostwanted__Closer_to_You__feat._SHA.mp3,811,genre_811,Hip-Hop Beats,0.06613161414861679,0.13881874084472656,Low,0,0.0,0,0,1,2,0,Secondary associated genre
Pop__starfrosch-mostwanted__Closer_to_You__feat._SHA,E:\SCHOOL\Masters\Capstone_FMA_Project\data\external_audio_batch\Pop\Pop__starfrosch-mostwanted__Closer_to_You__feat._SHA.mp3,14,genre_14,Soul-RnB,0.06526540219783783,0.10405060648918152,Low,0,0.0,0,0,0,2,0,Secondary associated genre
Pop__starfrosch-mostwanted__Closer_to_You__feat._SHA,E:\SCHOOL\Masters\Capstone_FMA_Project\data\external_audio_batch\Pop\Pop__starfrosch-mostwanted__Closer_to_You__feat._SHA.mp3,42,genre_42,Ambient Electronic,0.04390038177371025,0.05975029245018959,Low,0,0.0,0,0,0,2,0,Subgenre/child under primary genre
Pop__starfrosch-mostwanted__Closer_to_You__feat._SHA,E:\SCHOOL\Masters\Capstone_FMA_Project\data\external_audio_batch\Pop\Pop__starfrosch-mostwanted__Closer_to_You__feat._SHA.mp3,18,genre_18,Soundtrack,0.04124514386057854,0.0585101880133152,Low,0,0.0,0,0,0,2,0,Secondary associated genre
Pop__starfrosch-mostwanted__Closer_to_You__feat._SHA,E:\SCHOOL\Masters\Capstone_FMA_Project\data\external_audio_batch\Pop\Pop__starfrosch-mostwanted__Closer_to_You__feat._SHA.mp3,181,genre_181,Techno,0.03742113709449768,0.06720448285341263,Low,0,0.0,0,0,0,2,0,Subgenre/child under primary genre
Pop__starfrosch-mostwanted__Closer_to_You__feat._SHA,E:\SCHOOL\Masters\Capstone_FMA_Project\data\external_audio_batch\Pop\Pop__starfrosch-mostwanted__Closer_to_You__feat._SHA.mp3,495,genre_495,Downtempo,0.0344364196062088,0.054498203098773956,Low,0,0.0,0,0,0,2,0,Subgenre/child under primary genre
Pop__starfrosch-mostwanted__Closer_to_You__feat._SHA,E:\SCHOOL\Masters\Capstone_FMA_Project\data\external_audio_batch\Pop\Pop__starfrosch-mostwanted__Closer_to_You__feat._SHA.mp3,25,genre_25,Punk,0.034078922122716904,0.07912816852331161,Low,0,0.0,0,0,0,2,0,Secondary associated genre
Pop__SCL129__Heaven_In_Your_Mouth,E:\SCHOOL\Masters\Capstone_FMA_Project\data\external_audio_batch\Pop\Pop__SCL129__Heaven_In_Your_Mouth.mp3,38,genre_38,Experimental,0.558472752571106,0.728527843952179,Moderate,8,1.0,6,8,8,2,1,Primary genre
Pop__SCL129__Heaven_In_Your_Mouth,E:\SCHOOL\Masters\Capstone_FMA_Project\data\external_audio_batch\Pop\Pop__SCL129__Heaven_In_Your_Mouth.mp3,12,genre_12,Rock,0.35681286454200745,0.5650039911270142,Low-to-moderate,7,0.875,2,8,8,2,1,Secondary associated genre
Pop__SCL129__Heaven_In_Your_Mouth,E:\SCHOOL\Masters\Capstone_FMA_Project\data\external_audio_batch\Pop\Pop__SCL129__Heaven_In_Your_Mouth.mp3,15,genre_15,Electronic,0.3369290828704834,0.44768261909484863,Low-to-moderate,7,0.875,0,7,7,2,1,Secondary associated genre
Pop__SCL129__Heaven_In_Your_Mouth,E:\SCHOOL\Masters\Capstone_FMA_Project\data\external_audio_batch\Pop\Pop__SCL129__Heaven_In_Your_Mouth.mp3,10,genre_10,Pop,0.1300514042377472,0.23190632462501526,Low,2,0.25,0,0,4,2,0,Secondary associated genre
Pop__SCL129__Heaven_In_Your_Mouth,E:\SCHOOL\Masters\Capstone_FMA_Project\data\external_audio_batch\Pop\Pop__SCL129__Heaven_In_Your_Mouth.mp3,1235,genre_1235,Instrumental,0.1216803565621376,0.17250078916549683,Low,0,0.0,0,0,5,2,0,Secondary associated genre
Pop__SCL129__Heaven_In_Your_Mouth,E:\SCHOOL\Masters\Capstone_FMA_Project\data\external_audio_batch\Pop\Pop__SCL129__Heaven_In_Your_Mouth.mp3,1,genre_1,Avant-Garde,0.10894642025232315,0.14991994202136993,Low,0,0.0,0,0,4,2,0,Subgenre/child under primary genre
Pop__SCL129__Heaven_In_Your_Mouth,E:\SCHOOL\Masters\Capstone_FMA_Project\data\external_audio_batch\Pop\Pop__SCL129__Heaven_In_Your_Mouth.mp3,32,genre_32,Noise,0.09610110521316528,0.13976143300533295,Low,0,0.0,0,0,1,2,0,Subgenre/child under primary genre
Pop__SCL129__Heaven_In_Your_Mouth,E:\SCHOOL\Masters\Capstone_FMA_Project\data\external_audio_batch\Pop\Pop__SCL129__Heaven_In_Your_Mouth.mp3,41,genre_41,Electroacoustic,0.09317854046821594,0.1460004448890686,Low,0,0.0,0,0,1,2,0,Subgenre/child under primary genre
Pop__SCL129__Heaven_In_Your_Mouth,E:\SCHOOL\Masters\Capstone_FMA_Project\data\external_audio_batch\Pop\Pop__SCL129__Heaven_In_Your_Mouth.mp3,25,genre_25,Punk,0.08490277826786041,0.16185012459754944,Low,0,0.0,0,0,1,2,0,Secondary associated genre
Pop__SCL129__Heaven_In_Your_Mouth,E:\SCHOOL\Masters\Capstone_FMA_Project\data\external_audio_batch\Pop\Pop__SCL129__Heaven_In_Your_Mouth.mp3,250,genre_250,Improv,0.08478765189647675,0.1756584346294403,Low,0,0.0,0,1,1,2,0,Subgenre/child under primary genre
Pop__SCL129__Heaven_In_Your_Mouth,E:\SCHOOL\Masters\Capstone_FMA_Project\data\external_audio_batch\Pop\Pop__SCL129__Heaven_In_Your_Mouth.mp3,17,genre_17,Folk,0.07784748077392578,0.11457839608192444,Low,0,0.0,0,0,0,2,0,Secondary associated genre
Pop__SCL129__Heaven_In_Your_Mouth,E:\SCHOOL\Masters\Capstone_FMA_Project\data\external_audio_batch\Pop\Pop__SCL129__Heaven_In_Your_Mouth.mp3,76,genre_76,Experimental Pop,0.06952045112848282,0.09828619658946991,Low,0,0.0,0,0,0,2,0,Secondary associated genre
Pop__SCL129__Heaven_In_Your_Mouth,E:\SCHOOL\Masters\Capstone_FMA_Project\data\external_audio_batch\Pop\Pop__SCL129__Heaven_In_Your_Mouth.mp3,21,genre_21,Hip-Hop,0.0668470486998558,0.107330821454525,Low,0,0.0,0,0,0,2,0,Secondary associated genre
Pop__SCL129__Heaven_In_Your_Mouth,E:\SCHOOL\Masters\Capstone_FMA_Project\data\external_audio_batch\Pop\Pop__SCL129__Heaven_In_Your_Mouth.mp3,27,genre_27,Lo-Fi,0.057424914091825485,0.09181885421276093,Low,0,0.0,0,0,0,2,0,Secondary associated genre
Pop__SCL129__Heaven_In_Your_Mouth,E:\SCHOOL\Masters\Capstone_FMA_Project\data\external_audio_batch\Pop\Pop__SCL129__Heaven_In_Your_Mouth.mp3,107,genre_107,Ambient,0.05638667941093445,0.08791214972734451,Low,0,0.0,0,0,0,2,0,Secondary associated genre
Pop__csr002__Falling,E:\SCHOOL\Masters\Capstone_FMA_Project\data\external_audio_batch\Pop\Pop__csr002__Falling.mp3,38,genre_38,Experimental,0.5204713344573975,0.6284388303756714,Moderate,8,1.0,8,8,8,2,1,Primary genre
Pop__csr002__Falling,E:\SCHOOL\Masters\Capstone_FMA_Project\data\external_audio_batch\Pop\Pop__csr002__Falling.mp3,12,genre_12,Rock,0.3878808915615082,0.499553382396698,Low-to-moderate,8,1.0,0,8,8,2,1,Secondary associated genre
Pop__csr002__Falling,E:\SCHOOL\Masters\Capstone_FMA_Project\data\external_audio_batch\Pop\Pop__csr002__Falling.mp3,17,genre_17,Folk,0.18894734978675842,0.31631043553352356,Low,3,0.375,0,4,5,2,0,Secondary associated genre
Pop__csr002__Falling,E:\SCHOOL\Masters\Capstone_FMA_Project\data\external_audio_batch\Pop\Pop__csr002__Falling.mp3,15,genre_15,Electronic,0.15372231602668762,0.26975858211517334,Low,1,0.125,0,3,5,2,0,Secondary associated genre
Pop__csr002__Falling,E:\SCHOOL\Masters\Capstone_FMA_Project\data\external_audio_batch\Pop\Pop__csr002__Falling.mp3,10,genre_10,Pop,0.12702810764312744,0.16892540454864502,Low,0,0.0,0,0,5,2,0,Secondary associated genre
Pop__csr002__Falling,E:\SCHOOL\Masters\Capstone_FMA_Project\data\external_audio_batch\Pop\Pop__csr002__Falling.mp3,1235,genre_1235,Instrumental,0.1243751049041748,0.22085830569267273,Low,1,0.125,0,1,3,2,0,Secondary associated genre
Pop__csr002__Falling,E:\SCHOOL\Masters\Capstone_FMA_Project\data\external_audio_batch\Pop\Pop__csr002__Falling.mp3,1,genre_1,Avant-Garde,0.12032254785299301,0.17063449323177338,Low,0,0.0,0,0,2,2,0,Subgenre/child under primary genre
Pop__csr002__Falling,E:\SCHOOL\Masters\Capstone_FMA_Project\data\external_audio_batch\Pop\Pop__csr002__Falling.mp3,27,genre_27,Lo-Fi,0.11610603332519531,0.15510781109333038,Low,0,0.0,0,0,1,2,0,Secondary associated genre
Pop__csr002__Falling,E:\SCHOOL\Masters\Capstone_FMA_Project\data\external_audio_batch\Pop\Pop__csr002__Falling.mp3,250,genre_250,Improv,0.10500618815422058,0.11506474018096924,Low,0,0.0,0,0,2,2,0,Subgenre/child under primary genre
Pop__csr002__Falling,E:\SCHOOL\Masters\Capstone_FMA_Project\data\external_audio_batch\Pop\Pop__csr002__Falling.mp3,25,genre_25,Punk,0.10030476748943329,0.1615200936794281,Low,0,0.0,0,0,1,2,0,Secondary associated genre
Pop__csr002__Falling,E:\SCHOOL\Masters\Capstone_FMA_Project\data\external_audio_batch\Pop\Pop__csr002__Falling.mp3,32,genre_32,Noise,0.08104362338781357,0.1253962218761444,Low,0,0.0,0,0,0,2,0,Subgenre/child under primary genre
Pop__csr002__Falling,E:\SCHOOL\Masters\Capstone_FMA_Project\data\external_audio_batch\Pop\Pop__csr002__Falling.mp3,76,genre_76,Experimental Pop,0.07727539539337158,0.10385122895240784,Low,0,0.0,0,0,0,2,0,Secondary associated genre
Pop__csr002__Falling,E:\SCHOOL\Masters\Capstone_FMA_Project\data\external_audio_batch\Pop\Pop__csr002__Falling.mp3,4,genre_4,Jazz,0.07028735429048538,0.10366979241371155,Low,0,0.0,0,0,0,2,0,Secondary associated genre
Pop__csr002__Falling,E:\SCHOOL\Masters\Capstone_FMA_Project\data\external_audio_batch\Pop\Pop__csr002__Falling.mp3,2,genre_2,International,0.060550134629011154,0.08449973165988922,Low,0,0.0,0,0,0,2,0,Secondary associated genre
Pop__csr002__Falling,E:\SCHOOL\Masters\Capstone_FMA_Project\data\external_audio_batch\Pop\Pop__csr002__Falling.mp3,41,genre_41,Electroacoustic,0.05589136853814125,0.09975439310073853,Low,0,0.0,0,0,0,2,0,Subgenre/child under primary genre
Pop__12rec.026__The_Virus_Left_Behind,E:\SCHOOL\Masters\Capstone_FMA_Project\data\external_audio_batch\Pop\Pop__12rec.026__The_Virus_Left_Behind.mp3,38,genre_38,Experimental,0.5458238124847412,0.7877781391143799,Moderate,8,1.0,5,7,8,2,1,Primary genre
Pop__12rec.026__The_Virus_Left_Behind,E:\SCHOOL\Masters\Capstone_FMA_Project\data\external_audio_batch\Pop\Pop__12rec.026__The_Virus_Left_Behind.mp3,12,genre_12,Rock,0.3370080888271332,0.505927324295044,Low-to-moderate,6,0.75,0,7,8,2,1,Secondary associated genre
Pop__12rec.026__The_Virus_Left_Behind,E:\SCHOOL\Masters\Capstone_FMA_Project\data\external_audio_batch\Pop\Pop__12rec.026__The_Virus_Left_Behind.mp3,17,genre_17,Folk,0.28081464767456055,0.5504942536354065,Low,3,0.375,3,4,6,2,1,Secondary associated genre
Pop__12rec.026__The_Virus_Left_Behind,E:\SCHOOL\Masters\Capstone_FMA_Project\data\external_audio_batch\Pop\Pop__12rec.026__The_Virus_Left_Behind.mp3,15,genre_15,Electronic,0.14176537096500397,0.1976003646850586,Low,0,0.0,0,2,5,2,0,Secondary associated genre
Pop__12rec.026__The_Virus_Left_Behind,E:\SCHOOL\Masters\Capstone_FMA_Project\data\external_audio_batch\Pop\Pop__12rec.026__The_Virus_Left_Behind.mp3,10,genre_10,Pop,0.13800746202468872,0.24027100205421448,Low,3,0.375,0,0,3,2,0,Secondary associated genre
Pop__12rec.026__The_Virus_Left_Behind,E:\SCHOOL\Masters\Capstone_FMA_Project\data\external_audio_batch\Pop\Pop__12rec.026__The_Virus_Left_Behind.mp3,1,genre_1,Avant-Garde,0.1323481947183609,0.23499241471290588,Low,1,0.125,0,2,3,2,0,Subgenre/child under primary genre
Pop__12rec.026__The_Virus_Left_Behind,E:\SCHOOL\Masters\Capstone_FMA_Project\data\external_audio_batch\Pop\Pop__12rec.026__The_Virus_Left_Behind.mp3,27,genre_27,Lo-Fi,0.12081944197416306,0.1935773491859436,Low,0,0.0,0,1,1,2,0,Secondary associated genre
Pop__12rec.026__The_Virus_Left_Behind,E:\SCHOOL\Masters\Capstone_FMA_Project\data\external_audio_batch\Pop\Pop__12rec.026__The_Virus_Left_Behind.mp3,1235,genre_1235,Instrumental,0.11513795703649521,0.16279937326908112,Low,0,0.0,0,0,1,2,0,Secondary associated genre
Pop__12rec.026__The_Virus_Left_Behind,E:\SCHOOL\Masters\Capstone_FMA_Project\data\external_audio_batch\Pop\Pop__12rec.026__The_Virus_Left_Behind.mp3,103,genre_103,Singer-Songwriter,0.10130791366100311,0.29396992921829224,Low,2,0.25,0,1,3,2,0,Secondary associated genre
Pop__12rec.026__The_Virus_Left_Behind,E:\SCHOOL\Masters\Capstone_FMA_Project\data\external_audio_batch\Pop\Pop__12rec.026__The_Virus_Left_Behind.mp3,250,genre_250,Improv,0.09951280057430267,0.1811227947473526,Low,0,0.0,0,0,2,2,0,Subgenre/child under primary genre
Pop__12rec.026__The_Virus_Left_Behind,E:\SCHOOL\Masters\Capstone_FMA_Project\data\external_audio_batch\Pop\Pop__12rec.026__The_Virus_Left_Behind.mp3,32,genre_32,Noise,0.0872294157743454,0.15263494849205017,Low,0,0.0,0,0,0,2,0,Subgenre/child under primary genre
Pop__12rec.026__The_Virus_Left_Behind,E:\SCHOOL\Masters\Capstone_FMA_Project\data\external_audio_batch\Pop\Pop__12rec.026__The_Virus_Left_Behind.mp3,76,genre_76,Experimental Pop,0.06807741522789001,0.08665357530117035,Low,0,0.0,0,0,0,2,0,Secondary associated genre
Pop__12rec.026__The_Virus_Left_Behind,E:\SCHOOL\Masters\Capstone_FMA_Project\data\external_audio_batch\Pop\Pop__12rec.026__The_Virus_Left_Behind.mp3,41,genre_41,Electroacoustic,0.06442724168300629,0.13423985242843628,Low,0,0.0,0,0,0,2,0,Subgenre/child under primary genre
Pop__12rec.026__The_Virus_Left_Behind,E:\SCHOOL\Masters\Capstone_FMA_Project\data\external_audio_batch\Pop\Pop__12rec.026__The_Virus_Left_Behind.mp3,66,genre_66,Indie-Rock,0.05990579351782799,0.14229828119277954,Low,0,0.0,0,0,0,2,0,Secondary associated genre
Pop__12rec.026__The_Virus_Left_Behind,E:\SCHOOL\Masters\Capstone_FMA_Project\data\external_audio_batch\Pop\Pop__12rec.026__The_Virus_Left_Behind.mp3,25,genre_25,Punk,0.05822400376200676,0.09207151085138321,Low,0,0.0,0,0,0,2,0,Secondary associated genre
Pop__iatmp3001__Blue_skies,E:\SCHOOL\Masters\Capstone_FMA_Project\data\external_audio_batch\Pop\Pop__iatmp3001__Blue_skies.mp3,38,genre_38,Experimental,0.5519669055938721,0.7691325545310974,Moderate,8,1.0,6,8,8,2,1,Primary genre
Pop__iatmp3001__Blue_skies,E:\SCHOOL\Masters\Capstone_FMA_Project\data\external_audio_batch\Pop\Pop__iatmp3001__Blue_skies.mp3,12,genre_12,Rock,0.3624599277973175,0.49186310172080994,Low-to-moderate,7,0.875,2,7,8,2,1,Secondary associated genre
Pop__iatmp3001__Blue_skies,E:\SCHOOL\Masters\Capstone_FMA_Project\data\external_audio_batch\Pop\Pop__iatmp3001__Blue_skies.mp3,15,genre_15,Electronic,0.16090333461761475,0.21159318089485168,Low,2,0.25,0,3,5,2,0,Secondary associated genre
Pop__iatmp3001__Blue_skies,E:\SCHOOL\Masters\Capstone_FMA_Project\data\external_audio_batch\Pop\Pop__iatmp3001__Blue_skies.mp3,17,genre_17,Folk,0.15121184289455414,0.20652680099010468,Low,1,0.125,0,3,5,2,0,Secondary associated genre
Pop__iatmp3001__Blue_skies,E:\SCHOOL\Masters\Capstone_FMA_Project\data\external_audio_batch\Pop\Pop__iatmp3001__Blue_skies.mp3,1,genre_1,Avant-Garde,0.1480453908443451,0.21233715116977692,Low,1,0.125,0,1,3,2,0,Subgenre/child under primary genre
Pop__iatmp3001__Blue_skies,E:\SCHOOL\Masters\Capstone_FMA_Project\data\external_audio_batch\Pop\Pop__iatmp3001__Blue_skies.mp3,10,genre_10,Pop,0.12825751304626465,0.1896972358226776,Low,0,0.0,0,1,5,2,0,Secondary associated genre
Pop__iatmp3001__Blue_skies,E:\SCHOOL\Masters\Capstone_FMA_Project\data\external_audio_batch\Pop\Pop__iatmp3001__Blue_skies.mp3,250,genre_250,Improv,0.12127326428890228,0.1956559121608734,Low,0,0.0,0,1,2,2,0,Subgenre/child under primary genre
Pop__iatmp3001__Blue_skies,E:\SCHOOL\Masters\Capstone_FMA_Project\data\external_audio_batch\Pop\Pop__iatmp3001__Blue_skies.mp3,27,genre_27,Lo-Fi,0.11176051944494247,0.1603146344423294,Low,0,0.0,0,0,1,2,0,Secondary associated genre
Pop__iatmp3001__Blue_skies,E:\SCHOOL\Masters\Capstone_FMA_Project\data\external_audio_batch\Pop\Pop__iatmp3001__Blue_skies.mp3,25,genre_25,Punk,0.10745568573474884,0.1641027331352234,Low,0,0.0,0,0,2,2,0,Secondary associated genre
Pop__iatmp3001__Blue_skies,E:\SCHOOL\Masters\Capstone_FMA_Project\data\external_audio_batch\Pop\Pop__iatmp3001__Blue_skies.mp3,1235,genre_1235,Instrumental,0.09045055508613586,0.17037759721279144,Low,0,0.0,0,0,1,2,0,Secondary associated genre
Pop__iatmp3001__Blue_skies,E:\SCHOOL\Masters\Capstone_FMA_Project\data\external_audio_batch\Pop\Pop__iatmp3001__Blue_skies.mp3,32,genre_32,Noise,0.08104398846626282,0.13973870873451233,Low,0,0.0,0,0,0,2,0,Subgenre/child under primary genre
Pop__iatmp3001__Blue_skies,E:\SCHOOL\Masters\Capstone_FMA_Project\data\external_audio_batch\Pop\Pop__iatmp3001__Blue_skies.mp3,76,genre_76,Experimental Pop,0.07996170967817307,0.11410503834486008,Low,0,0.0,0,0,0,2,0,Secondary associated genre
Pop__iatmp3001__Blue_skies,E:\SCHOOL\Masters\Capstone_FMA_Project\data\external_audio_batch\Pop\Pop__iatmp3001__Blue_skies.mp3,41,genre_41,Electroacoustic,0.0711577907204628,0.14841662347316742,Low,0,0.0,0,0,0,2,0,Subgenre/child under primary genre
Pop__iatmp3001__Blue_skies,E:\SCHOOL\Masters\Capstone_FMA_Project\data\external_audio_batch\Pop\Pop__iatmp3001__Blue_skies.mp3,2,genre_2,International,0.07044967263936996,0.08835624903440475,Low,0,0.0,0,0,0,2,0,Secondary associated genre
Pop__iatmp3001__Blue_skies,E:\SCHOOL\Masters\Capstone_FMA_Project\data\external_audio_batch\Pop\Pop__iatmp3001__Blue_skies.mp3,4,genre_4,Jazz,0.06719131767749786,0.08012718707323074,Low,0,0.0,0,0,0,2,0,Secondary associated genre
Pop__BSCOMP0006__09_-_Universal_Materials_-_This_is_the_Macrophage,E:\SCHOOL\Masters\Capstone_FMA_Project\data\external_audio_batch\Pop\Pop__BSCOMP0006__09_-_Universal_Materials_-_This_is_the_Macrophage.mp3,38,genre_38,Experimental,0.4854101538658142,0.7121261954307556,Low-to-moderate,8,1.0,6,8,8,2,1,Primary genre
Pop__BSCOMP0006__09_-_Universal_Materials_-_This_is_the_Macrophage,E:\SCHOOL\Masters\Capstone_FMA_Project\data\external_audio_batch\Pop\Pop__BSCOMP0006__09_-_Universal_Materials_-_This_is_the_Macrophage.mp3,15,genre_15,Electronic,0.3623153567314148,0.4611448645591736,Low-to-moderate,8,1.0,2,8,8,2,1,Secondary associated genre
Pop__BSCOMP0006__09_-_Universal_Materials_-_This_is_the_Macrophage,E:\SCHOOL\Masters\Capstone_FMA_Project\data\external_audio_batch\Pop\Pop__BSCOMP0006__09_-_Universal_Materials_-_This_is_the_Macrophage.mp3,12,genre_12,Rock,0.2813376486301422,0.35372868180274963,Low,6,0.75,0,6,7,2,1,Secondary associated genre
Pop__BSCOMP0006__09_-_Universal_Materials_-_This_is_the_Macrophage,E:\SCHOOL\Masters\Capstone_FMA_Project\data\external_audio_batch\Pop\Pop__BSCOMP0006__09_-_Universal_Materials_-_This_is_the_Macrophage.mp3,21,genre_21,Hip-Hop,0.20673401653766632,0.32904085516929626,Low,6,0.75,0,1,6,2,1,Secondary associated genre
Pop__BSCOMP0006__09_-_Universal_Materials_-_This_is_the_Macrophage,E:\SCHOOL\Masters\Capstone_FMA_Project\data\external_audio_batch\Pop\Pop__BSCOMP0006__09_-_Universal_Materials_-_This_is_the_Macrophage.mp3,10,genre_10,Pop,0.1284235715866089,0.15654145181179047,Low,0,0.0,0,0,6,2,0,Secondary associated genre
Pop__BSCOMP0006__09_-_Universal_Materials_-_This_is_the_Macrophage,E:\SCHOOL\Masters\Capstone_FMA_Project\data\external_audio_batch\Pop\Pop__BSCOMP0006__09_-_Universal_Materials_-_This_is_the_Macrophage.mp3,1235,genre_1235,Instrumental,0.10776878893375397,0.20239883661270142,Low,1,0.125,0,1,2,2,0,Secondary associated genre
Pop__BSCOMP0006__09_-_Universal_Materials_-_This_is_the_Macrophage,E:\SCHOOL\Masters\Capstone_FMA_Project\data\external_audio_batch\Pop\Pop__BSCOMP0006__09_-_Universal_Materials_-_This_is_the_Macrophage.mp3,1,genre_1,Avant-Garde,0.1006658524274826,0.16280236840248108,Low,0,0.0,0,0,1,2,0,Subgenre/child under primary genre
Pop__BSCOMP0006__09_-_Universal_Materials_-_This_is_the_Macrophage,E:\SCHOOL\Masters\Capstone_FMA_Project\data\external_audio_batch\Pop\Pop__BSCOMP0006__09_-_Universal_Materials_-_This_is_the_Macrophage.mp3,27,genre_27,Lo-Fi,0.07939773052930832,0.10353192687034607,Low,0,0.0,0,0,0,2,0,Secondary associated genre
Pop__BSCOMP0006__09_-_Universal_Materials_-_This_is_the_Macrophage,E:\SCHOOL\Masters\Capstone_FMA_Project\data\external_audio_batch\Pop\Pop__BSCOMP0006__09_-_Universal_Materials_-_This_is_the_Macrophage.mp3,76,genre_76,Experimental Pop,0.07939422130584717,0.09797324240207672,Low,0,0.0,0,0,0,2,0,Secondary associated genre
Pop__BSCOMP0006__09_-_Universal_Materials_-_This_is_the_Macrophage,E:\SCHOOL\Masters\Capstone_FMA_Project\data\external_audio_batch\Pop\Pop__BSCOMP0006__09_-_Universal_Materials_-_This_is_the_Macrophage.mp3,17,genre_17,Folk,0.07256454229354858,0.1602274626493454,Low,0,0.0,0,0,1,2,0,Secondary associated genre
Pop__BSCOMP0006__09_-_Universal_Materials_-_This_is_the_Macrophage,E:\SCHOOL\Masters\Capstone_FMA_Project\data\external_audio_batch\Pop\Pop__BSCOMP0006__09_-_Universal_Materials_-_This_is_the_Macrophage.mp3,32,genre_32,Noise,0.0694827064871788,0.11959634721279144,Low,0,0.0,0,0,0,2,0,Subgenre/child under primary genre
Pop__BSCOMP0006__09_-_Universal_Materials_-_This_is_the_Macrophage,E:\SCHOOL\Masters\Capstone_FMA_Project\data\external_audio_batch\Pop\Pop__BSCOMP0006__09_-_Universal_Materials_-_This_is_the_Macrophage.mp3,250,genre_250,Improv,0.06912810355424881,0.15524092316627502,Low,0,0.0,0,0,1,2,0,Subgenre/child under primary genre
Pop__BSCOMP0006__09_-_Universal_Materials_-_This_is_the_Macrophage,E:\SCHOOL\Masters\Capstone_FMA_Project\data\external_audio_batch\Pop\Pop__BSCOMP0006__09_-_Universal_Materials_-_This_is_the_Macrophage.mp3,2,genre_2,International,0.06464891880750656,0.08049222081899643,Low,0,0.0,0,0,0,2,0,Secondary associated genre
Pop__BSCOMP0006__09_-_Universal_Materials_-_This_is_the_Macrophage,E:\SCHOOL\Masters\Capstone_FMA_Project\data\external_audio_batch\Pop\Pop__BSCOMP0006__09_-_Universal_Materials_-_This_is_the_Macrophage.mp3,41,genre_41,Electroacoustic,0.0599244199693203,0.11233564466238022,Low,0,0.0,0,0,0,2,0,Subgenre/child under primary genre
Pop__BSCOMP0006__09_-_Universal_Materials_-_This_is_the_Macrophage,E:\SCHOOL\Masters\Capstone_FMA_Project\data\external_audio_batch\Pop\Pop__BSCOMP0006__09_-_Universal_Materials_-_This_is_the_Macrophage.mp3,25,genre_25,Punk,0.05486954003572464,0.07207542657852173,Low,0,0.0,0,0,0,2,0,Secondary associated genre
Pop__csr079__Runaway,E:\SCHOOL\Masters\Capstone_FMA_Project\data\external_audio_batch\Pop\Pop__csr079__Runaway.mp3,38,genre_38,Experimental,0.5249447822570801,0.6512805223464966,Moderate,8,1.0,8,8,8,2,1,Primary genre
Pop__csr079__Runaway,E:\SCHOOL\Masters\Capstone_FMA_Project\data\external_audio_batch\Pop\Pop__csr079__Runaway.mp3,12,genre_12,Rock,0.30477166175842285,0.3825768828392029,Low-to-moderate,7,0.875,0,8,8,2,1,Secondary associated genre
Pop__csr079__Runaway,E:\SCHOOL\Masters\Capstone_FMA_Project\data\external_audio_batch\Pop\Pop__csr079__Runaway.mp3,15,genre_15,Electronic,0.2025558352470398,0.35767611861228943,Low,5,0.625,0,5,5,2,1,Secondary associated genre
Pop__csr079__Runaway,E:\SCHOOL\Masters\Capstone_FMA_Project\data\external_audio_batch\Pop\Pop__csr079__Runaway.mp3,1,genre_1,Avant-Garde,0.1432766169309616,0.22778595983982086,Low,3,0.375,0,2,3,2,0,Subgenre/child under primary genre
Pop__csr079__Runaway,E:\SCHOOL\Masters\Capstone_FMA_Project\data\external_audio_batch\Pop\Pop__csr079__Runaway.mp3,17,genre_17,Folk,0.1414053589105606,0.24880415201187134,Low,1,0.125,0,1,5,2,0,Secondary associated genre
Pop__csr079__Runaway,E:\SCHOOL\Masters\Capstone_FMA_Project\data\external_audio_batch\Pop\Pop__csr079__Runaway.mp3,10,genre_10,Pop,0.1389136016368866,0.19078846275806427,Low,0,0.0,0,0,4,2,0,Secondary associated genre
Pop__csr079__Runaway,E:\SCHOOL\Masters\Capstone_FMA_Project\data\external_audio_batch\Pop\Pop__csr079__Runaway.mp3,250,genre_250,Improv,0.10875478386878967,0.17038914561271667,Low,0,0.0,0,0,3,2,0,Subgenre/child under primary genre
Pop__csr079__Runaway,E:\SCHOOL\Masters\Capstone_FMA_Project\data\external_audio_batch\Pop\Pop__csr079__Runaway.mp3,2,genre_2,International,0.09659820795059204,0.13309462368488312,Low,0,0.0,0,0,0,2,0,Secondary associated genre
Pop__csr079__Runaway,E:\SCHOOL\Masters\Capstone_FMA_Project\data\external_audio_batch\Pop\Pop__csr079__Runaway.mp3,27,genre_27,Lo-Fi,0.09036020189523697,0.12148384749889374,Low,0,0.0,0,0,0,2,0,Secondary associated genre
Pop__csr079__Runaway,E:\SCHOOL\Masters\Capstone_FMA_Project\data\external_audio_batch\Pop\Pop__csr079__Runaway.mp3,76,genre_76,Experimental Pop,0.08728133141994476,0.10922861844301224,Low,0,0.0,0,0,1,2,0,Secondary associated genre
Pop__csr079__Runaway,E:\SCHOOL\Masters\Capstone_FMA_Project\data\external_audio_batch\Pop\Pop__csr079__Runaway.mp3,25,genre_25,Punk,0.0855187252163887,0.10867868363857269,Low,0,0.0,0,0,0,2,0,Secondary associated genre
Pop__csr079__Runaway,E:\SCHOOL\Masters\Capstone_FMA_Project\data\external_audio_batch\Pop\Pop__csr079__Runaway.mp3,1235,genre_1235,Instrumental,0.07117407768964767,0.17484880983829498,Low,0,0.0,0,0,1,2,0,Secondary associated genre
Pop__csr079__Runaway,E:\SCHOOL\Masters\Capstone_FMA_Project\data\external_audio_batch\Pop\Pop__csr079__Runaway.mp3,21,genre_21,Hip-Hop,0.06832458078861237,0.1501142531633377,Low,0,0.0,0,0,2,2,0,Secondary associated genre
Pop__csr079__Runaway,E:\SCHOOL\Masters\Capstone_FMA_Project\data\external_audio_batch\Pop\Pop__csr079__Runaway.mp3,20,genre_20,Spoken,0.06574240326881409,0.13436251878738403,Low,0,0.0,0,0,0,2,0,Secondary associated genre
Pop__csr079__Runaway,E:\SCHOOL\Masters\Capstone_FMA_Project\data\external_audio_batch\Pop\Pop__csr079__Runaway.mp3,32,genre_32,Noise,0.06525227427482605,0.0872182622551918,Low,0,0.0,0,0,0,2,0,Subgenre/child under primary genre
Pop__mmm016__Mark_Robinson_-_Cape_May,E:\SCHOOL\Masters\Capstone_FMA_Project\data\external_audio_batch\Pop\Pop__mmm016__Mark_Robinson_-_Cape_May.flac,38,genre_38,Experimental,0.49898481369018555,0.5970668196678162,Low-to-moderate,8,1.0,5,8,8,2,1,Primary genre
Pop__mmm016__Mark_Robinson_-_Cape_May,E:\SCHOOL\Masters\Capstone_FMA_Project\data\external_audio_batch\Pop\Pop__mmm016__Mark_Robinson_-_Cape_May.flac,12,genre_12,Rock,0.40918946266174316,0.49654239416122437,Low-to-moderate,8,1.0,3,8,8,2,1,Secondary associated genre
Pop__mmm016__Mark_Robinson_-_Cape_May,E:\SCHOOL\Masters\Capstone_FMA_Project\data\external_audio_batch\Pop\Pop__mmm016__Mark_Robinson_-_Cape_May.flac,25,genre_25,Punk,0.1593502163887024,0.22305402159690857,Low,2,0.25,0,2,6,2,0,Secondary associated genre
Pop__mmm016__Mark_Robinson_-_Cape_May,E:\SCHOOL\Masters\Capstone_FMA_Project\data\external_audio_batch\Pop\Pop__mmm016__Mark_Robinson_-_Cape_May.flac,1,genre_1,Avant-Garde,0.14730514585971832,0.19243532419204712,Low,0,0.0,0,3,3,2,0,Subgenre/child under primary genre
Pop__mmm016__Mark_Robinson_-_Cape_May,E:\SCHOOL\Masters\Capstone_FMA_Project\data\external_audio_batch\Pop\Pop__mmm016__Mark_Robinson_-_Cape_May.flac,27,genre_27,Lo-Fi,0.13993360102176666,0.1785462349653244,Low,0,0.0,0,0,5,2,0,Secondary associated genre
Pop__mmm016__Mark_Robinson_-_Cape_May,E:\SCHOOL\Masters\Capstone_FMA_Project\data\external_audio_batch\Pop\Pop__mmm016__Mark_Robinson_-_Cape_May.flac,10,genre_10,Pop,0.13785390555858612,0.16972345113754272,Low,0,0.0,0,0,4,2,0,Secondary associated genre
Pop__mmm016__Mark_Robinson_-_Cape_May,E:\SCHOOL\Masters\Capstone_FMA_Project\data\external_audio_batch\Pop\Pop__mmm016__Mark_Robinson_-_Cape_May.flac,17,genre_17,Folk,0.12993130087852478,0.22624637186527252,Low,1,0.125,0,1,3,2,0,Secondary associated genre
Pop__mmm016__Mark_Robinson_-_Cape_May,E:\SCHOOL\Masters\Capstone_FMA_Project\data\external_audio_batch\Pop\Pop__mmm016__Mark_Robinson_-_Cape_May.flac,15,genre_15,Electronic,0.10856053233146667,0.1680767685174942,Low,0,0.0,0,2,2,2,0,Secondary associated genre
Pop__mmm016__Mark_Robinson_-_Cape_May,E:\SCHOOL\Masters\Capstone_FMA_Project\data\external_audio_batch\Pop\Pop__mmm016__Mark_Robinson_-_Cape_May.flac,250,genre_250,Improv,0.09899955987930298,0.12416233122348785,Low,0,0.0,0,0,0,2,0,Subgenre/child under primary genre
Pop__mmm016__Mark_Robinson_-_Cape_May,E:\SCHOOL\Masters\Capstone_FMA_Project\data\external_audio_batch\Pop\Pop__mmm016__Mark_Robinson_-_Cape_May.flac,76,genre_76,Experimental Pop,0.09166758507490158,0.10937410593032837,Low,0,0.0,0,0,0,2,0,Secondary associated genre
Pop__mmm016__Mark_Robinson_-_Cape_May,E:\SCHOOL\Masters\Capstone_FMA_Project\data\external_audio_batch\Pop\Pop__mmm016__Mark_Robinson_-_Cape_May.flac,2,genre_2,International,0.08639301359653473,0.11847477406263351,Low,0,0.0,0,0,0,2,0,Secondary associated genre
Pop__mmm016__Mark_Robinson_-_Cape_May,E:\SCHOOL\Masters\Capstone_FMA_Project\data\external_audio_batch\Pop\Pop__mmm016__Mark_Robinson_-_Cape_May.flac,20,genre_20,Spoken,0.08297835290431976,0.1635303795337677,Low,0,0.0,0,0,1,2,0,Secondary associated genre
Pop__mmm016__Mark_Robinson_-_Cape_May,E:\SCHOOL\Masters\Capstone_FMA_Project\data\external_audio_batch\Pop\Pop__mmm016__Mark_Robinson_-_Cape_May.flac,32,genre_32,Noise,0.07511959969997406,0.09958665817975998,Low,0,0.0,0,0,0,2,0,Subgenre/child under primary genre
Pop__mmm016__Mark_Robinson_-_Cape_May,E:\SCHOOL\Masters\Capstone_FMA_Project\data\external_audio_batch\Pop\Pop__mmm016__Mark_Robinson_-_Cape_May.flac,85,genre_85,Garage,0.04868313670158386,0.06988151371479034,Low,0,0.0,0,0,0,2,0,Secondary associated genre
Pop__mmm016__Mark_Robinson_-_Cape_May,E:\SCHOOL\Masters\Capstone_FMA_Project\data\external_audio_batch\Pop\Pop__mmm016__Mark_Robinson_-_Cape_May.flac,138,genre_138,Spoken Weird,0.04461396485567093,0.07013412564992905,Low,0,0.0,0,0,0,2,0,Secondary associated genre
