song_name,audio_path,window_index,start_sample,start_second,end_second,top1_label,top1_genre_name,top1_score,top3_labels,top3_genre_names,top5_labels,top5_genre_names
Rock__ca200_cjazz__503._Andrij_Orel_-_Ringo_Quartz,E:\SCHOOL\Masters\Capstone_FMA_Project\data\external_audio_batch\Rock\Rock__ca200_cjazz__503._Andrij_Orel_-_Ringo_Quartz.mp3,0,0,0.0,15.0,genre_38,Experimental,0.5599386692047119,genre_38|genre_1235|genre_12,Experimental|Instrumental|Rock,genre_38|genre_1235|genre_12|genre_15|genre_250,Experimental|Instrumental|Rock|Electronic|Improv
Rock__ca200_cjazz__503._Andrij_Orel_-_Ringo_Quartz,E:\SCHOOL\Masters\Capstone_FMA_Project\data\external_audio_batch\Rock\Rock__ca200_cjazz__503._Andrij_Orel_-_Ringo_Quartz.mp3,1,1262080,57.24,72.24,genre_38,Experimental,0.5858681201934814,genre_38|genre_12|genre_250,Experimental|Rock|Improv,genre_38|genre_12|genre_250|genre_17|genre_1235,Experimental|Rock|Improv|Folk|Instrumental
Rock__ca200_cjazz__503._Andrij_Orel_-_Ringo_Quartz,E:\SCHOOL\Masters\Capstone_FMA_Project\data\external_audio_batch\Rock\Rock__ca200_cjazz__503._Andrij_Orel_-_Ringo_Quartz.mp3,2,2524160,114.47,129.47,genre_38,Experimental,0.5375736951828003,genre_38|genre_12|genre_17,Experimental|Rock|Folk,genre_38|genre_12|genre_17|genre_250|genre_1,Experimental|Rock|Folk|Improv|Avant-Garde
Rock__ca200_cjazz__503._Andrij_Orel_-_Ringo_Quartz,E:\SCHOOL\Masters\Capstone_FMA_Project\data\external_audio_batch\Rock\Rock__ca200_cjazz__503._Andrij_Orel_-_Ringo_Quartz.mp3,3,3786240,171.71,186.71,genre_38,Experimental,0.49737828969955444,genre_38|genre_17|genre_12,Experimental|Folk|Rock,genre_38|genre_17|genre_12|genre_1235|genre_250,Experimental|Folk|Rock|Instrumental|Improv
Rock__ca200_cjazz__503._Andrij_Orel_-_Ringo_Quartz,E:\SCHOOL\Masters\Capstone_FMA_Project\data\external_audio_batch\Rock\Rock__ca200_cjazz__503._Andrij_Orel_-_Ringo_Quartz.mp3,4,5048321,228.95,243.95,genre_38,Experimental,0.5306451320648193,genre_38|genre_12|genre_250,Experimental|Rock|Improv,genre_38|genre_12|genre_250|genre_17|genre_1235,Experimental|Rock|Improv|Folk|Instrumental
Rock__ca200_cjazz__503._Andrij_Orel_-_Ringo_Quartz,E:\SCHOOL\Masters\Capstone_FMA_Project\data\external_audio_batch\Rock\Rock__ca200_cjazz__503._Andrij_Orel_-_Ringo_Quartz.mp3,5,6310401,286.19,301.19,genre_38,Experimental,0.5854604244232178,genre_38|genre_12|genre_250,Experimental|Rock|Improv,genre_38|genre_12|genre_250|genre_1235|genre_17,Experimental|Rock|Improv|Instrumental|Folk
Rock__ca200_cjazz__503._Andrij_Orel_-_Ringo_Quartz,E:\SCHOOL\Masters\Capstone_FMA_Project\data\external_audio_batch\Rock\Rock__ca200_cjazz__503._Andrij_Orel_-_Ringo_Quartz.mp3,6,7572481,343.42,358.42,genre_38,Experimental,0.5252209901809692,genre_38|genre_12|genre_17,Experimental|Rock|Folk,genre_38|genre_12|genre_17|genre_250|genre_1235,Experimental|Rock|Folk|Improv|Instrumental
Rock__ca200_cjazz__503._Andrij_Orel_-_Ringo_Quartz,E:\SCHOOL\Masters\Capstone_FMA_Project\data\external_audio_batch\Rock\Rock__ca200_cjazz__503._Andrij_Orel_-_Ringo_Quartz.mp3,7,8834562,400.66,415.66,genre_38,Experimental,0.7014301419258118,genre_38|genre_250|genre_1,Experimental|Improv|Avant-Garde,genre_38|genre_250|genre_1|genre_12|genre_15,Experimental|Improv|Avant-Garde|Rock|Electronic
Rock__afm004_allmyfaults_neonoir__The_course_of_true_love_never_did_run_smooth__my_dearest,E:\SCHOOL\Masters\Capstone_FMA_Project\data\external_audio_batch\Rock\Rock__afm004_allmyfaults_neonoir__The_course_of_true_love_never_did_run_smooth__my_dearest.mp3,0,0,0.0,15.0,genre_38,Experimental,0.7029165029525757,genre_38|genre_1|genre_20,Experimental|Avant-Garde|Spoken,genre_38|genre_1|genre_20|genre_12|genre_250,Experimental|Avant-Garde|Spoken|Rock|Improv
Rock__afm004_allmyfaults_neonoir__The_course_of_true_love_never_did_run_smooth__my_dearest,E:\SCHOOL\Masters\Capstone_FMA_Project\data\external_audio_batch\Rock\Rock__afm004_allmyfaults_neonoir__The_course_of_true_love_never_did_run_smooth__my_dearest.mp3,1,1049042,47.58,62.58,genre_38,Experimental,0.4944845139980316,genre_38|genre_12|genre_15,Experimental|Rock|Electronic,genre_38|genre_12|genre_15|genre_25|genre_10,Experimental|Rock|Electronic|Punk|Pop
Rock__afm004_allmyfaults_neonoir__The_course_of_true_love_never_did_run_smooth__my_dearest,E:\SCHOOL\Masters\Capstone_FMA_Project\data\external_audio_batch\Rock\Rock__afm004_allmyfaults_neonoir__The_course_of_true_love_never_did_run_smooth__my_dearest.mp3,2,2098085,95.15,110.15,genre_12,Rock,0.4296822249889374,genre_12|genre_38|genre_15,Rock|Experimental|Electronic,genre_12|genre_38|genre_15|genre_10|genre_25,Rock|Experimental|Electronic|Pop|Punk
Rock__afm004_allmyfaults_neonoir__The_course_of_true_love_never_did_run_smooth__my_dearest,E:\SCHOOL\Masters\Capstone_FMA_Project\data\external_audio_batch\Rock\Rock__afm004_allmyfaults_neonoir__The_course_of_true_love_never_did_run_smooth__my_dearest.mp3,3,3147127,142.73,157.73,genre_38,Experimental,0.6118055582046509,genre_38|genre_15|genre_12,Experimental|Electronic|Rock,genre_38|genre_15|genre_12|genre_1|genre_10,Experimental|Electronic|Rock|Avant-Garde|Pop
Rock__afm004_allmyfaults_neonoir__The_course_of_true_love_never_did_run_smooth__my_dearest,E:\SCHOOL\Masters\Capstone_FMA_Project\data\external_audio_batch\Rock\Rock__afm004_allmyfaults_neonoir__The_course_of_true_love_never_did_run_smooth__my_dearest.mp3,4,4196170,190.3,205.3,genre_38,Experimental,0.5708868503570557,genre_38|genre_12|genre_15,Experimental|Rock|Electronic,genre_38|genre_12|genre_15|genre_1|genre_10,Experimental|Rock|Electronic|Avant-Garde|Pop
Rock__afm004_allmyfaults_neonoir__The_course_of_true_love_never_did_run_smooth__my_dearest,E:\SCHOOL\Masters\Capstone_FMA_Project\data\external_audio_batch\Rock\Rock__afm004_allmyfaults_neonoir__The_course_of_true_love_never_did_run_smooth__my_dearest.mp3,5,5245212,237.88,252.88,genre_38,Experimental,0.5704545974731445,genre_38|genre_12|genre_15,Experimental|Rock|Electronic,genre_38|genre_12|genre_15|genre_10|genre_1,Experimental|Rock|Electronic|Pop|Avant-Garde
Rock__afm004_allmyfaults_neonoir__The_course_of_true_love_never_did_run_smooth__my_dearest,E:\SCHOOL\Masters\Capstone_FMA_Project\data\external_audio_batch\Rock\Rock__afm004_allmyfaults_neonoir__The_course_of_true_love_never_did_run_smooth__my_dearest.mp3,6,6294255,285.45,300.45,genre_38,Experimental,0.6058050394058228,genre_38|genre_15|genre_12,Experimental|Electronic|Rock,genre_38|genre_15|genre_12|genre_1|genre_32,Experimental|Electronic|Rock|Avant-Garde|Noise
Rock__afm004_allmyfaults_neonoir__The_course_of_true_love_never_did_run_smooth__my_dearest,E:\SCHOOL\Masters\Capstone_FMA_Project\data\external_audio_batch\Rock\Rock__afm004_allmyfaults_neonoir__The_course_of_true_love_never_did_run_smooth__my_dearest.mp3,7,7343298,333.03,348.03,genre_38,Experimental,0.6677000522613525,genre_38|genre_15|genre_1235,Experimental|Electronic|Instrumental,genre_38|genre_15|genre_1235|genre_12|genre_107,Experimental|Electronic|Instrumental|Rock|Ambient
Rock__Lethargie.LP__Intro___Im_Herbst,E:\SCHOOL\Masters\Capstone_FMA_Project\data\external_audio_batch\Rock\Rock__Lethargie.LP__Intro___Im_Herbst.mp3,0,0,0.0,15.0,genre_38,Experimental,0.5649149417877197,genre_38|genre_15|genre_12,Experimental|Electronic|Rock,genre_38|genre_15|genre_12|genre_1235|genre_10,Experimental|Electronic|Rock|Instrumental|Pop
Rock__Lethargie.LP__Intro___Im_Herbst,E:\SCHOOL\Masters\Capstone_FMA_Project\data\external_audio_batch\Rock\Rock__Lethargie.LP__Intro___Im_Herbst.mp3,1,1170990,53.11,68.11,genre_38,Experimental,0.5033923387527466,genre_38|genre_15|genre_12,Experimental|Electronic|Rock,genre_38|genre_15|genre_12|genre_10|genre_1235,Experimental|Electronic|Rock|Pop|Instrumental
Rock__Lethargie.LP__Intro___Im_Herbst,E:\SCHOOL\Masters\Capstone_FMA_Project\data\external_audio_batch\Rock\Rock__Lethargie.LP__Intro___Im_Herbst.mp3,2,2341980,106.21,121.21,genre_38,Experimental,0.6554690003395081,genre_38|genre_15|genre_12,Experimental|Electronic|Rock,genre_38|genre_15|genre_12|genre_32|genre_1,Experimental|Electronic|Rock|Noise|Avant-Garde
Rock__Lethargie.LP__Intro___Im_Herbst,E:\SCHOOL\Masters\Capstone_FMA_Project\data\external_audio_batch\Rock\Rock__Lethargie.LP__Intro___Im_Herbst.mp3,3,3512970,159.32,174.32,genre_38,Experimental,0.6604630947113037,genre_38|genre_15|genre_12,Experimental|Electronic|Rock,genre_38|genre_15|genre_12|genre_32|genre_1,Experimental|Electronic|Rock|Noise|Avant-Garde
Rock__Lethargie.LP__Intro___Im_Herbst,E:\SCHOOL\Masters\Capstone_FMA_Project\data\external_audio_batch\Rock\Rock__Lethargie.LP__Intro___Im_Herbst.mp3,4,4683960,212.42,227.42,genre_38,Experimental,0.6422463655471802,genre_38|genre_15|genre_12,Experimental|Electronic|Rock,genre_38|genre_15|genre_12|genre_32|genre_1,Experimental|Electronic|Rock|Noise|Avant-Garde
Rock__Lethargie.LP__Intro___Im_Herbst,E:\SCHOOL\Masters\Capstone_FMA_Project\data\external_audio_batch\Rock\Rock__Lethargie.LP__Intro___Im_Herbst.mp3,5,5854950,265.53,280.53,genre_38,Experimental,0.6236582398414612,genre_38|genre_15|genre_12,Experimental|Electronic|Rock,genre_38|genre_15|genre_12|genre_32|genre_1,Experimental|Electronic|Rock|Noise|Avant-Garde
Rock__Lethargie.LP__Intro___Im_Herbst,E:\SCHOOL\Masters\Capstone_FMA_Project\data\external_audio_batch\Rock\Rock__Lethargie.LP__Intro___Im_Herbst.mp3,6,7025940,318.64,333.64,genre_38,Experimental,0.6400464773178101,genre_38|genre_15|genre_12,Experimental|Electronic|Rock,genre_38|genre_15|genre_12|genre_1|genre_41,Experimental|Electronic|Rock|Avant-Garde|Electroacoustic
Rock__Lethargie.LP__Intro___Im_Herbst,E:\SCHOOL\Masters\Capstone_FMA_Project\data\external_audio_batch\Rock\Rock__Lethargie.LP__Intro___Im_Herbst.mp3,7,8196930,371.74,386.74,genre_38,Experimental,0.6132297515869141,genre_38|genre_12|genre_15,Experimental|Rock|Electronic,genre_38|genre_12|genre_15|genre_1235|genre_32,Experimental|Rock|Electronic|Instrumental|Noise
Rock__Bostaurus.Demo__The_Sky_Full_of_Shadows,E:\SCHOOL\Masters\Capstone_FMA_Project\data\external_audio_batch\Rock\Rock__Bostaurus.Demo__The_Sky_Full_of_Shadows.mp3,0,0,0.0,15.0,genre_38,Experimental,0.5573235750198364,genre_38|genre_12|genre_15,Experimental|Rock|Electronic,genre_38|genre_12|genre_15|genre_25|genre_32,Experimental|Rock|Electronic|Punk|Noise
Rock__Bostaurus.Demo__The_Sky_Full_of_Shadows,E:\SCHOOL\Masters\Capstone_FMA_Project\data\external_audio_batch\Rock\Rock__Bostaurus.Demo__The_Sky_Full_of_Shadows.mp3,1,593426,26.91,41.91,genre_38,Experimental,0.6102322340011597,genre_38|genre_12|genre_15,Experimental|Rock|Electronic,genre_38|genre_12|genre_15|genre_25|genre_1,Experimental|Rock|Electronic|Punk|Avant-Garde
Rock__Bostaurus.Demo__The_Sky_Full_of_Shadows,E:\SCHOOL\Masters\Capstone_FMA_Project\data\external_audio_batch\Rock\Rock__Bostaurus.Demo__The_Sky_Full_of_Shadows.mp3,2,1186853,53.83,68.83,genre_38,Experimental,0.5690229535102844,genre_38|genre_12|genre_15,Experimental|Rock|Electronic,genre_38|genre_12|genre_15|genre_25|genre_1,Experimental|Rock|Electronic|Punk|Avant-Garde
Rock__Bostaurus.Demo__The_Sky_Full_of_Shadows,E:\SCHOOL\Masters\Capstone_FMA_Project\data\external_audio_batch\Rock\Rock__Bostaurus.Demo__The_Sky_Full_of_Shadows.mp3,3,1780279,80.74,95.74,genre_38,Experimental,0.5730420351028442,genre_38|genre_12|genre_15,Experimental|Rock|Electronic,genre_38|genre_12|genre_15|genre_25|genre_1,Experimental|Rock|Electronic|Punk|Avant-Garde
Rock__Bostaurus.Demo__The_Sky_Full_of_Shadows,E:\SCHOOL\Masters\Capstone_FMA_Project\data\external_audio_batch\Rock\Rock__Bostaurus.Demo__The_Sky_Full_of_Shadows.mp3,4,2373706,107.65,122.65,genre_12,Rock,0.5696544647216797,genre_12|genre_38|genre_25,Rock|Experimental|Punk,genre_12|genre_38|genre_25|genre_15|genre_10,Rock|Experimental|Punk|Electronic|Pop
Rock__Bostaurus.Demo__The_Sky_Full_of_Shadows,E:\SCHOOL\Masters\Capstone_FMA_Project\data\external_audio_batch\Rock\Rock__Bostaurus.Demo__The_Sky_Full_of_Shadows.mp3,5,2967132,134.56,149.56,genre_38,Experimental,0.5505803823471069,genre_38|genre_12|genre_15,Experimental|Rock|Electronic,genre_38|genre_12|genre_15|genre_25|genre_32,Experimental|Rock|Electronic|Punk|Noise
Rock__Bostaurus.Demo__The_Sky_Full_of_Shadows,E:\SCHOOL\Masters\Capstone_FMA_Project\data\external_audio_batch\Rock\Rock__Bostaurus.Demo__The_Sky_Full_of_Shadows.mp3,6,3560559,161.48,176.48,genre_38,Experimental,0.5546091794967651,genre_38|genre_12|genre_15,Experimental|Rock|Electronic,genre_38|genre_12|genre_15|genre_25|genre_32,Experimental|Rock|Electronic|Punk|Noise
Rock__Bostaurus.Demo__The_Sky_Full_of_Shadows,E:\SCHOOL\Masters\Capstone_FMA_Project\data\external_audio_batch\Rock\Rock__Bostaurus.Demo__The_Sky_Full_of_Shadows.mp3,7,4153986,188.39,203.39,genre_38,Experimental,0.6620067954063416,genre_38|genre_12|genre_15,Experimental|Rock|Electronic,genre_38|genre_12|genre_15|genre_1|genre_32,Experimental|Rock|Electronic|Avant-Garde|Noise
Rock__BS450014__Last_Addiction,E:\SCHOOL\Masters\Capstone_FMA_Project\data\external_audio_batch\Rock\Rock__BS450014__Last_Addiction.mp3,0,0,0.0,15.0,genre_17,Folk,0.4769761264324188,genre_17|genre_12|genre_38,Folk|Rock|Experimental,genre_17|genre_12|genre_38|genre_10|genre_103,Folk|Rock|Experimental|Pop|Singer-Songwriter
Rock__BS450014__Last_Addiction,E:\SCHOOL\Masters\Capstone_FMA_Project\data\external_audio_batch\Rock\Rock__BS450014__Last_Addiction.mp3,1,652441,29.59,44.59,genre_12,Rock,0.5561662316322327,genre_12|genre_17|genre_38,Rock|Folk|Experimental,genre_12|genre_17|genre_38|genre_10|genre_27,Rock|Folk|Experimental|Pop|Lo-Fi
Rock__BS450014__Last_Addiction,E:\SCHOOL\Masters\Capstone_FMA_Project\data\external_audio_batch\Rock\Rock__BS450014__Last_Addiction.mp3,2,1304882,59.18,74.18,genre_12,Rock,0.47185957431793213,genre_12|genre_17|genre_38,Rock|Folk|Experimental,genre_12|genre_17|genre_38|genre_10|genre_103,Rock|Folk|Experimental|Pop|Singer-Songwriter
Rock__BS450014__Last_Addiction,E:\SCHOOL\Masters\Capstone_FMA_Project\data\external_audio_batch\Rock\Rock__BS450014__Last_Addiction.mp3,3,1957324,88.77,103.77,genre_12,Rock,0.44590723514556885,genre_12|genre_38|genre_17,Rock|Experimental|Folk,genre_12|genre_38|genre_17|genre_10|genre_27,Rock|Experimental|Folk|Pop|Lo-Fi
Rock__BS450014__Last_Addiction,E:\SCHOOL\Masters\Capstone_FMA_Project\data\external_audio_batch\Rock\Rock__BS450014__Last_Addiction.mp3,4,2609765,118.36,133.36,genre_17,Folk,0.472185343503952,genre_17|genre_12|genre_38,Folk|Rock|Experimental,genre_17|genre_12|genre_38|genre_103|genre_10,Folk|Rock|Experimental|Singer-Songwriter|Pop
Rock__BS450014__Last_Addiction,E:\SCHOOL\Masters\Capstone_FMA_Project\data\external_audio_batch\Rock\Rock__BS450014__Last_Addiction.mp3,5,3262207,147.95,162.95,genre_12,Rock,0.5234456658363342,genre_12|genre_17|genre_38,Rock|Folk|Experimental,genre_12|genre_17|genre_38|genre_10|genre_103,Rock|Folk|Experimental|Pop|Singer-Songwriter
Rock__BS450014__Last_Addiction,E:\SCHOOL\Masters\Capstone_FMA_Project\data\external_audio_batch\Rock\Rock__BS450014__Last_Addiction.mp3,6,3914648,177.54,192.54,genre_12,Rock,0.5049935579299927,genre_12|genre_17|genre_38,Rock|Folk|Experimental,genre_12|genre_17|genre_38|genre_10|genre_27,Rock|Folk|Experimental|Pop|Lo-Fi
Rock__BS450014__Last_Addiction,E:\SCHOOL\Masters\Capstone_FMA_Project\data\external_audio_batch\Rock\Rock__BS450014__Last_Addiction.mp3,7,4567090,207.12,222.12,genre_38,Experimental,0.44540858268737793,genre_38|genre_12|genre_17,Experimental|Rock|Folk,genre_38|genre_12|genre_17|genre_1235|genre_250,Experimental|Rock|Folk|Instrumental|Improv
Rock__csr020__Set_The_Controls_For_the_Heart_of_the_Sun,E:\SCHOOL\Masters\Capstone_FMA_Project\data\external_audio_batch\Rock\Rock__csr020__Set_The_Controls_For_the_Heart_of_the_Sun.mp3,0,0,0.0,15.0,genre_38,Experimental,0.6162464022636414,genre_38|genre_12|genre_17,Experimental|Rock|Folk,genre_38|genre_12|genre_17|genre_250|genre_1235,Experimental|Rock|Folk|Improv|Instrumental
Rock__csr020__Set_The_Controls_For_the_Heart_of_the_Sun,E:\SCHOOL\Masters\Capstone_FMA_Project\data\external_audio_batch\Rock\Rock__csr020__Set_The_Controls_For_the_Heart_of_the_Sun.mp3,1,1330459,60.34,75.34,genre_12,Rock,0.5111606121063232,genre_12|genre_38|genre_17,Rock|Experimental|Folk,genre_12|genre_38|genre_17|genre_10|genre_15,Rock|Experimental|Folk|Pop|Electronic
Rock__csr020__Set_The_Controls_For_the_Heart_of_the_Sun,E:\SCHOOL\Masters\Capstone_FMA_Project\data\external_audio_batch\Rock\Rock__csr020__Set_The_Controls_For_the_Heart_of_the_Sun.mp3,2,2660919,120.68,135.68,genre_12,Rock,0.4994432330131531,genre_12|genre_38|genre_17,Rock|Experimental|Folk,genre_12|genre_38|genre_17|genre_15|genre_10,Rock|Experimental|Folk|Electronic|Pop
Rock__csr020__Set_The_Controls_For_the_Heart_of_the_Sun,E:\SCHOOL\Masters\Capstone_FMA_Project\data\external_audio_batch\Rock\Rock__csr020__Set_The_Controls_For_the_Heart_of_the_Sun.mp3,3,3991379,181.01,196.01,genre_38,Experimental,0.5411701202392578,genre_38|genre_12|genre_15,Experimental|Rock|Electronic,genre_38|genre_12|genre_15|genre_25|genre_10,Experimental|Rock|Electronic|Punk|Pop
Rock__csr020__Set_The_Controls_For_the_Heart_of_the_Sun,E:\SCHOOL\Masters\Capstone_FMA_Project\data\external_audio_batch\Rock\Rock__csr020__Set_The_Controls_For_the_Heart_of_the_Sun.mp3,4,5321838,241.35,256.35,genre_12,Rock,0.5189332962036133,genre_12|genre_38|genre_17,Rock|Experimental|Folk,genre_12|genre_38|genre_17|genre_15|genre_10,Rock|Experimental|Folk|Electronic|Pop
Rock__csr020__Set_The_Controls_For_the_Heart_of_the_Sun,E:\SCHOOL\Masters\Capstone_FMA_Project\data\external_audio_batch\Rock\Rock__csr020__Set_The_Controls_For_the_Heart_of_the_Sun.mp3,5,6652298,301.69,316.69,genre_12,Rock,0.6326738595962524,genre_12|genre_38|genre_10,Rock|Experimental|Pop,genre_12|genre_38|genre_10|genre_17|genre_25,Rock|Experimental|Pop|Folk|Punk
Rock__csr020__Set_The_Controls_For_the_Heart_of_the_Sun,E:\SCHOOL\Masters\Capstone_FMA_Project\data\external_audio_batch\Rock\Rock__csr020__Set_The_Controls_For_the_Heart_of_the_Sun.mp3,6,7982758,362.03,377.03,genre_12,Rock,0.5736266374588013,genre_12|genre_38|genre_10,Rock|Experimental|Pop,genre_12|genre_38|genre_10|genre_15|genre_17,Rock|Experimental|Pop|Electronic|Folk
Rock__csr020__Set_The_Controls_For_the_Heart_of_the_Sun,E:\SCHOOL\Masters\Capstone_FMA_Project\data\external_audio_batch\Rock\Rock__csr020__Set_The_Controls_For_the_Heart_of_the_Sun.mp3,7,9313218,422.37,437.37,genre_38,Experimental,0.6830775737762451,genre_38|genre_12|genre_250,Experimental|Rock|Improv,genre_38|genre_12|genre_250|genre_1|genre_1235,Experimental|Rock|Improv|Avant-Garde|Instrumental
Rock__afm020_noctiflora_0407__Neorama,E:\SCHOOL\Masters\Capstone_FMA_Project\data\external_audio_batch\Rock\Rock__afm020_noctiflora_0407__Neorama.mp3,0,0,0.0,15.0,genre_38,Experimental,0.6209294199943542,genre_38|genre_12|genre_15,Experimental|Rock|Electronic,genre_38|genre_12|genre_15|genre_1235|genre_17,Experimental|Rock|Electronic|Instrumental|Folk
Rock__afm020_noctiflora_0407__Neorama,E:\SCHOOL\Masters\Capstone_FMA_Project\data\external_audio_batch\Rock\Rock__afm020_noctiflora_0407__Neorama.mp3,1,1193865,54.14,69.14,genre_12,Rock,0.6886419057846069,genre_12|genre_38|genre_10,Rock|Experimental|Pop,genre_12|genre_38|genre_10|genre_25|genre_17,Rock|Experimental|Pop|Punk|Folk
Rock__afm020_noctiflora_0407__Neorama,E:\SCHOOL\Masters\Capstone_FMA_Project\data\external_audio_batch\Rock\Rock__afm020_noctiflora_0407__Neorama.mp3,2,2387730,108.29,123.29,genre_12,Rock,0.7250561714172363,genre_12|genre_25|genre_38,Rock|Punk|Experimental,genre_12|genre_25|genre_38|genre_10|genre_15,Rock|Punk|Experimental|Pop|Electronic
Rock__afm020_noctiflora_0407__Neorama,E:\SCHOOL\Masters\Capstone_FMA_Project\data\external_audio_batch\Rock\Rock__afm020_noctiflora_0407__Neorama.mp3,3,3581596,162.43,177.43,genre_38,Experimental,0.7411378622055054,genre_38|genre_15|genre_1235,Experimental|Electronic|Instrumental,genre_38|genre_15|genre_1235|genre_1|genre_250,Experimental|Electronic|Instrumental|Avant-Garde|Improv
Rock__afm020_noctiflora_0407__Neorama,E:\SCHOOL\Masters\Capstone_FMA_Project\data\external_audio_batch\Rock\Rock__afm020_noctiflora_0407__Neorama.mp3,4,4775461,216.57,231.57,genre_38,Experimental,0.8219042420387268,genre_38|genre_1235|genre_1,Experimental|Instrumental|Avant-Garde,genre_38|genre_1235|genre_1|genre_250|genre_107,Experimental|Instrumental|Avant-Garde|Improv|Ambient
Rock__afm020_noctiflora_0407__Neorama,E:\SCHOOL\Masters\Capstone_FMA_Project\data\external_audio_batch\Rock\Rock__afm020_noctiflora_0407__Neorama.mp3,5,5969327,270.72,285.72,genre_38,Experimental,0.7901406288146973,genre_38|genre_1235|genre_15,Experimental|Instrumental|Electronic,genre_38|genre_1235|genre_15|genre_107|genre_41,Experimental|Instrumental|Electronic|Ambient|Electroacoustic
Rock__afm020_noctiflora_0407__Neorama,E:\SCHOOL\Masters\Capstone_FMA_Project\data\external_audio_batch\Rock\Rock__afm020_noctiflora_0407__Neorama.mp3,6,7163192,324.86,339.86,genre_15,Electronic,0.6105892658233643,genre_15|genre_38|genre_12,Electronic|Experimental|Rock,genre_15|genre_38|genre_12|genre_21|genre_10,Electronic|Experimental|Rock|Hip-Hop|Pop
Rock__afm020_noctiflora_0407__Neorama,E:\SCHOOL\Masters\Capstone_FMA_Project\data\external_audio_batch\Rock\Rock__afm020_noctiflora_0407__Neorama.mp3,7,8357058,379.0,394.0,genre_38,Experimental,0.543412446975708,genre_38|genre_12|genre_15,Experimental|Rock|Electronic,genre_38|genre_12|genre_15|genre_1235|genre_250,Experimental|Rock|Electronic|Instrumental|Improv
Rock__SCL160__Break_the_Lies__Gnothi_Seauton_Remix,E:\SCHOOL\Masters\Capstone_FMA_Project\data\external_audio_batch\Rock\Rock__SCL160__Break_the_Lies__Gnothi_Seauton_Remix.mp3,0,0,0.0,15.0,genre_38,Experimental,0.4837193191051483,genre_38|genre_12|genre_15,Experimental|Rock|Electronic,genre_38|genre_12|genre_15|genre_17|genre_10,Experimental|Rock|Electronic|Folk|Pop
Rock__SCL160__Break_the_Lies__Gnothi_Seauton_Remix,E:\SCHOOL\Masters\Capstone_FMA_Project\data\external_audio_batch\Rock\Rock__SCL160__Break_the_Lies__Gnothi_Seauton_Remix.mp3,1,787034,35.69,50.69,genre_15,Electronic,0.7002422213554382,genre_15|genre_38|genre_1235,Electronic|Experimental|Instrumental,genre_15|genre_38|genre_1235|genre_21|genre_41,Electronic|Experimental|Instrumental|Hip-Hop|Electroacoustic
Rock__SCL160__Break_the_Lies__Gnothi_Seauton_Remix,E:\SCHOOL\Masters\Capstone_FMA_Project\data\external_audio_batch\Rock\Rock__SCL160__Break_the_Lies__Gnothi_Seauton_Remix.mp3,2,1574069,71.39,86.39,genre_15,Electronic,0.6032264232635498,genre_15|genre_38|genre_21,Electronic|Experimental|Hip-Hop,genre_15|genre_38|genre_21|genre_12|genre_1235,Electronic|Experimental|Hip-Hop|Rock|Instrumental
Rock__SCL160__Break_the_Lies__Gnothi_Seauton_Remix,E:\SCHOOL\Masters\Capstone_FMA_Project\data\external_audio_batch\Rock\Rock__SCL160__Break_the_Lies__Gnothi_Seauton_Remix.mp3,3,2361104,107.08,122.08,genre_38,Experimental,0.4845113456249237,genre_38|genre_15|genre_12,Experimental|Electronic|Rock,genre_38|genre_15|genre_12|genre_21|genre_10,Experimental|Electronic|Rock|Hip-Hop|Pop
Rock__SCL160__Break_the_Lies__Gnothi_Seauton_Remix,E:\SCHOOL\Masters\Capstone_FMA_Project\data\external_audio_batch\Rock\Rock__SCL160__Break_the_Lies__Gnothi_Seauton_Remix.mp3,4,3148138,142.77,157.77,genre_38,Experimental,0.6830753684043884,genre_38|genre_12|genre_250,Experimental|Rock|Improv,genre_38|genre_12|genre_250|genre_1|genre_15,Experimental|Rock|Improv|Avant-Garde|Electronic
Rock__SCL160__Break_the_Lies__Gnothi_Seauton_Remix,E:\SCHOOL\Masters\Capstone_FMA_Project\data\external_audio_batch\Rock\Rock__SCL160__Break_the_Lies__Gnothi_Seauton_Remix.mp3,5,3935173,178.47,193.47,genre_38,Experimental,0.594245433807373,genre_38|genre_15|genre_12,Experimental|Electronic|Rock,genre_38|genre_15|genre_12|genre_1|genre_17,Experimental|Electronic|Rock|Avant-Garde|Folk
Rock__SCL160__Break_the_Lies__Gnothi_Seauton_Remix,E:\SCHOOL\Masters\Capstone_FMA_Project\data\external_audio_batch\Rock\Rock__SCL160__Break_the_Lies__Gnothi_Seauton_Remix.mp3,6,4722208,214.16,229.16,genre_38,Experimental,0.759748101234436,genre_38|genre_15|genre_1,Experimental|Electronic|Avant-Garde,genre_38|genre_15|genre_1|genre_250|genre_12,Experimental|Electronic|Avant-Garde|Improv|Rock
Rock__SCL160__Break_the_Lies__Gnothi_Seauton_Remix,E:\SCHOOL\Masters\Capstone_FMA_Project\data\external_audio_batch\Rock\Rock__SCL160__Break_the_Lies__Gnothi_Seauton_Remix.mp3,7,5509243,249.85,264.85,genre_38,Experimental,0.6968318819999695,genre_38|genre_250|genre_12,Experimental|Improv|Rock,genre_38|genre_250|genre_12|genre_1|genre_1235,Experimental|Improv|Rock|Avant-Garde|Instrumental
Rock__freemusiccharts.songs2012__2012-01-H._Zombie-Taxi_Driver,E:\SCHOOL\Masters\Capstone_FMA_Project\data\external_audio_batch\Rock\Rock__freemusiccharts.songs2012__2012-01-H._Zombie-Taxi_Driver.mp3,0,0,0.0,15.0,genre_15,Electronic,0.646238386631012,genre_15|genre_38|genre_12,Electronic|Experimental|Rock,genre_15|genre_38|genre_12|genre_1235|genre_10,Electronic|Experimental|Rock|Instrumental|Pop
Rock__freemusiccharts.songs2012__2012-01-H._Zombie-Taxi_Driver,E:\SCHOOL\Masters\Capstone_FMA_Project\data\external_audio_batch\Rock\Rock__freemusiccharts.songs2012__2012-01-H._Zombie-Taxi_Driver.mp3,1,987035,44.76,59.76,genre_15,Electronic,0.7106638550758362,genre_15|genre_12|genre_21,Electronic|Rock|Hip-Hop,genre_15|genre_12|genre_21|genre_38|genre_10,Electronic|Rock|Hip-Hop|Experimental|Pop
Rock__freemusiccharts.songs2012__2012-01-H._Zombie-Taxi_Driver,E:\SCHOOL\Masters\Capstone_FMA_Project\data\external_audio_batch\Rock\Rock__freemusiccharts.songs2012__2012-01-H._Zombie-Taxi_Driver.mp3,2,1974071,89.53,104.53,genre_15,Electronic,0.7151516675949097,genre_15|genre_12|genre_21,Electronic|Rock|Hip-Hop,genre_15|genre_12|genre_21|genre_10|genre_38,Electronic|Rock|Hip-Hop|Pop|Experimental
Rock__freemusiccharts.songs2012__2012-01-H._Zombie-Taxi_Driver,E:\SCHOOL\Masters\Capstone_FMA_Project\data\external_audio_batch\Rock\Rock__freemusiccharts.songs2012__2012-01-H._Zombie-Taxi_Driver.mp3,3,2961107,134.29,149.29,genre_15,Electronic,0.7547189593315125,genre_15|genre_38|genre_12,Electronic|Experimental|Rock,genre_15|genre_38|genre_12|genre_21|genre_10,Electronic|Experimental|Rock|Hip-Hop|Pop
Rock__freemusiccharts.songs2012__2012-01-H._Zombie-Taxi_Driver,E:\SCHOOL\Masters\Capstone_FMA_Project\data\external_audio_batch\Rock\Rock__freemusiccharts.songs2012__2012-01-H._Zombie-Taxi_Driver.mp3,4,3948142,179.05,194.05,genre_38,Experimental,0.5252175331115723,genre_38|genre_15|genre_12,Experimental|Electronic|Rock,genre_38|genre_15|genre_12|genre_1235|genre_10,Experimental|Electronic|Rock|Instrumental|Pop
Rock__freemusiccharts.songs2012__2012-01-H._Zombie-Taxi_Driver,E:\SCHOOL\Masters\Capstone_FMA_Project\data\external_audio_batch\Rock\Rock__freemusiccharts.songs2012__2012-01-H._Zombie-Taxi_Driver.mp3,5,4935178,223.82,238.82,genre_15,Electronic,0.7295264005661011,genre_15|genre_38|genre_12,Electronic|Experimental|Rock,genre_15|genre_38|genre_12|genre_21|genre_10,Electronic|Experimental|Rock|Hip-Hop|Pop
Rock__freemusiccharts.songs2012__2012-01-H._Zombie-Taxi_Driver,E:\SCHOOL\Masters\Capstone_FMA_Project\data\external_audio_batch\Rock\Rock__freemusiccharts.songs2012__2012-01-H._Zombie-Taxi_Driver.mp3,6,5922214,268.58,283.58,genre_15,Electronic,0.7471799254417419,genre_15|genre_38|genre_12,Electronic|Experimental|Rock,genre_15|genre_38|genre_12|genre_21|genre_1235,Electronic|Experimental|Rock|Hip-Hop|Instrumental
Rock__freemusiccharts.songs2012__2012-01-H._Zombie-Taxi_Driver,E:\SCHOOL\Masters\Capstone_FMA_Project\data\external_audio_batch\Rock\Rock__freemusiccharts.songs2012__2012-01-H._Zombie-Taxi_Driver.mp3,7,6909250,313.34,328.34,genre_38,Experimental,0.8421885967254639,genre_38|genre_1|genre_250,Experimental|Avant-Garde|Improv,genre_38|genre_1|genre_250|genre_1235|genre_15,Experimental|Avant-Garde|Improv|Instrumental|Electronic
Rock__diymAR06__10-Derek_Clegg-Judy,E:\SCHOOL\Masters\Capstone_FMA_Project\data\external_audio_batch\Rock\Rock__diymAR06__10-Derek_Clegg-Judy.flac,0,0,0.0,15.0,genre_12,Rock,0.5095477104187012,genre_12|genre_38|genre_10,Rock|Experimental|Pop,genre_12|genre_38|genre_10|genre_15|genre_25,Rock|Experimental|Pop|Electronic|Punk
Rock__diymAR06__10-Derek_Clegg-Judy,E:\SCHOOL\Masters\Capstone_FMA_Project\data\external_audio_batch\Rock\Rock__diymAR06__10-Derek_Clegg-Judy.flac,1,389812,17.68,32.68,genre_12,Rock,0.4182709753513336,genre_12|genre_10|genre_38,Rock|Pop|Experimental,genre_12|genre_10|genre_38|genre_17|genre_15,Rock|Pop|Experimental|Folk|Electronic
Rock__diymAR06__10-Derek_Clegg-Judy,E:\SCHOOL\Masters\Capstone_FMA_Project\data\external_audio_batch\Rock\Rock__diymAR06__10-Derek_Clegg-Judy.flac,2,779625,35.36,50.36,genre_12,Rock,0.465551495552063,genre_12|genre_10|genre_17,Rock|Pop|Folk,genre_12|genre_10|genre_17|genre_38|genre_15,Rock|Pop|Folk|Experimental|Electronic
Rock__diymAR06__10-Derek_Clegg-Judy,E:\SCHOOL\Masters\Capstone_FMA_Project\data\external_audio_batch\Rock\Rock__diymAR06__10-Derek_Clegg-Judy.flac,3,1169437,53.04,68.04,genre_12,Rock,0.39951884746551514,genre_12|genre_10|genre_38,Rock|Pop|Experimental,genre_12|genre_10|genre_38|genre_17|genre_15,Rock|Pop|Experimental|Folk|Electronic
Rock__diymAR06__10-Derek_Clegg-Judy,E:\SCHOOL\Masters\Capstone_FMA_Project\data\external_audio_batch\Rock\Rock__diymAR06__10-Derek_Clegg-Judy.flac,4,1559250,70.71,85.71,genre_12,Rock,0.4296031594276428,genre_12|genre_10|genre_38,Rock|Pop|Experimental,genre_12|genre_10|genre_38|genre_17|genre_15,Rock|Pop|Experimental|Folk|Electronic
Rock__diymAR06__10-Derek_Clegg-Judy,E:\SCHOOL\Masters\Capstone_FMA_Project\data\external_audio_batch\Rock\Rock__diymAR06__10-Derek_Clegg-Judy.flac,5,1949062,88.39,103.39,genre_12,Rock,0.4012010097503662,genre_12|genre_17|genre_10,Rock|Folk|Pop,genre_12|genre_17|genre_10|genre_38|genre_103,Rock|Folk|Pop|Experimental|Singer-Songwriter
Rock__diymAR06__10-Derek_Clegg-Judy,E:\SCHOOL\Masters\Capstone_FMA_Project\data\external_audio_batch\Rock\Rock__diymAR06__10-Derek_Clegg-Judy.flac,6,2338875,106.07,121.07,genre_15,Electronic,0.5130703449249268,genre_15|genre_38|genre_10,Electronic|Experimental|Pop,genre_15|genre_38|genre_10|genre_12|genre_21,Electronic|Experimental|Pop|Rock|Hip-Hop
Rock__diymAR06__10-Derek_Clegg-Judy,E:\SCHOOL\Masters\Capstone_FMA_Project\data\external_audio_batch\Rock\Rock__diymAR06__10-Derek_Clegg-Judy.flac,7,2728688,123.75,138.75,genre_38,Experimental,0.49017220735549927,genre_38|genre_15|genre_12,Experimental|Electronic|Rock,genre_38|genre_15|genre_12|genre_17|genre_10,Experimental|Electronic|Rock|Folk|Pop
Electronic__NS050__Lake,E:\SCHOOL\Masters\Capstone_FMA_Project\data\external_audio_batch\Electronic\Electronic__NS050__Lake.mp3,0,0,0.0,15.0,genre_38,Experimental,0.5998663902282715,genre_38|genre_1235|genre_5,Experimental|Instrumental|Classical,genre_38|genre_1235|genre_5|genre_18|genre_250,Experimental|Instrumental|Classical|Soundtrack|Improv
Electronic__NS050__Lake,E:\SCHOOL\Masters\Capstone_FMA_Project\data\external_audio_batch\Electronic\Electronic__NS050__Lake.mp3,1,752039,34.11,49.11,genre_17,Folk,0.4165230095386505,genre_17|genre_12|genre_38,Folk|Rock|Experimental,genre_17|genre_12|genre_38|genre_10|genre_27,Folk|Rock|Experimental|Pop|Lo-Fi
Electronic__NS050__Lake,E:\SCHOOL\Masters\Capstone_FMA_Project\data\external_audio_batch\Electronic\Electronic__NS050__Lake.mp3,2,1504078,68.21,83.21,genre_17,Folk,0.5387526750564575,genre_17|genre_12|genre_38,Folk|Rock|Experimental,genre_17|genre_12|genre_38|genre_103|genre_10,Folk|Rock|Experimental|Singer-Songwriter|Pop
Electronic__NS050__Lake,E:\SCHOOL\Masters\Capstone_FMA_Project\data\external_audio_batch\Electronic\Electronic__NS050__Lake.mp3,3,2256118,102.32,117.32,genre_12,Rock,0.46346238255500793,genre_12|genre_38|genre_17,Rock|Experimental|Folk,genre_12|genre_38|genre_17|genre_10|genre_15,Rock|Experimental|Folk|Pop|Electronic
Electronic__NS050__Lake,E:\SCHOOL\Masters\Capstone_FMA_Project\data\external_audio_batch\Electronic\Electronic__NS050__Lake.mp3,4,3008157,136.42,151.42,genre_38,Experimental,0.6233326196670532,genre_38|genre_17|genre_12,Experimental|Folk|Rock,genre_38|genre_17|genre_12|genre_1|genre_250,Experimental|Folk|Rock|Avant-Garde|Improv
Electronic__NS050__Lake,E:\SCHOOL\Masters\Capstone_FMA_Project\data\external_audio_batch\Electronic\Electronic__NS050__Lake.mp3,5,3760197,170.53,185.53,genre_38,Experimental,0.5034176111221313,genre_38|genre_12|genre_17,Experimental|Rock|Folk,genre_38|genre_12|genre_17|genre_27|genre_10,Experimental|Rock|Folk|Lo-Fi|Pop
Electronic__NS050__Lake,E:\SCHOOL\Masters\Capstone_FMA_Project\data\external_audio_batch\Electronic\Electronic__NS050__Lake.mp3,6,4512236,204.64,219.64,genre_38,Experimental,0.40839889645576477,genre_38|genre_17|genre_12,Experimental|Folk|Rock,genre_38|genre_17|genre_12|genre_10|genre_103,Experimental|Folk|Rock|Pop|Singer-Songwriter
Electronic__NS050__Lake,E:\SCHOOL\Masters\Capstone_FMA_Project\data\external_audio_batch\Electronic\Electronic__NS050__Lake.mp3,7,5264276,238.74,253.74,genre_38,Experimental,0.5128124356269836,genre_38|genre_12|genre_15,Experimental|Rock|Electronic,genre_38|genre_12|genre_15|genre_1235|genre_250,Experimental|Rock|Electronic|Instrumental|Improv
Electronic__mtk140__Csanca,E:\SCHOOL\Masters\Capstone_FMA_Project\data\external_audio_batch\Electronic\Electronic__mtk140__Csanca.mp3,0,0,0.0,15.0,genre_38,Experimental,0.49117448925971985,genre_38|genre_15|genre_12,Experimental|Electronic|Rock,genre_38|genre_15|genre_12|genre_10|genre_1235,Experimental|Electronic|Rock|Pop|Instrumental
Electronic__mtk140__Csanca,E:\SCHOOL\Masters\Capstone_FMA_Project\data\external_audio_batch\Electronic\Electronic__mtk140__Csanca.mp3,1,809755,36.72,51.72,genre_15,Electronic,0.5875945091247559,genre_15|genre_21|genre_10,Electronic|Hip-Hop|Pop,genre_15|genre_21|genre_10|genre_12|genre_38,Electronic|Hip-Hop|Pop|Rock|Experimental
Electronic__mtk140__Csanca,E:\SCHOOL\Masters\Capstone_FMA_Project\data\external_audio_batch\Electronic\Electronic__mtk140__Csanca.mp3,2,1619511,73.45,88.45,genre_15,Electronic,0.5375202298164368,genre_15|genre_12|genre_10,Electronic|Rock|Pop,genre_15|genre_12|genre_10|genre_21|genre_38,Electronic|Rock|Pop|Hip-Hop|Experimental
Electronic__mtk140__Csanca,E:\SCHOOL\Masters\Capstone_FMA_Project\data\external_audio_batch\Electronic\Electronic__mtk140__Csanca.mp3,3,2429267,110.17,125.17,genre_38,Experimental,0.4293406009674072,genre_38|genre_12|genre_10,Experimental|Rock|Pop,genre_38|genre_12|genre_10|genre_17|genre_27,Experimental|Rock|Pop|Folk|Lo-Fi
Electronic__mtk140__Csanca,E:\SCHOOL\Masters\Capstone_FMA_Project\data\external_audio_batch\Electronic\Electronic__mtk140__Csanca.mp3,4,3239022,146.89,161.89,genre_38,Experimental,0.5527445673942566,genre_38|genre_12|genre_15,Experimental|Rock|Electronic,genre_38|genre_12|genre_15|genre_17|genre_1235,Experimental|Rock|Electronic|Folk|Instrumental
Electronic__mtk140__Csanca,E:\SCHOOL\Masters\Capstone_FMA_Project\data\external_audio_batch\Electronic\Electronic__mtk140__Csanca.mp3,5,4048778,183.62,198.62,genre_15,Electronic,0.4774821400642395,genre_15|genre_38|genre_12,Electronic|Experimental|Rock,genre_15|genre_38|genre_12|genre_10|genre_21,Electronic|Experimental|Rock|Pop|Hip-Hop
Electronic__mtk140__Csanca,E:\SCHOOL\Masters\Capstone_FMA_Project\data\external_audio_batch\Electronic\Electronic__mtk140__Csanca.mp3,6,4858534,220.34,235.34,genre_15,Electronic,0.5134790539741516,genre_15|genre_12|genre_10,Electronic|Rock|Pop,genre_15|genre_12|genre_10|genre_21|genre_38,Electronic|Rock|Pop|Hip-Hop|Experimental
Electronic__mtk140__Csanca,E:\SCHOOL\Masters\Capstone_FMA_Project\data\external_audio_batch\Electronic\Electronic__mtk140__Csanca.mp3,7,5668290,257.07,272.07,genre_38,Experimental,0.5234851837158203,genre_38|genre_12|genre_27,Experimental|Rock|Lo-Fi,genre_38|genre_12|genre_27|genre_17|genre_10,Experimental|Rock|Lo-Fi|Folk|Pop
Electronic__foot149__El_And_Eu,E:\SCHOOL\Masters\Capstone_FMA_Project\data\external_audio_batch\Electronic\Electronic__foot149__El_And_Eu.mp3,0,0,0.0,15.0,genre_15,Electronic,0.3526492714881897,genre_15|genre_12|genre_38,Electronic|Rock|Experimental,genre_15|genre_12|genre_38|genre_21|genre_10,Electronic|Rock|Experimental|Hip-Hop|Pop
Electronic__foot149__El_And_Eu,E:\SCHOOL\Masters\Capstone_FMA_Project\data\external_audio_batch\Electronic\Electronic__foot149__El_And_Eu.mp3,1,814528,36.94,51.94,genre_12,Rock,0.40976059436798096,genre_12|genre_38|genre_15,Rock|Experimental|Electronic,genre_12|genre_38|genre_15|genre_21|genre_10,Rock|Experimental|Electronic|Hip-Hop|Pop
Electronic__foot149__El_And_Eu,E:\SCHOOL\Masters\Capstone_FMA_Project\data\external_audio_batch\Electronic\Electronic__foot149__El_And_Eu.mp3,2,1629056,73.88,88.88,genre_12,Rock,0.37977010011672974,genre_12|genre_15|genre_10,Rock|Electronic|Pop,genre_12|genre_15|genre_10|genre_21|genre_38,Rock|Electronic|Pop|Hip-Hop|Experimental
Electronic__foot149__El_And_Eu,E:\SCHOOL\Masters\Capstone_FMA_Project\data\external_audio_batch\Electronic\Electronic__foot149__El_And_Eu.mp3,3,2443584,110.82,125.82,genre_15,Electronic,0.34995418787002563,genre_15|genre_12|genre_38,Electronic|Rock|Experimental,genre_15|genre_12|genre_38|genre_21|genre_10,Electronic|Rock|Experimental|Hip-Hop|Pop
Electronic__foot149__El_And_Eu,E:\SCHOOL\Masters\Capstone_FMA_Project\data\external_audio_batch\Electronic\Electronic__foot149__El_And_Eu.mp3,4,3258113,147.76,162.76,genre_15,Electronic,0.3988816738128662,genre_15|genre_38|genre_21,Electronic|Experimental|Hip-Hop,genre_15|genre_38|genre_21|genre_12|genre_10,Electronic|Experimental|Hip-Hop|Rock|Pop
Electronic__foot149__El_And_Eu,E:\SCHOOL\Masters\Capstone_FMA_Project\data\external_audio_batch\Electronic\Electronic__foot149__El_And_Eu.mp3,5,4072641,184.7,199.7,genre_12,Rock,0.43460574746131897,genre_12|genre_38|genre_15,Rock|Experimental|Electronic,genre_12|genre_38|genre_15|genre_25|genre_10,Rock|Experimental|Electronic|Punk|Pop
Electronic__foot149__El_And_Eu,E:\SCHOOL\Masters\Capstone_FMA_Project\data\external_audio_batch\Electronic\Electronic__foot149__El_And_Eu.mp3,6,4887169,221.64,236.64,genre_38,Experimental,0.4647039473056793,genre_38|genre_12|genre_15,Experimental|Rock|Electronic,genre_38|genre_12|genre_15|genre_25|genre_10,Experimental|Rock|Electronic|Punk|Pop
Electronic__foot149__El_And_Eu,E:\SCHOOL\Masters\Capstone_FMA_Project\data\external_audio_batch\Electronic\Electronic__foot149__El_And_Eu.mp3,7,5701698,258.58,273.58,genre_12,Rock,0.5351468324661255,genre_12|genre_38|genre_25,Rock|Experimental|Punk,genre_12|genre_38|genre_25|genre_10|genre_27,Rock|Experimental|Punk|Pop|Lo-Fi
Electronic__nullbomb__spindrumlikeaboom,E:\SCHOOL\Masters\Capstone_FMA_Project\data\external_audio_batch\Electronic\Electronic__nullbomb__spindrumlikeaboom.mp3,0,0,0.0,15.0,genre_38,Experimental,0.644869327545166,genre_38|genre_15|genre_21,Experimental|Electronic|Hip-Hop,genre_38|genre_15|genre_21|genre_12|genre_1,Experimental|Electronic|Hip-Hop|Rock|Avant-Garde
Electronic__nullbomb__spindrumlikeaboom,E:\SCHOOL\Masters\Capstone_FMA_Project\data\external_audio_batch\Electronic\Electronic__nullbomb__spindrumlikeaboom.mp3,1,1910162,86.63,101.63,genre_15,Electronic,0.5257351398468018,genre_15|genre_38|genre_12,Electronic|Experimental|Rock,genre_15|genre_38|genre_12|genre_21|genre_1235,Electronic|Experimental|Rock|Hip-Hop|Instrumental
Electronic__nullbomb__spindrumlikeaboom,E:\SCHOOL\Masters\Capstone_FMA_Project\data\external_audio_batch\Electronic\Electronic__nullbomb__spindrumlikeaboom.mp3,2,3820325,173.26,188.26,genre_15,Electronic,0.680770993232727,genre_15|genre_38|genre_21,Electronic|Experimental|Hip-Hop,genre_15|genre_38|genre_21|genre_12|genre_1235,Electronic|Experimental|Hip-Hop|Rock|Instrumental
Electronic__nullbomb__spindrumlikeaboom,E:\SCHOOL\Masters\Capstone_FMA_Project\data\external_audio_batch\Electronic\Electronic__nullbomb__spindrumlikeaboom.mp3,3,5730487,259.89,274.89,genre_15,Electronic,0.5085440874099731,genre_15|genre_38|genre_12,Electronic|Experimental|Rock,genre_15|genre_38|genre_12|genre_21|genre_1235,Electronic|Experimental|Rock|Hip-Hop|Instrumental
Electronic__nullbomb__spindrumlikeaboom,E:\SCHOOL\Masters\Capstone_FMA_Project\data\external_audio_batch\Electronic\Electronic__nullbomb__spindrumlikeaboom.mp3,4,7640650,346.51,361.51,genre_15,Electronic,0.651032567024231,genre_15|genre_38|genre_12,Electronic|Experimental|Rock,genre_15|genre_38|genre_12|genre_21|genre_1235,Electronic|Experimental|Rock|Hip-Hop|Instrumental
Electronic__nullbomb__spindrumlikeaboom,E:\SCHOOL\Masters\Capstone_FMA_Project\data\external_audio_batch\Electronic\Electronic__nullbomb__spindrumlikeaboom.mp3,5,9550812,433.14,448.14,genre_15,Electronic,0.6795807480812073,genre_15|genre_38|genre_12,Electronic|Experimental|Rock,genre_15|genre_38|genre_12|genre_21|genre_32,Electronic|Experimental|Rock|Hip-Hop|Noise
Electronic__nullbomb__spindrumlikeaboom,E:\SCHOOL\Masters\Capstone_FMA_Project\data\external_audio_batch\Electronic\Electronic__nullbomb__spindrumlikeaboom.mp3,6,11460975,519.77,534.77,genre_15,Electronic,0.6394290924072266,genre_15|genre_38|genre_12,Electronic|Experimental|Rock,genre_15|genre_38|genre_12|genre_21|genre_1235,Electronic|Experimental|Rock|Hip-Hop|Instrumental
Electronic__nullbomb__spindrumlikeaboom,E:\SCHOOL\Masters\Capstone_FMA_Project\data\external_audio_batch\Electronic\Electronic__nullbomb__spindrumlikeaboom.mp3,7,13371138,606.4,621.4,genre_38,Experimental,0.5041587352752686,genre_38|genre_12|genre_15,Experimental|Rock|Electronic,genre_38|genre_12|genre_15|genre_1235|genre_250,Experimental|Rock|Electronic|Instrumental|Improv
Electronic__TFR100-VA-TornFleshRecordsPresentsVestigialSickness__36_-_Vulgar_Disease_-_Every_Noise_Has_Its_TORN,E:\SCHOOL\Masters\Capstone_FMA_Project\data\external_audio_batch\Electronic\Electronic__TFR100-VA-TornFleshRecordsPresentsVestigialSickness__36_-_Vulgar_Disease_-_Every_Noise_Has_Its_TORN.mp3,0,0,0.0,15.0,genre_38,Experimental,0.7555167078971863,genre_38|genre_15|genre_32,Experimental|Electronic|Noise,genre_38|genre_15|genre_32|genre_12|genre_41,Experimental|Electronic|Noise|Rock|Electroacoustic
Electronic__TFR100-VA-TornFleshRecordsPresentsVestigialSickness__36_-_Vulgar_Disease_-_Every_Noise_Has_Its_TORN,E:\SCHOOL\Masters\Capstone_FMA_Project\data\external_audio_batch\Electronic\Electronic__TFR100-VA-TornFleshRecordsPresentsVestigialSickness__36_-_Vulgar_Disease_-_Every_Noise_Has_Its_TORN.mp3,1,2889441,131.04,146.04,genre_38,Experimental,0.801915168762207,genre_38|genre_15|genre_32,Experimental|Electronic|Noise,genre_38|genre_15|genre_32|genre_1|genre_41,Experimental|Electronic|Noise|Avant-Garde|Electroacoustic
Electronic__TFR100-VA-TornFleshRecordsPresentsVestigialSickness__36_-_Vulgar_Disease_-_Every_Noise_Has_Its_TORN,E:\SCHOOL\Masters\Capstone_FMA_Project\data\external_audio_batch\Electronic\Electronic__TFR100-VA-TornFleshRecordsPresentsVestigialSickness__36_-_Vulgar_Disease_-_Every_Noise_Has_Its_TORN.mp3,2,5778883,262.08,277.08,genre_38,Experimental,0.8127250671386719,genre_38|genre_15|genre_32,Experimental|Electronic|Noise,genre_38|genre_15|genre_32|genre_1|genre_41,Experimental|Electronic|Noise|Avant-Garde|Electroacoustic
Electronic__TFR100-VA-TornFleshRecordsPresentsVestigialSickness__36_-_Vulgar_Disease_-_Every_Noise_Has_Its_TORN,E:\SCHOOL\Masters\Capstone_FMA_Project\data\external_audio_batch\Electronic\Electronic__TFR100-VA-TornFleshRecordsPresentsVestigialSickness__36_-_Vulgar_Disease_-_Every_Noise_Has_Its_TORN.mp3,3,8668325,393.12,408.12,genre_38,Experimental,0.7991183400154114,genre_38|genre_15|genre_32,Experimental|Electronic|Noise,genre_38|genre_15|genre_32|genre_1|genre_41,Experimental|Electronic|Noise|Avant-Garde|Electroacoustic
Electronic__TFR100-VA-TornFleshRecordsPresentsVestigialSickness__36_-_Vulgar_Disease_-_Every_Noise_Has_Its_TORN,E:\SCHOOL\Masters\Capstone_FMA_Project\data\external_audio_batch\Electronic\Electronic__TFR100-VA-TornFleshRecordsPresentsVestigialSickness__36_-_Vulgar_Disease_-_Every_Noise_Has_Its_TORN.mp3,4,11557767,524.16,539.16,genre_38,Experimental,0.7490607500076294,genre_38|genre_15|genre_12,Experimental|Electronic|Rock,genre_38|genre_15|genre_12|genre_32|genre_41,Experimental|Electronic|Rock|Noise|Electroacoustic
Electronic__TFR100-VA-TornFleshRecordsPresentsVestigialSickness__36_-_Vulgar_Disease_-_Every_Noise_Has_Its_TORN,E:\SCHOOL\Masters\Capstone_FMA_Project\data\external_audio_batch\Electronic\Electronic__TFR100-VA-TornFleshRecordsPresentsVestigialSickness__36_-_Vulgar_Disease_-_Every_Noise_Has_Its_TORN.mp3,5,14447209,655.2,670.2,genre_38,Experimental,0.7576768398284912,genre_38|genre_15|genre_1,Experimental|Electronic|Avant-Garde,genre_38|genre_15|genre_1|genre_12|genre_32,Experimental|Electronic|Avant-Garde|Rock|Noise
Electronic__TFR100-VA-TornFleshRecordsPresentsVestigialSickness__36_-_Vulgar_Disease_-_Every_Noise_Has_Its_TORN,E:\SCHOOL\Masters\Capstone_FMA_Project\data\external_audio_batch\Electronic\Electronic__TFR100-VA-TornFleshRecordsPresentsVestigialSickness__36_-_Vulgar_Disease_-_Every_Noise_Has_Its_TORN.mp3,6,17336651,786.24,801.24,genre_38,Experimental,0.7920904159545898,genre_38|genre_15|genre_32,Experimental|Electronic|Noise,genre_38|genre_15|genre_32|genre_1|genre_12,Experimental|Electronic|Noise|Avant-Garde|Rock
Electronic__TFR100-VA-TornFleshRecordsPresentsVestigialSickness__36_-_Vulgar_Disease_-_Every_Noise_Has_Its_TORN,E:\SCHOOL\Masters\Capstone_FMA_Project\data\external_audio_batch\Electronic\Electronic__TFR100-VA-TornFleshRecordsPresentsVestigialSickness__36_-_Vulgar_Disease_-_Every_Noise_Has_Its_TORN.mp3,7,20226093,917.28,932.28,genre_38,Experimental,0.7449173927307129,genre_38|genre_15|genre_32,Experimental|Electronic|Noise,genre_38|genre_15|genre_32|genre_12|genre_41,Experimental|Electronic|Noise|Rock|Electroacoustic
Electronic__MIXG031__Vozduh,E:\SCHOOL\Masters\Capstone_FMA_Project\data\external_audio_batch\Electronic\Electronic__MIXG031__Vozduh.mp3,0,0,0.0,15.0,genre_38,Experimental,0.5976852178573608,genre_38|genre_12|genre_1,Experimental|Rock|Avant-Garde,genre_38|genre_12|genre_1|genre_250|genre_17,Experimental|Rock|Avant-Garde|Improv|Folk
Electronic__MIXG031__Vozduh,E:\SCHOOL\Masters\Capstone_FMA_Project\data\external_audio_batch\Electronic\Electronic__MIXG031__Vozduh.mp3,1,753060,34.15,49.15,genre_12,Rock,0.5123403072357178,genre_12|genre_38|genre_15,Rock|Experimental|Electronic,genre_12|genre_38|genre_15|genre_10|genre_17,Rock|Experimental|Electronic|Pop|Folk
Electronic__MIXG031__Vozduh,E:\SCHOOL\Masters\Capstone_FMA_Project\data\external_audio_batch\Electronic\Electronic__MIXG031__Vozduh.mp3,2,1506121,68.3,83.3,genre_12,Rock,0.5332285165786743,genre_12|genre_38|genre_10,Rock|Experimental|Pop,genre_12|genre_38|genre_10|genre_15|genre_17,Rock|Experimental|Pop|Electronic|Folk
Electronic__MIXG031__Vozduh,E:\SCHOOL\Masters\Capstone_FMA_Project\data\external_audio_batch\Electronic\Electronic__MIXG031__Vozduh.mp3,3,2259182,102.46,117.46,genre_12,Rock,0.4962127208709717,genre_12|genre_38|genre_15,Rock|Experimental|Electronic,genre_12|genre_38|genre_15|genre_10|genre_17,Rock|Experimental|Electronic|Pop|Folk
Electronic__MIXG031__Vozduh,E:\SCHOOL\Masters\Capstone_FMA_Project\data\external_audio_batch\Electronic\Electronic__MIXG031__Vozduh.mp3,4,3012243,136.61,151.61,genre_12,Rock,0.563656210899353,genre_12|genre_38|genre_10,Rock|Experimental|Pop,genre_12|genre_38|genre_10|genre_15|genre_17,Rock|Experimental|Pop|Electronic|Folk
Electronic__MIXG031__Vozduh,E:\SCHOOL\Masters\Capstone_FMA_Project\data\external_audio_batch\Electronic\Electronic__MIXG031__Vozduh.mp3,5,3765304,170.76,185.76,genre_38,Experimental,0.4260329008102417,genre_38|genre_12|genre_15,Experimental|Rock|Electronic,genre_38|genre_12|genre_15|genre_10|genre_21,Experimental|Rock|Electronic|Pop|Hip-Hop
Electronic__MIXG031__Vozduh,E:\SCHOOL\Masters\Capstone_FMA_Project\data\external_audio_batch\Electronic\Electronic__MIXG031__Vozduh.mp3,6,4518365,204.91,219.91,genre_12,Rock,0.5084031820297241,genre_12|genre_38|genre_15,Rock|Experimental|Electronic,genre_12|genre_38|genre_15|genre_10|genre_21,Rock|Experimental|Electronic|Pop|Hip-Hop
Electronic__MIXG031__Vozduh,E:\SCHOOL\Masters\Capstone_FMA_Project\data\external_audio_batch\Electronic\Electronic__MIXG031__Vozduh.mp3,7,5271426,239.07,254.07,genre_38,Experimental,0.6622353792190552,genre_38|genre_12|genre_250,Experimental|Rock|Improv,genre_38|genre_12|genre_250|genre_15|genre_1,Experimental|Rock|Improv|Electronic|Avant-Garde
Electronic__pn037__Sabrina,E:\SCHOOL\Masters\Capstone_FMA_Project\data\external_audio_batch\Electronic\Electronic__pn037__Sabrina.mp3,0,0,0.0,15.0,genre_15,Electronic,0.7265839576721191,genre_15|genre_38|genre_21,Electronic|Experimental|Hip-Hop,genre_15|genre_38|genre_21|genre_32|genre_12,Electronic|Experimental|Hip-Hop|Noise|Rock
Electronic__pn037__Sabrina,E:\SCHOOL\Masters\Capstone_FMA_Project\data\external_audio_batch\Electronic\Electronic__pn037__Sabrina.mp3,1,1219209,55.29,70.29,genre_15,Electronic,0.6585580110549927,genre_15|genre_38|genre_1235,Electronic|Experimental|Instrumental,genre_15|genre_38|genre_1235|genre_10|genre_12,Electronic|Experimental|Instrumental|Pop|Rock
Electronic__pn037__Sabrina,E:\SCHOOL\Masters\Capstone_FMA_Project\data\external_audio_batch\Electronic\Electronic__pn037__Sabrina.mp3,2,2438418,110.59,125.59,genre_15,Electronic,0.6055828332901001,genre_15|genre_38|genre_1235,Electronic|Experimental|Instrumental,genre_15|genre_38|genre_1235|genre_12|genre_107,Electronic|Experimental|Instrumental|Rock|Ambient
Electronic__pn037__Sabrina,E:\SCHOOL\Masters\Capstone_FMA_Project\data\external_audio_batch\Electronic\Electronic__pn037__Sabrina.mp3,3,3657628,165.88,180.88,genre_15,Electronic,0.6292544603347778,genre_15|genre_38|genre_1235,Electronic|Experimental|Instrumental,genre_15|genre_38|genre_1235|genre_12|genre_107,Electronic|Experimental|Instrumental|Rock|Ambient
Electronic__pn037__Sabrina,E:\SCHOOL\Masters\Capstone_FMA_Project\data\external_audio_batch\Electronic\Electronic__pn037__Sabrina.mp3,4,4876837,221.17,236.17,genre_38,Experimental,0.5785055160522461,genre_38|genre_15|genre_1235,Experimental|Electronic|Instrumental,genre_38|genre_15|genre_1235|genre_12|genre_107,Experimental|Electronic|Instrumental|Rock|Ambient
Electronic__pn037__Sabrina,E:\SCHOOL\Masters\Capstone_FMA_Project\data\external_audio_batch\Electronic\Electronic__pn037__Sabrina.mp3,5,6096047,276.46,291.46,genre_38,Experimental,0.6400255560874939,genre_38|genre_15|genre_1235,Experimental|Electronic|Instrumental,genre_38|genre_15|genre_1235|genre_107|genre_12,Experimental|Electronic|Instrumental|Ambient|Rock
Electronic__pn037__Sabrina,E:\SCHOOL\Masters\Capstone_FMA_Project\data\external_audio_batch\Electronic\Electronic__pn037__Sabrina.mp3,6,7315256,331.76,346.76,genre_38,Experimental,0.5664262771606445,genre_38|genre_15|genre_1235,Experimental|Electronic|Instrumental,genre_38|genre_15|genre_1235|genre_17|genre_10,Experimental|Electronic|Instrumental|Folk|Pop
Electronic__pn037__Sabrina,E:\SCHOOL\Masters\Capstone_FMA_Project\data\external_audio_batch\Electronic\Electronic__pn037__Sabrina.mp3,7,8534466,387.05,402.05,genre_38,Experimental,0.56734699010849,genre_38|genre_15|genre_12,Experimental|Electronic|Rock,genre_38|genre_15|genre_12|genre_32|genre_27,Experimental|Electronic|Rock|Noise|Lo-Fi
Electronic__mtcomp003__latatoo__secede_s_another_day_wasted_mix,E:\SCHOOL\Masters\Capstone_FMA_Project\data\external_audio_batch\Electronic\Electronic__mtcomp003__latatoo__secede_s_another_day_wasted_mix.mp3,0,0,0.0,15.0,genre_38,Experimental,0.6359463930130005,genre_38|genre_1235|genre_15,Experimental|Instrumental|Electronic,genre_38|genre_1235|genre_15|genre_107|genre_12,Experimental|Instrumental|Electronic|Ambient|Rock
Electronic__mtcomp003__latatoo__secede_s_another_day_wasted_mix,E:\SCHOOL\Masters\Capstone_FMA_Project\data\external_audio_batch\Electronic\Electronic__mtcomp003__latatoo__secede_s_another_day_wasted_mix.mp3,1,1474542,66.87,81.87,genre_15,Electronic,0.5449174642562866,genre_15|genre_38|genre_1235,Electronic|Experimental|Instrumental,genre_15|genre_38|genre_1235|genre_12|genre_21,Electronic|Experimental|Instrumental|Rock|Hip-Hop
Electronic__mtcomp003__latatoo__secede_s_another_day_wasted_mix,E:\SCHOOL\Masters\Capstone_FMA_Project\data\external_audio_batch\Electronic\Electronic__mtcomp003__latatoo__secede_s_another_day_wasted_mix.mp3,2,2949084,133.75,148.75,genre_15,Electronic,0.6401011347770691,genre_15|genre_38|genre_1235,Electronic|Experimental|Instrumental,genre_15|genre_38|genre_1235|genre_12|genre_21,Electronic|Experimental|Instrumental|Rock|Hip-Hop
Electronic__mtcomp003__latatoo__secede_s_another_day_wasted_mix,E:\SCHOOL\Masters\Capstone_FMA_Project\data\external_audio_batch\Electronic\Electronic__mtcomp003__latatoo__secede_s_another_day_wasted_mix.mp3,3,4423626,200.62,215.62,genre_15,Electronic,0.6663035750389099,genre_15|genre_38|genre_1235,Electronic|Experimental|Instrumental,genre_15|genre_38|genre_1235|genre_12|genre_21,Electronic|Experimental|Instrumental|Rock|Hip-Hop
Electronic__mtcomp003__latatoo__secede_s_another_day_wasted_mix,E:\SCHOOL\Masters\Capstone_FMA_Project\data\external_audio_batch\Electronic\Electronic__mtcomp003__latatoo__secede_s_another_day_wasted_mix.mp3,4,5898168,267.49,282.49,genre_15,Electronic,0.6462658643722534,genre_15|genre_38|genre_1235,Electronic|Experimental|Instrumental,genre_15|genre_38|genre_1235|genre_12|genre_21,Electronic|Experimental|Instrumental|Rock|Hip-Hop
Electronic__mtcomp003__latatoo__secede_s_another_day_wasted_mix,E:\SCHOOL\Masters\Capstone_FMA_Project\data\external_audio_batch\Electronic\Electronic__mtcomp003__latatoo__secede_s_another_day_wasted_mix.mp3,5,7372710,334.36,349.36,genre_38,Experimental,0.6156318783760071,genre_38|genre_12|genre_250,Experimental|Rock|Improv,genre_38|genre_12|genre_250|genre_17|genre_1,Experimental|Rock|Improv|Folk|Avant-Garde
Electronic__mtcomp003__latatoo__secede_s_another_day_wasted_mix,E:\SCHOOL\Masters\Capstone_FMA_Project\data\external_audio_batch\Electronic\Electronic__mtcomp003__latatoo__secede_s_another_day_wasted_mix.mp3,6,8847252,401.24,416.24,genre_38,Experimental,0.6082614660263062,genre_38|genre_15|genre_12,Experimental|Electronic|Rock,genre_38|genre_15|genre_12|genre_1235|genre_107,Experimental|Electronic|Rock|Instrumental|Ambient
Electronic__mtcomp003__latatoo__secede_s_another_day_wasted_mix,E:\SCHOOL\Masters\Capstone_FMA_Project\data\external_audio_batch\Electronic\Electronic__mtcomp003__latatoo__secede_s_another_day_wasted_mix.mp3,7,10321794,468.11,483.11,genre_38,Experimental,0.7197907567024231,genre_38|genre_1235|genre_15,Experimental|Instrumental|Electronic,genre_38|genre_1235|genre_15|genre_12|genre_250,Experimental|Instrumental|Electronic|Rock|Improv
Electronic__ffs104__The_Leather,E:\SCHOOL\Masters\Capstone_FMA_Project\data\external_audio_batch\Electronic\Electronic__ffs104__The_Leather.mp3,0,0,0.0,15.0,genre_12,Rock,0.5503939390182495,genre_12|genre_38|genre_25,Rock|Experimental|Punk,genre_12|genre_38|genre_25|genre_10|genre_15,Rock|Experimental|Punk|Pop|Electronic
Electronic__ffs104__The_Leather,E:\SCHOOL\Masters\Capstone_FMA_Project\data\external_audio_batch\Electronic\Electronic__ffs104__The_Leather.mp3,1,1625929,73.74,88.74,genre_15,Electronic,0.4997333586215973,genre_15|genre_38|genre_12,Electronic|Experimental|Rock,genre_15|genre_38|genre_12|genre_21|genre_10,Electronic|Experimental|Rock|Hip-Hop|Pop
Electronic__ffs104__The_Leather,E:\SCHOOL\Masters\Capstone_FMA_Project\data\external_audio_batch\Electronic\Electronic__ffs104__The_Leather.mp3,2,3251858,147.48,162.48,genre_38,Experimental,0.5300773978233337,genre_38|genre_12|genre_15,Experimental|Rock|Electronic,genre_38|genre_12|genre_15|genre_1|genre_250,Experimental|Rock|Electronic|Avant-Garde|Improv
Electronic__ffs104__The_Leather,E:\SCHOOL\Masters\Capstone_FMA_Project\data\external_audio_batch\Electronic\Electronic__ffs104__The_Leather.mp3,3,4877787,221.21,236.21,genre_38,Experimental,0.8133742809295654,genre_38|genre_15|genre_1,Experimental|Electronic|Avant-Garde,genre_38|genre_15|genre_1|genre_12|genre_41,Experimental|Electronic|Avant-Garde|Rock|Electroacoustic
Electronic__ffs104__The_Leather,E:\SCHOOL\Masters\Capstone_FMA_Project\data\external_audio_batch\Electronic\Electronic__ffs104__The_Leather.mp3,4,6503717,294.95,309.95,genre_38,Experimental,0.6288305521011353,genre_38|genre_12|genre_15,Experimental|Rock|Electronic,genre_38|genre_12|genre_15|genre_1|genre_21,Experimental|Rock|Electronic|Avant-Garde|Hip-Hop
Electronic__ffs104__The_Leather,E:\SCHOOL\Masters\Capstone_FMA_Project\data\external_audio_batch\Electronic\Electronic__ffs104__The_Leather.mp3,5,8129646,368.69,383.69,genre_38,Experimental,0.6924700736999512,genre_38|genre_15|genre_1235,Experimental|Electronic|Instrumental,genre_38|genre_15|genre_1235|genre_12|genre_1,Experimental|Electronic|Instrumental|Rock|Avant-Garde
Electronic__ffs104__The_Leather,E:\SCHOOL\Masters\Capstone_FMA_Project\data\external_audio_batch\Electronic\Electronic__ffs104__The_Leather.mp3,6,9755575,442.43,457.43,genre_38,Experimental,0.5748814940452576,genre_38|genre_12|genre_15,Experimental|Rock|Electronic,genre_38|genre_12|genre_15|genre_21|genre_1,Experimental|Rock|Electronic|Hip-Hop|Avant-Garde
Electronic__ffs104__The_Leather,E:\SCHOOL\Masters\Capstone_FMA_Project\data\external_audio_batch\Electronic\Electronic__ffs104__The_Leather.mp3,7,11381505,516.17,531.17,genre_38,Experimental,0.5743319392204285,genre_38|genre_15|genre_12,Experimental|Electronic|Rock,genre_38|genre_15|genre_12|genre_21|genre_1,Experimental|Electronic|Rock|Hip-Hop|Avant-Garde
Electronic__foot018__Baiao_Lo-fi,E:\SCHOOL\Masters\Capstone_FMA_Project\data\external_audio_batch\Electronic\Electronic__foot018__Baiao_Lo-fi.mp3,0,0,0.0,15.0,genre_38,Experimental,0.7303689122200012,genre_38|genre_1235|genre_15,Experimental|Instrumental|Electronic,genre_38|genre_1235|genre_15|genre_12|genre_107,Experimental|Instrumental|Electronic|Rock|Ambient
Electronic__foot018__Baiao_Lo-fi,E:\SCHOOL\Masters\Capstone_FMA_Project\data\external_audio_batch\Electronic\Electronic__foot018__Baiao_Lo-fi.mp3,1,987410,44.78,59.78,genre_12,Rock,0.489784836769104,genre_12|genre_38|genre_15,Rock|Experimental|Electronic,genre_12|genre_38|genre_15|genre_10|genre_25,Rock|Experimental|Electronic|Pop|Punk
Electronic__foot018__Baiao_Lo-fi,E:\SCHOOL\Masters\Capstone_FMA_Project\data\external_audio_batch\Electronic\Electronic__foot018__Baiao_Lo-fi.mp3,2,1974821,89.56,104.56,genre_38,Experimental,0.7314435839653015,genre_38|genre_15|genre_32,Experimental|Electronic|Noise,genre_38|genre_15|genre_32|genre_12|genre_41,Experimental|Electronic|Noise|Rock|Electroacoustic
Electronic__foot018__Baiao_Lo-fi,E:\SCHOOL\Masters\Capstone_FMA_Project\data\external_audio_batch\Electronic\Electronic__foot018__Baiao_Lo-fi.mp3,3,2962231,134.34,149.34,genre_15,Electronic,0.7168247699737549,genre_15|genre_21|genre_38,Electronic|Hip-Hop|Experimental,genre_15|genre_21|genre_38|genre_12|genre_10,Electronic|Hip-Hop|Experimental|Rock|Pop
Electronic__foot018__Baiao_Lo-fi,E:\SCHOOL\Masters\Capstone_FMA_Project\data\external_audio_batch\Electronic\Electronic__foot018__Baiao_Lo-fi.mp3,4,3949642,179.12,194.12,genre_15,Electronic,0.8186642527580261,genre_15|genre_21|genre_38,Electronic|Hip-Hop|Experimental,genre_15|genre_21|genre_38|genre_12|genre_1235,Electronic|Hip-Hop|Experimental|Rock|Instrumental
Electronic__foot018__Baiao_Lo-fi,E:\SCHOOL\Masters\Capstone_FMA_Project\data\external_audio_batch\Electronic\Electronic__foot018__Baiao_Lo-fi.mp3,5,4937052,223.9,238.9,genre_38,Experimental,0.5053489208221436,genre_38|genre_17|genre_12,Experimental|Folk|Rock,genre_38|genre_17|genre_12|genre_10|genre_15,Experimental|Folk|Rock|Pop|Electronic
Electronic__foot018__Baiao_Lo-fi,E:\SCHOOL\Masters\Capstone_FMA_Project\data\external_audio_batch\Electronic\Electronic__foot018__Baiao_Lo-fi.mp3,6,5924463,268.68,283.68,genre_15,Electronic,0.6407124400138855,genre_15|genre_38|genre_12,Electronic|Experimental|Rock,genre_15|genre_38|genre_12|genre_21|genre_1235,Electronic|Experimental|Rock|Hip-Hop|Instrumental
Electronic__foot018__Baiao_Lo-fi,E:\SCHOOL\Masters\Capstone_FMA_Project\data\external_audio_batch\Electronic\Electronic__foot018__Baiao_Lo-fi.mp3,7,6911874,313.46,328.46,genre_38,Experimental,0.6045590043067932,genre_38|genre_15|genre_12,Experimental|Electronic|Rock,genre_38|genre_15|genre_12|genre_1235|genre_1,Experimental|Electronic|Rock|Instrumental|Avant-Garde
Experimental__pcr089EmilDavydov-Sketches__Sketch_No.3,E:\SCHOOL\Masters\Capstone_FMA_Project\data\external_audio_batch\Experimental\Experimental__pcr089EmilDavydov-Sketches__Sketch_No.3.mp3,0,0,0.0,15.0,genre_12,Rock,0.42842942476272583,genre_12|genre_38|genre_17,Rock|Experimental|Folk,genre_12|genre_38|genre_17|genre_15|genre_10,Rock|Experimental|Folk|Electronic|Pop
Experimental__pcr089EmilDavydov-Sketches__Sketch_No.3,E:\SCHOOL\Masters\Capstone_FMA_Project\data\external_audio_batch\Experimental\Experimental__pcr089EmilDavydov-Sketches__Sketch_No.3.mp3,1,514514,23.33,38.33,genre_38,Experimental,0.4540383219718933,genre_38|genre_12|genre_17,Experimental|Rock|Folk,genre_38|genre_12|genre_17|genre_15|genre_1235,Experimental|Rock|Folk|Electronic|Instrumental
Experimental__pcr089EmilDavydov-Sketches__Sketch_No.3,E:\SCHOOL\Masters\Capstone_FMA_Project\data\external_audio_batch\Experimental\Experimental__pcr089EmilDavydov-Sketches__Sketch_No.3.mp3,2,1029029,46.67,61.67,genre_38,Experimental,0.4396808445453644,genre_38|genre_12|genre_17,Experimental|Rock|Folk,genre_38|genre_12|genre_17|genre_15|genre_1235,Experimental|Rock|Folk|Electronic|Instrumental
Experimental__pcr089EmilDavydov-Sketches__Sketch_No.3,E:\SCHOOL\Masters\Capstone_FMA_Project\data\external_audio_batch\Experimental\Experimental__pcr089EmilDavydov-Sketches__Sketch_No.3.mp3,3,1543543,70.0,85.0,genre_12,Rock,0.5563324689865112,genre_12|genre_15|genre_38,Rock|Electronic|Experimental,genre_12|genre_15|genre_38|genre_10|genre_17,Rock|Electronic|Experimental|Pop|Folk
Experimental__pcr089EmilDavydov-Sketches__Sketch_No.3,E:\SCHOOL\Masters\Capstone_FMA_Project\data\external_audio_batch\Experimental\Experimental__pcr089EmilDavydov-Sketches__Sketch_No.3.mp3,4,2058058,93.34,108.34,genre_12,Rock,0.5545709133148193,genre_12|genre_38|genre_17,Rock|Experimental|Folk,genre_12|genre_38|genre_17|genre_10|genre_15,Rock|Experimental|Folk|Pop|Electronic
Experimental__pcr089EmilDavydov-Sketches__Sketch_No.3,E:\SCHOOL\Masters\Capstone_FMA_Project\data\external_audio_batch\Experimental\Experimental__pcr089EmilDavydov-Sketches__Sketch_No.3.mp3,5,2572572,116.67,131.67,genre_38,Experimental,0.4510575830936432,genre_38|genre_12|genre_17,Experimental|Rock|Folk,genre_38|genre_12|genre_17|genre_15|genre_1235,Experimental|Rock|Folk|Electronic|Instrumental
Experimental__pcr089EmilDavydov-Sketches__Sketch_No.3,E:\SCHOOL\Masters\Capstone_FMA_Project\data\external_audio_batch\Experimental\Experimental__pcr089EmilDavydov-Sketches__Sketch_No.3.mp3,6,3087087,140.0,155.0,genre_38,Experimental,0.46517375111579895,genre_38|genre_12|genre_17,Experimental|Rock|Folk,genre_38|genre_12|genre_17|genre_15|genre_1235,Experimental|Rock|Folk|Electronic|Instrumental
Experimental__pcr089EmilDavydov-Sketches__Sketch_No.3,E:\SCHOOL\Masters\Capstone_FMA_Project\data\external_audio_batch\Experimental\Experimental__pcr089EmilDavydov-Sketches__Sketch_No.3.mp3,7,3601602,163.34,178.34,genre_38,Experimental,0.47365543246269226,genre_38|genre_12|genre_15,Experimental|Rock|Electronic,genre_38|genre_12|genre_15|genre_1235|genre_17,Experimental|Rock|Electronic|Instrumental|Folk
Experimental__PoodleplayArkestra-TheoryOfColour__Theory_Of_Colour,E:\SCHOOL\Masters\Capstone_FMA_Project\data\external_audio_batch\Experimental\Experimental__PoodleplayArkestra-TheoryOfColour__Theory_Of_Colour.mp3,0,0,0.0,15.0,genre_38,Experimental,0.4426993131637573,genre_38|genre_1235|genre_17,Experimental|Instrumental|Folk,genre_38|genre_1235|genre_17|genre_5|genre_15,Experimental|Instrumental|Folk|Classical|Electronic
Experimental__PoodleplayArkestra-TheoryOfColour__Theory_Of_Colour,E:\SCHOOL\Masters\Capstone_FMA_Project\data\external_audio_batch\Experimental\Experimental__PoodleplayArkestra-TheoryOfColour__Theory_Of_Colour.mp3,1,669458,30.36,45.36,genre_38,Experimental,0.4661831557750702,genre_38|genre_1235|genre_17,Experimental|Instrumental|Folk,genre_38|genre_1235|genre_17|genre_5|genre_15,Experimental|Instrumental|Folk|Classical|Electronic
Experimental__PoodleplayArkestra-TheoryOfColour__Theory_Of_Colour,E:\SCHOOL\Masters\Capstone_FMA_Project\data\external_audio_batch\Experimental\Experimental__PoodleplayArkestra-TheoryOfColour__Theory_Of_Colour.mp3,2,1338917,60.72,75.72,genre_38,Experimental,0.5097930431365967,genre_38|genre_17|genre_12,Experimental|Folk|Rock,genre_38|genre_17|genre_12|genre_1235|genre_15,Experimental|Folk|Rock|Instrumental|Electronic
Experimental__PoodleplayArkestra-TheoryOfColour__Theory_Of_Colour,E:\SCHOOL\Masters\Capstone_FMA_Project\data\external_audio_batch\Experimental\Experimental__PoodleplayArkestra-TheoryOfColour__Theory_Of_Colour.mp3,3,2008375,91.08,106.08,genre_38,Experimental,0.47173985838890076,genre_38|genre_17|genre_1235,Experimental|Folk|Instrumental,genre_38|genre_17|genre_1235|genre_12|genre_15,Experimental|Folk|Instrumental|Rock|Electronic
Experimental__PoodleplayArkestra-TheoryOfColour__Theory_Of_Colour,E:\SCHOOL\Masters\Capstone_FMA_Project\data\external_audio_batch\Experimental\Experimental__PoodleplayArkestra-TheoryOfColour__Theory_Of_Colour.mp3,4,2677834,121.44,136.44,genre_38,Experimental,0.4466298520565033,genre_38|genre_17|genre_1235,Experimental|Folk|Instrumental,genre_38|genre_17|genre_1235|genre_5|genre_12,Experimental|Folk|Instrumental|Classical|Rock
Experimental__PoodleplayArkestra-TheoryOfColour__Theory_Of_Colour,E:\SCHOOL\Masters\Capstone_FMA_Project\data\external_audio_batch\Experimental\Experimental__PoodleplayArkestra-TheoryOfColour__Theory_Of_Colour.mp3,5,3347292,151.8,166.8,genre_38,Experimental,0.5154892206192017,genre_38|genre_1235|genre_15,Experimental|Instrumental|Electronic,genre_38|genre_1235|genre_15|genre_17|genre_12,Experimental|Instrumental|Electronic|Folk|Rock
Experimental__PoodleplayArkestra-TheoryOfColour__Theory_Of_Colour,E:\SCHOOL\Masters\Capstone_FMA_Project\data\external_audio_batch\Experimental\Experimental__PoodleplayArkestra-TheoryOfColour__Theory_Of_Colour.mp3,6,4016751,182.17,197.17,genre_38,Experimental,0.4857867956161499,genre_38|genre_17|genre_12,Experimental|Folk|Rock,genre_38|genre_17|genre_12|genre_15|genre_1235,Experimental|Folk|Rock|Electronic|Instrumental
Experimental__PoodleplayArkestra-TheoryOfColour__Theory_Of_Colour,E:\SCHOOL\Masters\Capstone_FMA_Project\data\external_audio_batch\Experimental\Experimental__PoodleplayArkestra-TheoryOfColour__Theory_Of_Colour.mp3,7,4686210,212.53,227.53,genre_38,Experimental,0.6142376065254211,genre_38|genre_1235|genre_17,Experimental|Instrumental|Folk,genre_38|genre_1235|genre_17|genre_5|genre_250,Experimental|Instrumental|Folk|Classical|Improv
Experimental__ca446_opa__04_-_Russian_State_Museum_s_Lottery,E:\SCHOOL\Masters\Capstone_FMA_Project\data\external_audio_batch\Experimental\Experimental__ca446_opa__04_-_Russian_State_Museum_s_Lottery.mp3,0,0,0.0,15.0,genre_12,Rock,0.4651063084602356,genre_12|genre_38|genre_15,Rock|Experimental|Electronic,genre_12|genre_38|genre_15|genre_25|genre_21,Rock|Experimental|Electronic|Punk|Hip-Hop
Experimental__ca446_opa__04_-_Russian_State_Museum_s_Lottery,E:\SCHOOL\Masters\Capstone_FMA_Project\data\external_audio_batch\Experimental\Experimental__ca446_opa__04_-_Russian_State_Museum_s_Lottery.mp3,1,1006715,45.66,60.66,genre_15,Electronic,0.3939380347728729,genre_15|genre_12|genre_21,Electronic|Rock|Hip-Hop,genre_15|genre_12|genre_21|genre_10|genre_38,Electronic|Rock|Hip-Hop|Pop|Experimental
Experimental__ca446_opa__04_-_Russian_State_Museum_s_Lottery,E:\SCHOOL\Masters\Capstone_FMA_Project\data\external_audio_batch\Experimental\Experimental__ca446_opa__04_-_Russian_State_Museum_s_Lottery.mp3,2,2013431,91.31,106.31,genre_12,Rock,0.489105761051178,genre_12|genre_10|genre_38,Rock|Pop|Experimental,genre_12|genre_10|genre_38|genre_15|genre_21,Rock|Pop|Experimental|Electronic|Hip-Hop
Experimental__ca446_opa__04_-_Russian_State_Museum_s_Lottery,E:\SCHOOL\Masters\Capstone_FMA_Project\data\external_audio_batch\Experimental\Experimental__ca446_opa__04_-_Russian_State_Museum_s_Lottery.mp3,3,3020147,136.97,151.97,genre_12,Rock,0.4484730064868927,genre_12|genre_38|genre_25,Rock|Experimental|Punk,genre_12|genre_38|genre_25|genre_15|genre_21,Rock|Experimental|Punk|Electronic|Hip-Hop
Experimental__ca446_opa__04_-_Russian_State_Museum_s_Lottery,E:\SCHOOL\Masters\Capstone_FMA_Project\data\external_audio_batch\Experimental\Experimental__ca446_opa__04_-_Russian_State_Museum_s_Lottery.mp3,4,4026863,182.62,197.62,genre_12,Rock,0.4771338403224945,genre_12|genre_38|genre_25,Rock|Experimental|Punk,genre_12|genre_38|genre_25|genre_15|genre_21,Rock|Experimental|Punk|Electronic|Hip-Hop
Experimental__ca446_opa__04_-_Russian_State_Museum_s_Lottery,E:\SCHOOL\Masters\Capstone_FMA_Project\data\external_audio_batch\Experimental\Experimental__ca446_opa__04_-_Russian_State_Museum_s_Lottery.mp3,5,5033579,228.28,243.28,genre_12,Rock,0.4945547878742218,genre_12|genre_15|genre_38,Rock|Electronic|Experimental,genre_12|genre_15|genre_38|genre_10|genre_25,Rock|Electronic|Experimental|Pop|Punk
Experimental__ca446_opa__04_-_Russian_State_Museum_s_Lottery,E:\SCHOOL\Masters\Capstone_FMA_Project\data\external_audio_batch\Experimental\Experimental__ca446_opa__04_-_Russian_State_Museum_s_Lottery.mp3,6,6040295,273.94,288.94,genre_38,Experimental,0.5498716831207275,genre_38|genre_17|genre_12,Experimental|Folk|Rock,genre_38|genre_17|genre_12|genre_1|genre_27,Experimental|Folk|Rock|Avant-Garde|Lo-Fi
Experimental__ca446_opa__04_-_Russian_State_Museum_s_Lottery,E:\SCHOOL\Masters\Capstone_FMA_Project\data\external_audio_batch\Experimental\Experimental__ca446_opa__04_-_Russian_State_Museum_s_Lottery.mp3,7,7047011,319.59,334.59,genre_38,Experimental,0.5495833158493042,genre_38|genre_12|genre_17,Experimental|Rock|Folk,genre_38|genre_12|genre_17|genre_1|genre_27,Experimental|Rock|Folk|Avant-Garde|Lo-Fi
Experimental__AlbumInADayVol4__Summer_Breeze,E:\SCHOOL\Masters\Capstone_FMA_Project\data\external_audio_batch\Experimental\Experimental__AlbumInADayVol4__Summer_Breeze.mp3,0,0,0.0,15.0,genre_12,Rock,0.5549237728118896,genre_12|genre_17|genre_38,Rock|Folk|Experimental,genre_12|genre_17|genre_38|genre_103|genre_10,Rock|Folk|Experimental|Singer-Songwriter|Pop
Experimental__AlbumInADayVol4__Summer_Breeze,E:\SCHOOL\Masters\Capstone_FMA_Project\data\external_audio_batch\Experimental\Experimental__AlbumInADayVol4__Summer_Breeze.mp3,1,1152804,52.28,67.28,genre_38,Experimental,0.5616943836212158,genre_38|genre_15|genre_1235,Experimental|Electronic|Instrumental,genre_38|genre_15|genre_1235|genre_12|genre_107,Experimental|Electronic|Instrumental|Rock|Ambient
Experimental__AlbumInADayVol4__Summer_Breeze,E:\SCHOOL\Masters\Capstone_FMA_Project\data\external_audio_batch\Experimental\Experimental__AlbumInADayVol4__Summer_Breeze.mp3,2,2305609,104.56,119.56,genre_38,Experimental,0.5666835904121399,genre_38|genre_15|genre_12,Experimental|Electronic|Rock,genre_38|genre_15|genre_12|genre_1235|genre_107,Experimental|Electronic|Rock|Instrumental|Ambient
Experimental__AlbumInADayVol4__Summer_Breeze,E:\SCHOOL\Masters\Capstone_FMA_Project\data\external_audio_batch\Experimental\Experimental__AlbumInADayVol4__Summer_Breeze.mp3,3,3458414,156.84,171.84,genre_15,Electronic,0.595038890838623,genre_15|genre_38|genre_1235,Electronic|Experimental|Instrumental,genre_15|genre_38|genre_1235|genre_12|genre_107,Electronic|Experimental|Instrumental|Rock|Ambient
Experimental__AlbumInADayVol4__Summer_Breeze,E:\SCHOOL\Masters\Capstone_FMA_Project\data\external_audio_batch\Experimental\Experimental__AlbumInADayVol4__Summer_Breeze.mp3,4,4611219,209.13,224.13,genre_38,Experimental,0.6441348791122437,genre_38|genre_15|genre_1235,Experimental|Electronic|Instrumental,genre_38|genre_15|genre_1235|genre_12|genre_107,Experimental|Electronic|Instrumental|Rock|Ambient
Experimental__AlbumInADayVol4__Summer_Breeze,E:\SCHOOL\Masters\Capstone_FMA_Project\data\external_audio_batch\Experimental\Experimental__AlbumInADayVol4__Summer_Breeze.mp3,5,5764024,261.41,276.41,genre_38,Experimental,0.5044915676116943,genre_38|genre_15|genre_12,Experimental|Electronic|Rock,genre_38|genre_15|genre_12|genre_1235|genre_107,Experimental|Electronic|Rock|Instrumental|Ambient
Experimental__AlbumInADayVol4__Summer_Breeze,E:\SCHOOL\Masters\Capstone_FMA_Project\data\external_audio_batch\Experimental\Experimental__AlbumInADayVol4__Summer_Breeze.mp3,6,6916829,313.69,328.69,genre_38,Experimental,0.607194721698761,genre_38|genre_15|genre_12,Experimental|Electronic|Rock,genre_38|genre_15|genre_12|genre_17|genre_1,Experimental|Electronic|Rock|Folk|Avant-Garde
Experimental__AlbumInADayVol4__Summer_Breeze,E:\SCHOOL\Masters\Capstone_FMA_Project\data\external_audio_batch\Experimental\Experimental__AlbumInADayVol4__Summer_Breeze.mp3,7,8069634,365.97,380.97,genre_38,Experimental,0.6819261312484741,genre_38|genre_12|genre_15,Experimental|Rock|Electronic,genre_38|genre_12|genre_15|genre_1235|genre_250,Experimental|Rock|Electronic|Instrumental|Improv
Experimental__ca350_g__sh-dah,E:\SCHOOL\Masters\Capstone_FMA_Project\data\external_audio_batch\Experimental\Experimental__ca350_g__sh-dah.mp3,0,0,0.0,15.0,genre_12,Rock,0.7156027555465698,genre_12|genre_38|genre_25,Rock|Experimental|Punk,genre_12|genre_38|genre_25|genre_17|genre_10,Rock|Experimental|Punk|Folk|Pop
Experimental__ca350_g__sh-dah,E:\SCHOOL\Masters\Capstone_FMA_Project\data\external_audio_batch\Experimental\Experimental__ca350_g__sh-dah.mp3,1,630126,28.58,43.58,genre_12,Rock,0.7468996047973633,genre_12|genre_25|genre_38,Rock|Punk|Experimental,genre_12|genre_25|genre_38|genre_10|genre_17,Rock|Punk|Experimental|Pop|Folk
Experimental__ca350_g__sh-dah,E:\SCHOOL\Masters\Capstone_FMA_Project\data\external_audio_batch\Experimental\Experimental__ca350_g__sh-dah.mp3,2,1260252,57.15,72.15,genre_12,Rock,0.7046830654144287,genre_12|genre_25|genre_38,Rock|Punk|Experimental,genre_12|genre_25|genre_38|genre_10|genre_17,Rock|Punk|Experimental|Pop|Folk
Experimental__ca350_g__sh-dah,E:\SCHOOL\Masters\Capstone_FMA_Project\data\external_audio_batch\Experimental\Experimental__ca350_g__sh-dah.mp3,3,1890378,85.73,100.73,genre_38,Experimental,0.7466249465942383,genre_38|genre_15|genre_12,Experimental|Electronic|Rock,genre_38|genre_15|genre_12|genre_1|genre_1235,Experimental|Electronic|Rock|Avant-Garde|Instrumental
Experimental__ca350_g__sh-dah,E:\SCHOOL\Masters\Capstone_FMA_Project\data\external_audio_batch\Experimental\Experimental__ca350_g__sh-dah.mp3,4,2520504,114.31,129.31,genre_38,Experimental,0.8008939623832703,genre_38|genre_15|genre_1235,Experimental|Electronic|Instrumental,genre_38|genre_15|genre_1235|genre_41|genre_32,Experimental|Electronic|Instrumental|Electroacoustic|Noise
Experimental__ca350_g__sh-dah,E:\SCHOOL\Masters\Capstone_FMA_Project\data\external_audio_batch\Experimental\Experimental__ca350_g__sh-dah.mp3,5,3150630,142.89,157.89,genre_38,Experimental,0.8152782320976257,genre_38|genre_15|genre_1235,Experimental|Electronic|Instrumental,genre_38|genre_15|genre_1235|genre_41|genre_107,Experimental|Electronic|Instrumental|Electroacoustic|Ambient
Experimental__ca350_g__sh-dah,E:\SCHOOL\Masters\Capstone_FMA_Project\data\external_audio_batch\Experimental\Experimental__ca350_g__sh-dah.mp3,6,3780756,171.46,186.46,genre_38,Experimental,0.659178614616394,genre_38|genre_12|genre_15,Experimental|Rock|Electronic,genre_38|genre_12|genre_15|genre_1|genre_1235,Experimental|Rock|Electronic|Avant-Garde|Instrumental
Experimental__ca350_g__sh-dah,E:\SCHOOL\Masters\Capstone_FMA_Project\data\external_audio_batch\Experimental\Experimental__ca350_g__sh-dah.mp3,7,4410882,200.04,215.04,genre_38,Experimental,0.6941854953765869,genre_38|genre_12|genre_250,Experimental|Rock|Improv,genre_38|genre_12|genre_250|genre_15|genre_1,Experimental|Rock|Improv|Electronic|Avant-Garde
Experimental__mz001_Mademoi_Selle__Himitsu,E:\SCHOOL\Masters\Capstone_FMA_Project\data\external_audio_batch\Experimental\Experimental__mz001_Mademoi_Selle__Himitsu.mp3,0,0,0.0,15.0,genre_12,Rock,0.44342246651649475,genre_12|genre_38|genre_15,Rock|Experimental|Electronic,genre_12|genre_38|genre_15|genre_1235|genre_17,Rock|Experimental|Electronic|Instrumental|Folk
Experimental__mz001_Mademoi_Selle__Himitsu,E:\SCHOOL\Masters\Capstone_FMA_Project\data\external_audio_batch\Experimental\Experimental__mz001_Mademoi_Selle__Himitsu.mp3,1,585280,26.54,41.54,genre_12,Rock,0.5068355202674866,genre_12|genre_38|genre_17,Rock|Experimental|Folk,genre_12|genre_38|genre_17|genre_10|genre_15,Rock|Experimental|Folk|Pop|Electronic
Experimental__mz001_Mademoi_Selle__Himitsu,E:\SCHOOL\Masters\Capstone_FMA_Project\data\external_audio_batch\Experimental\Experimental__mz001_Mademoi_Selle__Himitsu.mp3,2,1170560,53.09,68.09,genre_12,Rock,0.6021214127540588,genre_12|genre_38|genre_17,Rock|Experimental|Folk,genre_12|genre_38|genre_17|genre_10|genre_25,Rock|Experimental|Folk|Pop|Punk
Experimental__mz001_Mademoi_Selle__Himitsu,E:\SCHOOL\Masters\Capstone_FMA_Project\data\external_audio_batch\Experimental\Experimental__mz001_Mademoi_Selle__Himitsu.mp3,3,1755840,79.63,94.63,genre_38,Experimental,0.542952299118042,genre_38|genre_12|genre_25,Experimental|Rock|Punk,genre_38|genre_12|genre_25|genre_15|genre_250,Experimental|Rock|Punk|Electronic|Improv
Experimental__mz001_Mademoi_Selle__Himitsu,E:\SCHOOL\Masters\Capstone_FMA_Project\data\external_audio_batch\Experimental\Experimental__mz001_Mademoi_Selle__Himitsu.mp3,4,2341121,106.17,121.17,genre_12,Rock,0.6063899397850037,genre_12|genre_38|genre_25,Rock|Experimental|Punk,genre_12|genre_38|genre_25|genre_10|genre_15,Rock|Experimental|Punk|Pop|Electronic
Experimental__mz001_Mademoi_Selle__Himitsu,E:\SCHOOL\Masters\Capstone_FMA_Project\data\external_audio_batch\Experimental\Experimental__mz001_Mademoi_Selle__Himitsu.mp3,5,2926401,132.72,147.72,genre_12,Rock,0.48750731348991394,genre_12|genre_38|genre_17,Rock|Experimental|Folk,genre_12|genre_38|genre_17|genre_10|genre_15,Rock|Experimental|Folk|Pop|Electronic
Experimental__mz001_Mademoi_Selle__Himitsu,E:\SCHOOL\Masters\Capstone_FMA_Project\data\external_audio_batch\Experimental\Experimental__mz001_Mademoi_Selle__Himitsu.mp3,6,3511681,159.26,174.26,genre_12,Rock,0.6079991459846497,genre_12|genre_38|genre_25,Rock|Experimental|Punk,genre_12|genre_38|genre_25|genre_15|genre_10,Rock|Experimental|Punk|Electronic|Pop
Experimental__mz001_Mademoi_Selle__Himitsu,E:\SCHOOL\Masters\Capstone_FMA_Project\data\external_audio_batch\Experimental\Experimental__mz001_Mademoi_Selle__Himitsu.mp3,7,4096962,185.8,200.8,genre_38,Experimental,0.47773900628089905,genre_38|genre_12|genre_15,Experimental|Rock|Electronic,genre_38|genre_12|genre_15|genre_25|genre_250,Experimental|Rock|Electronic|Punk|Improv
Experimental__tpd074__08_Grow_Up_Lamestream_Turd_Burglers,E:\SCHOOL\Masters\Capstone_FMA_Project\data\external_audio_batch\Experimental\Experimental__tpd074__08_Grow_Up_Lamestream_Turd_Burglers.ogg,0,0,0.0,15.0,genre_15,Electronic,0.5127209424972534,genre_15|genre_21|genre_38,Electronic|Hip-Hop|Experimental,genre_15|genre_21|genre_38|genre_12|genre_10,Electronic|Hip-Hop|Experimental|Rock|Pop
Experimental__tpd074__08_Grow_Up_Lamestream_Turd_Burglers,E:\SCHOOL\Masters\Capstone_FMA_Project\data\external_audio_batch\Experimental\Experimental__tpd074__08_Grow_Up_Lamestream_Turd_Burglers.ogg,1,1974997,89.57,104.57,genre_15,Electronic,0.48905691504478455,genre_15|genre_21|genre_12,Electronic|Hip-Hop|Rock,genre_15|genre_21|genre_12|genre_38|genre_10,Electronic|Hip-Hop|Rock|Experimental|Pop
Experimental__tpd074__08_Grow_Up_Lamestream_Turd_Burglers,E:\SCHOOL\Masters\Capstone_FMA_Project\data\external_audio_batch\Experimental\Experimental__tpd074__08_Grow_Up_Lamestream_Turd_Burglers.ogg,2,3949995,179.14,194.14,genre_38,Experimental,0.4405345916748047,genre_38|genre_15|genre_12,Experimental|Electronic|Rock,genre_38|genre_15|genre_12|genre_21|genre_1235,Experimental|Electronic|Rock|Hip-Hop|Instrumental
Experimental__tpd074__08_Grow_Up_Lamestream_Turd_Burglers,E:\SCHOOL\Masters\Capstone_FMA_Project\data\external_audio_batch\Experimental\Experimental__tpd074__08_Grow_Up_Lamestream_Turd_Burglers.ogg,3,5924992,268.71,283.71,genre_15,Electronic,0.382653146982193,genre_15|genre_12|genre_38,Electronic|Rock|Experimental,genre_15|genre_12|genre_38|genre_21|genre_10,Electronic|Rock|Experimental|Hip-Hop|Pop
Experimental__tpd074__08_Grow_Up_Lamestream_Turd_Burglers,E:\SCHOOL\Masters\Capstone_FMA_Project\data\external_audio_batch\Experimental\Experimental__tpd074__08_Grow_Up_Lamestream_Turd_Burglers.ogg,4,7899990,358.28,373.28,genre_38,Experimental,0.5395290851593018,genre_38|genre_12|genre_15,Experimental|Rock|Electronic,genre_38|genre_12|genre_15|genre_1235|genre_250,Experimental|Rock|Electronic|Instrumental|Improv
Experimental__tpd074__08_Grow_Up_Lamestream_Turd_Burglers,E:\SCHOOL\Masters\Capstone_FMA_Project\data\external_audio_batch\Experimental\Experimental__tpd074__08_Grow_Up_Lamestream_Turd_Burglers.ogg,5,9874987,447.85,462.85,genre_38,Experimental,0.7423194646835327,genre_38|genre_15|genre_32,Experimental|Electronic|Noise,genre_38|genre_15|genre_32|genre_12|genre_1,Experimental|Electronic|Noise|Rock|Avant-Garde
Experimental__tpd074__08_Grow_Up_Lamestream_Turd_Burglers,E:\SCHOOL\Masters\Capstone_FMA_Project\data\external_audio_batch\Experimental\Experimental__tpd074__08_Grow_Up_Lamestream_Turd_Burglers.ogg,6,11849985,537.41,552.41,genre_38,Experimental,0.6271560192108154,genre_38|genre_15|genre_21,Experimental|Electronic|Hip-Hop,genre_38|genre_15|genre_21|genre_12|genre_1235,Experimental|Electronic|Hip-Hop|Rock|Instrumental
Experimental__tpd074__08_Grow_Up_Lamestream_Turd_Burglers,E:\SCHOOL\Masters\Capstone_FMA_Project\data\external_audio_batch\Experimental\Experimental__tpd074__08_Grow_Up_Lamestream_Turd_Burglers.ogg,7,13824983,626.98,641.98,genre_38,Experimental,0.8460801243782043,genre_38|genre_15|genre_32,Experimental|Electronic|Noise,genre_38|genre_15|genre_32|genre_12|genre_1,Experimental|Electronic|Noise|Rock|Avant-Garde
Experimental__ca492_ai__Beautiful_Distraction,E:\SCHOOL\Masters\Capstone_FMA_Project\data\external_audio_batch\Experimental\Experimental__ca492_ai__Beautiful_Distraction.mp3,0,0,0.0,15.0,genre_17,Folk,0.554373025894165,genre_17|genre_12|genre_103,Folk|Rock|Singer-Songwriter,genre_17|genre_12|genre_103|genre_10|genre_38,Folk|Rock|Singer-Songwriter|Pop|Experimental
Experimental__ca492_ai__Beautiful_Distraction,E:\SCHOOL\Masters\Capstone_FMA_Project\data\external_audio_batch\Experimental\Experimental__ca492_ai__Beautiful_Distraction.mp3,1,1148310,52.08,67.08,genre_38,Experimental,0.4200218915939331,genre_38|genre_17|genre_12,Experimental|Folk|Rock,genre_38|genre_17|genre_12|genre_10|genre_27,Experimental|Folk|Rock|Pop|Lo-Fi
Experimental__ca492_ai__Beautiful_Distraction,E:\SCHOOL\Masters\Capstone_FMA_Project\data\external_audio_batch\Experimental\Experimental__ca492_ai__Beautiful_Distraction.mp3,2,2296620,104.16,119.16,genre_38,Experimental,0.43600767850875854,genre_38|genre_17|genre_12,Experimental|Folk|Rock,genre_38|genre_17|genre_12|genre_10|genre_27,Experimental|Folk|Rock|Pop|Lo-Fi
Experimental__ca492_ai__Beautiful_Distraction,E:\SCHOOL\Masters\Capstone_FMA_Project\data\external_audio_batch\Experimental\Experimental__ca492_ai__Beautiful_Distraction.mp3,3,3444930,156.23,171.23,genre_12,Rock,0.36976921558380127,genre_12|genre_38|genre_17,Rock|Experimental|Folk,genre_12|genre_38|genre_17|genre_10|genre_15,Rock|Experimental|Folk|Pop|Electronic
Experimental__ca492_ai__Beautiful_Distraction,E:\SCHOOL\Masters\Capstone_FMA_Project\data\external_audio_batch\Experimental\Experimental__ca492_ai__Beautiful_Distraction.mp3,4,4593240,208.31,223.31,genre_12,Rock,0.5564512610435486,genre_12|genre_38|genre_10,Rock|Experimental|Pop,genre_12|genre_38|genre_10|genre_15|genre_25,Rock|Experimental|Pop|Electronic|Punk
Experimental__ca492_ai__Beautiful_Distraction,E:\SCHOOL\Masters\Capstone_FMA_Project\data\external_audio_batch\Experimental\Experimental__ca492_ai__Beautiful_Distraction.mp3,5,5741550,260.39,275.39,genre_17,Folk,0.44610899686813354,genre_17|genre_12|genre_38,Folk|Rock|Experimental,genre_17|genre_12|genre_38|genre_10|genre_103,Folk|Rock|Experimental|Pop|Singer-Songwriter
Experimental__ca492_ai__Beautiful_Distraction,E:\SCHOOL\Masters\Capstone_FMA_Project\data\external_audio_batch\Experimental\Experimental__ca492_ai__Beautiful_Distraction.mp3,6,6889860,312.47,327.47,genre_12,Rock,0.4746684730052948,genre_12|genre_38|genre_17,Rock|Experimental|Folk,genre_12|genre_38|genre_17|genre_10|genre_27,Rock|Experimental|Folk|Pop|Lo-Fi
Experimental__ca492_ai__Beautiful_Distraction,E:\SCHOOL\Masters\Capstone_FMA_Project\data\external_audio_batch\Experimental\Experimental__ca492_ai__Beautiful_Distraction.mp3,7,8038170,364.54,379.54,genre_38,Experimental,0.6133373379707336,genre_38|genre_1235|genre_12,Experimental|Instrumental|Rock,genre_38|genre_1235|genre_12|genre_15|genre_250,Experimental|Instrumental|Rock|Electronic|Improv
Experimental__ca300_ca__206_-_Mons_Jacet_-_for_spring,E:\SCHOOL\Masters\Capstone_FMA_Project\data\external_audio_batch\Experimental\Experimental__ca300_ca__206_-_Mons_Jacet_-_for_spring.mp3,0,0,0.0,15.0,genre_38,Experimental,0.8359294533729553,genre_38|genre_15|genre_32,Experimental|Electronic|Noise,genre_38|genre_15|genre_32|genre_1|genre_1235,Experimental|Electronic|Noise|Avant-Garde|Instrumental
Experimental__ca300_ca__206_-_Mons_Jacet_-_for_spring,E:\SCHOOL\Masters\Capstone_FMA_Project\data\external_audio_batch\Experimental\Experimental__ca300_ca__206_-_Mons_Jacet_-_for_spring.mp3,1,1261668,57.22,72.22,genre_38,Experimental,0.9105271100997925,genre_38|genre_1|genre_32,Experimental|Avant-Garde|Noise,genre_38|genre_1|genre_32|genre_15|genre_41,Experimental|Avant-Garde|Noise|Electronic|Electroacoustic
Experimental__ca300_ca__206_-_Mons_Jacet_-_for_spring,E:\SCHOOL\Masters\Capstone_FMA_Project\data\external_audio_batch\Experimental\Experimental__ca300_ca__206_-_Mons_Jacet_-_for_spring.mp3,2,2523337,114.44,129.44,genre_38,Experimental,0.6846046447753906,genre_38|genre_15|genre_1235,Experimental|Electronic|Instrumental,genre_38|genre_15|genre_1235|genre_107|genre_47,Experimental|Electronic|Instrumental|Ambient|Drone
Experimental__ca300_ca__206_-_Mons_Jacet_-_for_spring,E:\SCHOOL\Masters\Capstone_FMA_Project\data\external_audio_batch\Experimental\Experimental__ca300_ca__206_-_Mons_Jacet_-_for_spring.mp3,3,3785006,171.66,186.66,genre_38,Experimental,0.626300573348999,genre_38|genre_15|genre_1235,Experimental|Electronic|Instrumental,genre_38|genre_15|genre_1235|genre_12|genre_42,Experimental|Electronic|Instrumental|Rock|Ambient Electronic
Experimental__ca300_ca__206_-_Mons_Jacet_-_for_spring,E:\SCHOOL\Masters\Capstone_FMA_Project\data\external_audio_batch\Experimental\Experimental__ca300_ca__206_-_Mons_Jacet_-_for_spring.mp3,4,5046675,228.87,243.87,genre_38,Experimental,0.6140486001968384,genre_38|genre_15|genre_1235,Experimental|Electronic|Instrumental,genre_38|genre_15|genre_1235|genre_107|genre_12,Experimental|Electronic|Instrumental|Ambient|Rock
Experimental__ca300_ca__206_-_Mons_Jacet_-_for_spring,E:\SCHOOL\Masters\Capstone_FMA_Project\data\external_audio_batch\Experimental\Experimental__ca300_ca__206_-_Mons_Jacet_-_for_spring.mp3,5,6308344,286.09,301.09,genre_38,Experimental,0.7340700626373291,genre_38|genre_15|genre_1235,Experimental|Electronic|Instrumental,genre_38|genre_15|genre_1235|genre_1|genre_250,Experimental|Electronic|Instrumental|Avant-Garde|Improv
Experimental__ca300_ca__206_-_Mons_Jacet_-_for_spring,E:\SCHOOL\Masters\Capstone_FMA_Project\data\external_audio_batch\Experimental\Experimental__ca300_ca__206_-_Mons_Jacet_-_for_spring.mp3,6,7570013,343.31,358.31,genre_38,Experimental,0.6707903146743774,genre_38|genre_15|genre_1235,Experimental|Electronic|Instrumental,genre_38|genre_15|genre_1235|genre_107|genre_18,Experimental|Electronic|Instrumental|Ambient|Soundtrack
Experimental__ca300_ca__206_-_Mons_Jacet_-_for_spring,E:\SCHOOL\Masters\Capstone_FMA_Project\data\external_audio_batch\Experimental\Experimental__ca300_ca__206_-_Mons_Jacet_-_for_spring.mp3,7,8831682,400.53,415.53,genre_38,Experimental,0.5456442832946777,genre_38|genre_15|genre_12,Experimental|Electronic|Rock,genre_38|genre_15|genre_12|genre_21|genre_32,Experimental|Electronic|Rock|Hip-Hop|Noise
Experimental__csr008__Say_Man,E:\SCHOOL\Masters\Capstone_FMA_Project\data\external_audio_batch\Experimental\Experimental__csr008__Say_Man.mp3,0,0,0.0,15.0,genre_38,Experimental,0.4253216087818146,genre_38|genre_15|genre_12,Experimental|Electronic|Rock,genre_38|genre_15|genre_12|genre_21|genre_25,Experimental|Electronic|Rock|Hip-Hop|Punk
Experimental__csr008__Say_Man,E:\SCHOOL\Masters\Capstone_FMA_Project\data\external_audio_batch\Experimental\Experimental__csr008__Say_Man.mp3,1,1723950,78.18,93.18,genre_15,Electronic,0.6713858246803284,genre_15|genre_12|genre_21,Electronic|Rock|Hip-Hop,genre_15|genre_12|genre_21|genre_38|genre_10,Electronic|Rock|Hip-Hop|Experimental|Pop
Experimental__csr008__Say_Man,E:\SCHOOL\Masters\Capstone_FMA_Project\data\external_audio_batch\Experimental\Experimental__csr008__Say_Man.mp3,2,3447900,156.37,171.37,genre_12,Rock,0.46916207671165466,genre_12|genre_38|genre_15,Rock|Experimental|Electronic,genre_12|genre_38|genre_15|genre_25|genre_21,Rock|Experimental|Electronic|Punk|Hip-Hop
Experimental__csr008__Say_Man,E:\SCHOOL\Masters\Capstone_FMA_Project\data\external_audio_batch\Experimental\Experimental__csr008__Say_Man.mp3,3,5171850,234.55,249.55,genre_15,Electronic,0.4510493278503418,genre_15|genre_12|genre_38,Electronic|Rock|Experimental,genre_15|genre_12|genre_38|genre_21|genre_10,Electronic|Rock|Experimental|Hip-Hop|Pop
Experimental__csr008__Say_Man,E:\SCHOOL\Masters\Capstone_FMA_Project\data\external_audio_batch\Experimental\Experimental__csr008__Say_Man.mp3,4,6895800,312.73,327.73,genre_15,Electronic,0.38316231966018677,genre_15|genre_38|genre_12,Electronic|Experimental|Rock,genre_15|genre_38|genre_12|genre_21|genre_10,Electronic|Experimental|Rock|Hip-Hop|Pop
Experimental__csr008__Say_Man,E:\SCHOOL\Masters\Capstone_FMA_Project\data\external_audio_batch\Experimental\Experimental__csr008__Say_Man.mp3,5,8619750,390.92,405.92,genre_15,Electronic,0.5925488471984863,genre_15|genre_12|genre_38,Electronic|Rock|Experimental,genre_15|genre_12|genre_38|genre_21|genre_10,Electronic|Rock|Experimental|Hip-Hop|Pop
Experimental__csr008__Say_Man,E:\SCHOOL\Masters\Capstone_FMA_Project\data\external_audio_batch\Experimental\Experimental__csr008__Say_Man.mp3,6,10343700,469.1,484.1,genre_15,Electronic,0.4426940381526947,genre_15|genre_38|genre_12,Electronic|Experimental|Rock,genre_15|genre_38|genre_12|genre_21|genre_10,Electronic|Experimental|Rock|Hip-Hop|Pop
Experimental__csr008__Say_Man,E:\SCHOOL\Masters\Capstone_FMA_Project\data\external_audio_batch\Experimental\Experimental__csr008__Say_Man.mp3,7,12067650,547.29,562.29,genre_38,Experimental,0.4808787703514099,genre_38|genre_12|genre_15,Experimental|Rock|Electronic,genre_38|genre_12|genre_15|genre_1235|genre_17,Experimental|Rock|Electronic|Instrumental|Folk
Folk__lbn016Plusplus-gameOver__04_Plusplus_-_Broken_Doors,E:\SCHOOL\Masters\Capstone_FMA_Project\data\external_audio_batch\Folk\Folk__lbn016Plusplus-gameOver__04_Plusplus_-_Broken_Doors.mp3,0,0,0.0,15.0,genre_12,Rock,0.3990156650543213,genre_12|genre_15|genre_10,Rock|Electronic|Pop,genre_12|genre_15|genre_10|genre_38|genre_17,Rock|Electronic|Pop|Experimental|Folk
Folk__lbn016Plusplus-gameOver__04_Plusplus_-_Broken_Doors,E:\SCHOOL\Masters\Capstone_FMA_Project\data\external_audio_batch\Folk\Folk__lbn016Plusplus-gameOver__04_Plusplus_-_Broken_Doors.mp3,1,1244355,56.43,71.43,genre_15,Electronic,0.4502902925014496,genre_15|genre_38|genre_12,Electronic|Experimental|Rock,genre_15|genre_38|genre_12|genre_10|genre_1235,Electronic|Experimental|Rock|Pop|Instrumental
Folk__lbn016Plusplus-gameOver__04_Plusplus_-_Broken_Doors,E:\SCHOOL\Masters\Capstone_FMA_Project\data\external_audio_batch\Folk\Folk__lbn016Plusplus-gameOver__04_Plusplus_-_Broken_Doors.mp3,2,2488710,112.87,127.87,genre_38,Experimental,0.5010805726051331,genre_38|genre_15|genre_12,Experimental|Electronic|Rock,genre_38|genre_15|genre_12|genre_1235|genre_10,Experimental|Electronic|Rock|Instrumental|Pop
Folk__lbn016Plusplus-gameOver__04_Plusplus_-_Broken_Doors,E:\SCHOOL\Masters\Capstone_FMA_Project\data\external_audio_batch\Folk\Folk__lbn016Plusplus-gameOver__04_Plusplus_-_Broken_Doors.mp3,3,3733065,169.3,184.3,genre_38,Experimental,0.5166828036308289,genre_38|genre_15|genre_12,Experimental|Electronic|Rock,genre_38|genre_15|genre_12|genre_1235|genre_10,Experimental|Electronic|Rock|Instrumental|Pop
Folk__lbn016Plusplus-gameOver__04_Plusplus_-_Broken_Doors,E:\SCHOOL\Masters\Capstone_FMA_Project\data\external_audio_batch\Folk\Folk__lbn016Plusplus-gameOver__04_Plusplus_-_Broken_Doors.mp3,4,4977420,225.73,240.73,genre_38,Experimental,0.3773729205131531,genre_38|genre_15|genre_10,Experimental|Electronic|Pop,genre_38|genre_15|genre_10|genre_12|genre_17,Experimental|Electronic|Pop|Rock|Folk
Folk__lbn016Plusplus-gameOver__04_Plusplus_-_Broken_Doors,E:\SCHOOL\Masters\Capstone_FMA_Project\data\external_audio_batch\Folk\Folk__lbn016Plusplus-gameOver__04_Plusplus_-_Broken_Doors.mp3,5,6221775,282.17,297.17,genre_15,Electronic,0.4918299913406372,genre_15|genre_38|genre_12,Electronic|Experimental|Rock,genre_15|genre_38|genre_12|genre_10|genre_1235,Electronic|Experimental|Rock|Pop|Instrumental
Folk__lbn016Plusplus-gameOver__04_Plusplus_-_Broken_Doors,E:\SCHOOL\Masters\Capstone_FMA_Project\data\external_audio_batch\Folk\Folk__lbn016Plusplus-gameOver__04_Plusplus_-_Broken_Doors.mp3,6,7466130,338.6,353.6,genre_15,Electronic,0.5091738700866699,genre_15|genre_12|genre_10,Electronic|Rock|Pop,genre_15|genre_12|genre_10|genre_38|genre_1235,Electronic|Rock|Pop|Experimental|Instrumental
Folk__lbn016Plusplus-gameOver__04_Plusplus_-_Broken_Doors,E:\SCHOOL\Masters\Capstone_FMA_Project\data\external_audio_batch\Folk\Folk__lbn016Plusplus-gameOver__04_Plusplus_-_Broken_Doors.mp3,7,8710485,395.03,410.03,genre_38,Experimental,0.7360942363739014,genre_38|genre_15|genre_12,Experimental|Electronic|Rock,genre_38|genre_15|genre_12|genre_250|genre_1,Experimental|Electronic|Rock|Improv|Avant-Garde
Folk__lbn007NickRivera-happySongIsAHappySong__01_ReneeLuise,E:\SCHOOL\Masters\Capstone_FMA_Project\data\external_audio_batch\Folk\Folk__lbn007NickRivera-happySongIsAHappySong__01_ReneeLuise.mp3,0,0,0.0,15.0,genre_17,Folk,0.33815935254096985,genre_17|genre_1235|genre_38,Folk|Instrumental|Experimental,genre_17|genre_1235|genre_38|genre_12|genre_15,Folk|Instrumental|Experimental|Rock|Electronic
Folk__lbn007NickRivera-happySongIsAHappySong__01_ReneeLuise,E:\SCHOOL\Masters\Capstone_FMA_Project\data\external_audio_batch\Folk\Folk__lbn007NickRivera-happySongIsAHappySong__01_ReneeLuise.mp3,1,942071,42.72,57.72,genre_38,Experimental,0.456100732088089,genre_38|genre_12|genre_17,Experimental|Rock|Folk,genre_38|genre_12|genre_17|genre_15|genre_1235,Experimental|Rock|Folk|Electronic|Instrumental
Folk__lbn007NickRivera-happySongIsAHappySong__01_ReneeLuise,E:\SCHOOL\Masters\Capstone_FMA_Project\data\external_audio_batch\Folk\Folk__lbn007NickRivera-happySongIsAHappySong__01_ReneeLuise.mp3,2,1884142,85.45,100.45,genre_38,Experimental,0.42672786116600037,genre_38|genre_17|genre_12,Experimental|Folk|Rock,genre_38|genre_17|genre_12|genre_15|genre_1235,Experimental|Folk|Rock|Electronic|Instrumental
Folk__lbn007NickRivera-happySongIsAHappySong__01_ReneeLuise,E:\SCHOOL\Masters\Capstone_FMA_Project\data\external_audio_batch\Folk\Folk__lbn007NickRivera-happySongIsAHappySong__01_ReneeLuise.mp3,3,2826213,128.17,143.17,genre_17,Folk,0.4270232021808624,genre_17|genre_38|genre_12,Folk|Experimental|Rock,genre_17|genre_38|genre_12|genre_10|genre_103,Folk|Experimental|Rock|Pop|Singer-Songwriter
Folk__lbn007NickRivera-happySongIsAHappySong__01_ReneeLuise,E:\SCHOOL\Masters\Capstone_FMA_Project\data\external_audio_batch\Folk\Folk__lbn007NickRivera-happySongIsAHappySong__01_ReneeLuise.mp3,4,3768284,170.9,185.9,genre_17,Folk,0.3726978003978729,genre_17|genre_12|genre_38,Folk|Rock|Experimental,genre_17|genre_12|genre_38|genre_10|genre_103,Folk|Rock|Experimental|Pop|Singer-Songwriter
Folk__lbn007NickRivera-happySongIsAHappySong__01_ReneeLuise,E:\SCHOOL\Masters\Capstone_FMA_Project\data\external_audio_batch\Folk\Folk__lbn007NickRivera-happySongIsAHappySong__01_ReneeLuise.mp3,5,4710355,213.62,228.62,genre_12,Rock,0.4225374758243561,genre_12|genre_17|genre_38,Rock|Folk|Experimental,genre_12|genre_17|genre_38|genre_10|genre_103,Rock|Folk|Experimental|Pop|Singer-Songwriter
Folk__lbn007NickRivera-happySongIsAHappySong__01_ReneeLuise,E:\SCHOOL\Masters\Capstone_FMA_Project\data\external_audio_batch\Folk\Folk__lbn007NickRivera-happySongIsAHappySong__01_ReneeLuise.mp3,6,5652426,256.35,271.35,genre_17,Folk,0.5268417596817017,genre_17|genre_38|genre_103,Folk|Experimental|Singer-Songwriter,genre_17|genre_38|genre_103|genre_12|genre_2,Folk|Experimental|Singer-Songwriter|Rock|International
Folk__lbn007NickRivera-happySongIsAHappySong__01_ReneeLuise,E:\SCHOOL\Masters\Capstone_FMA_Project\data\external_audio_batch\Folk\Folk__lbn007NickRivera-happySongIsAHappySong__01_ReneeLuise.mp3,7,6594498,299.07,314.07,genre_38,Experimental,0.4846532344818115,genre_38|genre_12|genre_17,Experimental|Rock|Folk,genre_38|genre_12|genre_17|genre_250|genre_25,Experimental|Rock|Folk|Improv|Punk
Folk__lbn017OldSplendifolia-utterlyHeartbreaking__Two_Eagles,E:\SCHOOL\Masters\Capstone_FMA_Project\data\external_audio_batch\Folk\Folk__lbn017OldSplendifolia-utterlyHeartbreaking__Two_Eagles.mp3,0,0,0.0,15.0,genre_38,Experimental,0.4376114010810852,genre_38|genre_12|genre_17,Experimental|Rock|Folk,genre_38|genre_12|genre_17|genre_250|genre_27,Experimental|Rock|Folk|Improv|Lo-Fi
Folk__lbn017OldSplendifolia-utterlyHeartbreaking__Two_Eagles,E:\SCHOOL\Masters\Capstone_FMA_Project\data\external_audio_batch\Folk\Folk__lbn017OldSplendifolia-utterlyHeartbreaking__Two_Eagles.mp3,1,835191,37.88,52.88,genre_38,Experimental,0.4473937153816223,genre_38|genre_12|genre_17,Experimental|Rock|Folk,genre_38|genre_12|genre_17|genre_1235|genre_250,Experimental|Rock|Folk|Instrumental|Improv
Folk__lbn017OldSplendifolia-utterlyHeartbreaking__Two_Eagles,E:\SCHOOL\Masters\Capstone_FMA_Project\data\external_audio_batch\Folk\Folk__lbn017OldSplendifolia-utterlyHeartbreaking__Two_Eagles.mp3,2,1670382,75.75,90.75,genre_38,Experimental,0.7220891714096069,genre_38|genre_15|genre_1,Experimental|Electronic|Avant-Garde,genre_38|genre_15|genre_1|genre_12|genre_250,Experimental|Electronic|Avant-Garde|Rock|Improv
Folk__lbn017OldSplendifolia-utterlyHeartbreaking__Two_Eagles,E:\SCHOOL\Masters\Capstone_FMA_Project\data\external_audio_batch\Folk\Folk__lbn017OldSplendifolia-utterlyHeartbreaking__Two_Eagles.mp3,3,2505573,113.63,128.63,genre_38,Experimental,0.5294111967086792,genre_38|genre_17|genre_12,Experimental|Folk|Rock,genre_38|genre_17|genre_12|genre_250|genre_1,Experimental|Folk|Rock|Improv|Avant-Garde
Folk__lbn017OldSplendifolia-utterlyHeartbreaking__Two_Eagles,E:\SCHOOL\Masters\Capstone_FMA_Project\data\external_audio_batch\Folk\Folk__lbn017OldSplendifolia-utterlyHeartbreaking__Two_Eagles.mp3,4,3340764,151.51,166.51,genre_17,Folk,0.4751790761947632,genre_17|genre_38|genre_12,Folk|Experimental|Rock,genre_17|genre_38|genre_12|genre_27|genre_2,Folk|Experimental|Rock|Lo-Fi|International
Folk__lbn017OldSplendifolia-utterlyHeartbreaking__Two_Eagles,E:\SCHOOL\Masters\Capstone_FMA_Project\data\external_audio_batch\Folk\Folk__lbn017OldSplendifolia-utterlyHeartbreaking__Two_Eagles.mp3,5,4175955,189.39,204.39,genre_17,Folk,0.4769570827484131,genre_17|genre_38|genre_12,Folk|Experimental|Rock,genre_17|genre_38|genre_12|genre_10|genre_103,Folk|Experimental|Rock|Pop|Singer-Songwriter
Folk__lbn017OldSplendifolia-utterlyHeartbreaking__Two_Eagles,E:\SCHOOL\Masters\Capstone_FMA_Project\data\external_audio_batch\Folk\Folk__lbn017OldSplendifolia-utterlyHeartbreaking__Two_Eagles.mp3,6,5011146,227.26,242.26,genre_17,Folk,0.6333273649215698,genre_17|genre_38|genre_103,Folk|Experimental|Singer-Songwriter,genre_17|genre_38|genre_103|genre_12|genre_10,Folk|Experimental|Singer-Songwriter|Rock|Pop
Folk__lbn017OldSplendifolia-utterlyHeartbreaking__Two_Eagles,E:\SCHOOL\Masters\Capstone_FMA_Project\data\external_audio_batch\Folk\Folk__lbn017OldSplendifolia-utterlyHeartbreaking__Two_Eagles.mp3,7,5846338,265.14,280.14,genre_38,Experimental,0.5853427648544312,genre_38|genre_12|genre_250,Experimental|Rock|Improv,genre_38|genre_12|genre_250|genre_17|genre_1235,Experimental|Rock|Improv|Folk|Instrumental
Folk__EntertainmentForTheBraindead-Roadkillaaahh.009__Relapse,E:\SCHOOL\Masters\Capstone_FMA_Project\data\external_audio_batch\Folk\Folk__EntertainmentForTheBraindead-Roadkillaaahh.009__Relapse.mp3,0,0,0.0,15.0,genre_17,Folk,0.42389124631881714,genre_17|genre_12|genre_38,Folk|Rock|Experimental,genre_17|genre_12|genre_38|genre_10|genre_103,Folk|Rock|Experimental|Pop|Singer-Songwriter
Folk__EntertainmentForTheBraindead-Roadkillaaahh.009__Relapse,E:\SCHOOL\Masters\Capstone_FMA_Project\data\external_audio_batch\Folk\Folk__EntertainmentForTheBraindead-Roadkillaaahh.009__Relapse.mp3,1,957785,43.44,58.44,genre_38,Experimental,0.4433315694332123,genre_38|genre_17|genre_12,Experimental|Folk|Rock,genre_38|genre_17|genre_12|genre_10|genre_27,Experimental|Folk|Rock|Pop|Lo-Fi
Folk__EntertainmentForTheBraindead-Roadkillaaahh.009__Relapse,E:\SCHOOL\Masters\Capstone_FMA_Project\data\external_audio_batch\Folk\Folk__EntertainmentForTheBraindead-Roadkillaaahh.009__Relapse.mp3,2,1915570,86.87,101.87,genre_38,Experimental,0.46485334634780884,genre_38|genre_12|genre_17,Experimental|Rock|Folk,genre_38|genre_12|genre_17|genre_27|genre_10,Experimental|Rock|Folk|Lo-Fi|Pop
Folk__EntertainmentForTheBraindead-Roadkillaaahh.009__Relapse,E:\SCHOOL\Masters\Capstone_FMA_Project\data\external_audio_batch\Folk\Folk__EntertainmentForTheBraindead-Roadkillaaahh.009__Relapse.mp3,3,2873356,130.31,145.31,genre_38,Experimental,0.4014030396938324,genre_38|genre_17|genre_12,Experimental|Folk|Rock,genre_38|genre_17|genre_12|genre_10|genre_27,Experimental|Folk|Rock|Pop|Lo-Fi
Folk__EntertainmentForTheBraindead-Roadkillaaahh.009__Relapse,E:\SCHOOL\Masters\Capstone_FMA_Project\data\external_audio_batch\Folk\Folk__EntertainmentForTheBraindead-Roadkillaaahh.009__Relapse.mp3,4,3831141,173.75,188.75,genre_38,Experimental,0.6110727190971375,genre_38|genre_12|genre_17,Experimental|Rock|Folk,genre_38|genre_12|genre_17|genre_1|genre_250,Experimental|Rock|Folk|Avant-Garde|Improv
Folk__EntertainmentForTheBraindead-Roadkillaaahh.009__Relapse,E:\SCHOOL\Masters\Capstone_FMA_Project\data\external_audio_batch\Folk\Folk__EntertainmentForTheBraindead-Roadkillaaahh.009__Relapse.mp3,5,4788927,217.18,232.18,genre_38,Experimental,0.5078356266021729,genre_38|genre_17|genre_12,Experimental|Folk|Rock,genre_38|genre_17|genre_12|genre_10|genre_15,Experimental|Folk|Rock|Pop|Electronic
Folk__EntertainmentForTheBraindead-Roadkillaaahh.009__Relapse,E:\SCHOOL\Masters\Capstone_FMA_Project\data\external_audio_batch\Folk\Folk__EntertainmentForTheBraindead-Roadkillaaahh.009__Relapse.mp3,6,5746712,260.62,275.62,genre_38,Experimental,0.5879322290420532,genre_38|genre_15|genre_17,Experimental|Electronic|Folk,genre_38|genre_15|genre_17|genre_1235|genre_12,Experimental|Electronic|Folk|Instrumental|Rock
Folk__EntertainmentForTheBraindead-Roadkillaaahh.009__Relapse,E:\SCHOOL\Masters\Capstone_FMA_Project\data\external_audio_batch\Folk\Folk__EntertainmentForTheBraindead-Roadkillaaahh.009__Relapse.mp3,7,6704498,304.06,319.06,genre_17,Folk,0.4561813175678253,genre_17|genre_38|genre_12,Folk|Experimental|Rock,genre_17|genre_38|genre_12|genre_10|genre_103,Folk|Experimental|Rock|Pop|Singer-Songwriter
Folk__lclcb05DelgarmaDerAndrafolkWorldChanson__LCLCB05_-_Delgarma_-_Der_Andra_-_05_-_You_can_stay,E:\SCHOOL\Masters\Capstone_FMA_Project\data\external_audio_batch\Folk\Folk__lclcb05DelgarmaDerAndrafolkWorldChanson__LCLCB05_-_Delgarma_-_Der_Andra_-_05_-_You_can_stay.mp3,0,0,0.0,15.0,genre_12,Rock,0.5415863990783691,genre_12|genre_17|genre_10,Rock|Folk|Pop,genre_12|genre_17|genre_10|genre_38|genre_103,Rock|Folk|Pop|Experimental|Singer-Songwriter
Folk__lclcb05DelgarmaDerAndrafolkWorldChanson__LCLCB05_-_Delgarma_-_Der_Andra_-_05_-_You_can_stay,E:\SCHOOL\Masters\Capstone_FMA_Project\data\external_audio_batch\Folk\Folk__lclcb05DelgarmaDerAndrafolkWorldChanson__LCLCB05_-_Delgarma_-_Der_Andra_-_05_-_You_can_stay.mp3,1,887680,40.26,55.26,genre_12,Rock,0.5553281903266907,genre_12|genre_17|genre_10,Rock|Folk|Pop,genre_12|genre_17|genre_10|genre_103|genre_66,Rock|Folk|Pop|Singer-Songwriter|Indie-Rock
Folk__lclcb05DelgarmaDerAndrafolkWorldChanson__LCLCB05_-_Delgarma_-_Der_Andra_-_05_-_You_can_stay,E:\SCHOOL\Masters\Capstone_FMA_Project\data\external_audio_batch\Folk\Folk__lclcb05DelgarmaDerAndrafolkWorldChanson__LCLCB05_-_Delgarma_-_Der_Andra_-_05_-_You_can_stay.mp3,2,1775360,80.52,95.52,genre_12,Rock,0.5192469954490662,genre_12|genre_38|genre_17,Rock|Experimental|Folk,genre_12|genre_38|genre_17|genre_15|genre_10,Rock|Experimental|Folk|Electronic|Pop
Folk__lclcb05DelgarmaDerAndrafolkWorldChanson__LCLCB05_-_Delgarma_-_Der_Andra_-_05_-_You_can_stay,E:\SCHOOL\Masters\Capstone_FMA_Project\data\external_audio_batch\Folk\Folk__lclcb05DelgarmaDerAndrafolkWorldChanson__LCLCB05_-_Delgarma_-_Der_Andra_-_05_-_You_can_stay.mp3,3,2663040,120.77,135.77,genre_17,Folk,0.5695018768310547,genre_17|genre_12|genre_103,Folk|Rock|Singer-Songwriter,genre_17|genre_12|genre_103|genre_10|genre_38,Folk|Rock|Singer-Songwriter|Pop|Experimental
Folk__lclcb05DelgarmaDerAndrafolkWorldChanson__LCLCB05_-_Delgarma_-_Der_Andra_-_05_-_You_can_stay,E:\SCHOOL\Masters\Capstone_FMA_Project\data\external_audio_batch\Folk\Folk__lclcb05DelgarmaDerAndrafolkWorldChanson__LCLCB05_-_Delgarma_-_Der_Andra_-_05_-_You_can_stay.mp3,4,3550721,161.03,176.03,genre_12,Rock,0.46655720472335815,genre_12|genre_38|genre_15,Rock|Experimental|Electronic,genre_12|genre_38|genre_15|genre_17|genre_10,Rock|Experimental|Electronic|Folk|Pop
Folk__lclcb05DelgarmaDerAndrafolkWorldChanson__LCLCB05_-_Delgarma_-_Der_Andra_-_05_-_You_can_stay,E:\SCHOOL\Masters\Capstone_FMA_Project\data\external_audio_batch\Folk\Folk__lclcb05DelgarmaDerAndrafolkWorldChanson__LCLCB05_-_Delgarma_-_Der_Andra_-_05_-_You_can_stay.mp3,5,4438401,201.29,216.29,genre_12,Rock,0.6248010993003845,genre_12|genre_38|genre_10,Rock|Experimental|Pop,genre_12|genre_38|genre_10|genre_17|genre_15,Rock|Experimental|Pop|Folk|Electronic
Folk__lclcb05DelgarmaDerAndrafolkWorldChanson__LCLCB05_-_Delgarma_-_Der_Andra_-_05_-_You_can_stay,E:\SCHOOL\Masters\Capstone_FMA_Project\data\external_audio_batch\Folk\Folk__lclcb05DelgarmaDerAndrafolkWorldChanson__LCLCB05_-_Delgarma_-_Der_Andra_-_05_-_You_can_stay.mp3,6,5326081,241.55,256.55,genre_17,Folk,0.4456973075866699,genre_17|genre_12|genre_103,Folk|Rock|Singer-Songwriter,genre_17|genre_12|genre_103|genre_10|genre_38,Folk|Rock|Singer-Songwriter|Pop|Experimental
Folk__lclcb05DelgarmaDerAndrafolkWorldChanson__LCLCB05_-_Delgarma_-_Der_Andra_-_05_-_You_can_stay,E:\SCHOOL\Masters\Capstone_FMA_Project\data\external_audio_batch\Folk\Folk__lclcb05DelgarmaDerAndrafolkWorldChanson__LCLCB05_-_Delgarma_-_Der_Andra_-_05_-_You_can_stay.mp3,7,6213762,281.8,296.8,genre_38,Experimental,0.551898717880249,genre_38|genre_12|genre_15,Experimental|Rock|Electronic,genre_38|genre_12|genre_15|genre_1235|genre_250,Experimental|Rock|Electronic|Instrumental|Improv
Folk__pm007__The_Treeplanting_Song,E:\SCHOOL\Masters\Capstone_FMA_Project\data\external_audio_batch\Folk\Folk__pm007__The_Treeplanting_Song.mp3,0,0,0.0,15.0,genre_17,Folk,0.49218904972076416,genre_17|genre_38|genre_12,Folk|Experimental|Rock,genre_17|genre_38|genre_12|genre_250|genre_103,Folk|Experimental|Rock|Improv|Singer-Songwriter
Folk__pm007__The_Treeplanting_Song,E:\SCHOOL\Masters\Capstone_FMA_Project\data\external_audio_batch\Folk\Folk__pm007__The_Treeplanting_Song.mp3,1,943818,42.8,57.8,genre_12,Rock,0.3790598213672638,genre_12|genre_38|genre_17,Rock|Experimental|Folk,genre_12|genre_38|genre_17|genre_10|genre_25,Rock|Experimental|Folk|Pop|Punk
Folk__pm007__The_Treeplanting_Song,E:\SCHOOL\Masters\Capstone_FMA_Project\data\external_audio_batch\Folk\Folk__pm007__The_Treeplanting_Song.mp3,2,1887637,85.61,100.61,genre_12,Rock,0.5101911425590515,genre_12|genre_38|genre_17,Rock|Experimental|Folk,genre_12|genre_38|genre_17|genre_10|genre_25,Rock|Experimental|Folk|Pop|Punk
Folk__pm007__The_Treeplanting_Song,E:\SCHOOL\Masters\Capstone_FMA_Project\data\external_audio_batch\Folk\Folk__pm007__The_Treeplanting_Song.mp3,3,2831456,128.41,143.41,genre_12,Rock,0.46082910895347595,genre_12|genre_38|genre_17,Rock|Experimental|Folk,genre_12|genre_38|genre_17|genre_10|genre_25,Rock|Experimental|Folk|Pop|Punk
Folk__pm007__The_Treeplanting_Song,E:\SCHOOL\Masters\Capstone_FMA_Project\data\external_audio_batch\Folk\Folk__pm007__The_Treeplanting_Song.mp3,4,3775274,171.21,186.21,genre_12,Rock,0.43688684701919556,genre_12|genre_38|genre_17,Rock|Experimental|Folk,genre_12|genre_38|genre_17|genre_10|genre_25,Rock|Experimental|Folk|Pop|Punk
Folk__pm007__The_Treeplanting_Song,E:\SCHOOL\Masters\Capstone_FMA_Project\data\external_audio_batch\Folk\Folk__pm007__The_Treeplanting_Song.mp3,5,4719093,214.02,229.02,genre_38,Experimental,0.40153658390045166,genre_38|genre_12|genre_17,Experimental|Rock|Folk,genre_38|genre_12|genre_17|genre_10|genre_1,Experimental|Rock|Folk|Pop|Avant-Garde
Folk__pm007__The_Treeplanting_Song,E:\SCHOOL\Masters\Capstone_FMA_Project\data\external_audio_batch\Folk\Folk__pm007__The_Treeplanting_Song.mp3,6,5662912,256.82,271.82,genre_12,Rock,0.5579219460487366,genre_12|genre_38|genre_17,Rock|Experimental|Folk,genre_12|genre_38|genre_17|genre_10|genre_25,Rock|Experimental|Folk|Pop|Punk
Folk__pm007__The_Treeplanting_Song,E:\SCHOOL\Masters\Capstone_FMA_Project\data\external_audio_batch\Folk\Folk__pm007__The_Treeplanting_Song.mp3,7,6606731,299.62,314.62,genre_38,Experimental,0.5237467288970947,genre_38|genre_15|genre_12,Experimental|Electronic|Rock,genre_38|genre_15|genre_12|genre_1235|genre_250,Experimental|Electronic|Rock|Instrumental|Improv
Folk__pantoufle_tagada__I_Hope_You_re_Happy_With_Me,E:\SCHOOL\Masters\Capstone_FMA_Project\data\external_audio_batch\Folk\Folk__pantoufle_tagada__I_Hope_You_re_Happy_With_Me.mp3,0,0,0.0,15.0,genre_15,Electronic,0.6018829345703125,genre_15|genre_38|genre_12,Electronic|Experimental|Rock,genre_15|genre_38|genre_12|genre_10|genre_1235,Electronic|Experimental|Rock|Pop|Instrumental
Folk__pantoufle_tagada__I_Hope_You_re_Happy_With_Me,E:\SCHOOL\Masters\Capstone_FMA_Project\data\external_audio_batch\Folk\Folk__pantoufle_tagada__I_Hope_You_re_Happy_With_Me.mp3,1,1123511,50.95,65.95,genre_15,Electronic,0.8295283913612366,genre_15|genre_38|genre_21,Electronic|Experimental|Hip-Hop,genre_15|genre_38|genre_21|genre_1235|genre_10,Electronic|Experimental|Hip-Hop|Instrumental|Pop
Folk__pantoufle_tagada__I_Hope_You_re_Happy_With_Me,E:\SCHOOL\Masters\Capstone_FMA_Project\data\external_audio_batch\Folk\Folk__pantoufle_tagada__I_Hope_You_re_Happy_With_Me.mp3,2,2247022,101.91,116.91,genre_15,Electronic,0.8730604648590088,genre_15|genre_21|genre_1235,Electronic|Hip-Hop|Instrumental,genre_15|genre_21|genre_1235|genre_38|genre_10,Electronic|Hip-Hop|Instrumental|Experimental|Pop
Folk__pantoufle_tagada__I_Hope_You_re_Happy_With_Me,E:\SCHOOL\Masters\Capstone_FMA_Project\data\external_audio_batch\Folk\Folk__pantoufle_tagada__I_Hope_You_re_Happy_With_Me.mp3,3,3370533,152.86,167.86,genre_15,Electronic,0.7711894512176514,genre_15|genre_21|genre_38,Electronic|Hip-Hop|Experimental,genre_15|genre_21|genre_38|genre_1235|genre_10,Electronic|Hip-Hop|Experimental|Instrumental|Pop
Folk__pantoufle_tagada__I_Hope_You_re_Happy_With_Me,E:\SCHOOL\Masters\Capstone_FMA_Project\data\external_audio_batch\Folk\Folk__pantoufle_tagada__I_Hope_You_re_Happy_With_Me.mp3,4,4494044,203.81,218.81,genre_15,Electronic,0.7709142565727234,genre_15|genre_10|genre_21,Electronic|Pop|Hip-Hop,genre_15|genre_10|genre_21|genre_1235|genre_38,Electronic|Pop|Hip-Hop|Instrumental|Experimental
Folk__pantoufle_tagada__I_Hope_You_re_Happy_With_Me,E:\SCHOOL\Masters\Capstone_FMA_Project\data\external_audio_batch\Folk\Folk__pantoufle_tagada__I_Hope_You_re_Happy_With_Me.mp3,5,5617555,254.76,269.76,genre_15,Electronic,0.5849366784095764,genre_15|genre_38|genre_10,Electronic|Experimental|Pop,genre_15|genre_38|genre_10|genre_12|genre_1235,Electronic|Experimental|Pop|Rock|Instrumental
Folk__pantoufle_tagada__I_Hope_You_re_Happy_With_Me,E:\SCHOOL\Masters\Capstone_FMA_Project\data\external_audio_batch\Folk\Folk__pantoufle_tagada__I_Hope_You_re_Happy_With_Me.mp3,6,6741066,305.72,320.72,genre_15,Electronic,0.6467914581298828,genre_15|genre_38|genre_12,Electronic|Experimental|Rock,genre_15|genre_38|genre_12|genre_21|genre_10,Electronic|Experimental|Rock|Hip-Hop|Pop
Folk__pantoufle_tagada__I_Hope_You_re_Happy_With_Me,E:\SCHOOL\Masters\Capstone_FMA_Project\data\external_audio_batch\Folk\Folk__pantoufle_tagada__I_Hope_You_re_Happy_With_Me.mp3,7,7864578,356.67,371.67,genre_38,Experimental,0.4924400746822357,genre_38|genre_15|genre_12,Experimental|Electronic|Rock,genre_38|genre_15|genre_12|genre_21|genre_10,Experimental|Electronic|Rock|Hip-Hop|Pop
Folk__DDW001__02_-_Built_From_Sticks_-_Here_comes_the_circus,E:\SCHOOL\Masters\Capstone_FMA_Project\data\external_audio_batch\Folk\Folk__DDW001__02_-_Built_From_Sticks_-_Here_comes_the_circus.flac,0,0,0.0,15.0,genre_17,Folk,0.5335491895675659,genre_17|genre_12|genre_38,Folk|Rock|Experimental,genre_17|genre_12|genre_38|genre_103|genre_10,Folk|Rock|Experimental|Singer-Songwriter|Pop
Folk__DDW001__02_-_Built_From_Sticks_-_Here_comes_the_circus,E:\SCHOOL\Masters\Capstone_FMA_Project\data\external_audio_batch\Folk\Folk__DDW001__02_-_Built_From_Sticks_-_Here_comes_the_circus.flac,1,534623,24.25,39.25,genre_17,Folk,0.6622635126113892,genre_17|genre_103|genre_12,Folk|Singer-Songwriter|Rock,genre_17|genre_103|genre_12|genre_38|genre_10,Folk|Singer-Songwriter|Rock|Experimental|Pop
Folk__DDW001__02_-_Built_From_Sticks_-_Here_comes_the_circus,E:\SCHOOL\Masters\Capstone_FMA_Project\data\external_audio_batch\Folk\Folk__DDW001__02_-_Built_From_Sticks_-_Here_comes_the_circus.flac,2,1069247,48.49,63.49,genre_17,Folk,0.6622846722602844,genre_17|genre_103|genre_12,Folk|Singer-Songwriter|Rock,genre_17|genre_103|genre_12|genre_10|genre_38,Folk|Singer-Songwriter|Rock|Pop|Experimental
Folk__DDW001__02_-_Built_From_Sticks_-_Here_comes_the_circus,E:\SCHOOL\Masters\Capstone_FMA_Project\data\external_audio_batch\Folk\Folk__DDW001__02_-_Built_From_Sticks_-_Here_comes_the_circus.flac,3,1603871,72.74,87.74,genre_17,Folk,0.6017301082611084,genre_17|genre_12|genre_103,Folk|Rock|Singer-Songwriter,genre_17|genre_12|genre_103|genre_10|genre_38,Folk|Rock|Singer-Songwriter|Pop|Experimental
Folk__DDW001__02_-_Built_From_Sticks_-_Here_comes_the_circus,E:\SCHOOL\Masters\Capstone_FMA_Project\data\external_audio_batch\Folk\Folk__DDW001__02_-_Built_From_Sticks_-_Here_comes_the_circus.flac,4,2138494,96.98,111.98,genre_17,Folk,0.5819003582000732,genre_17|genre_12|genre_103,Folk|Rock|Singer-Songwriter,genre_17|genre_12|genre_103|genre_10|genre_38,Folk|Rock|Singer-Songwriter|Pop|Experimental
Folk__DDW001__02_-_Built_From_Sticks_-_Here_comes_the_circus,E:\SCHOOL\Masters\Capstone_FMA_Project\data\external_audio_batch\Folk\Folk__DDW001__02_-_Built_From_Sticks_-_Here_comes_the_circus.flac,5,2673118,121.23,136.23,genre_17,Folk,0.5180621147155762,genre_17|genre_38|genre_12,Folk|Experimental|Rock,genre_17|genre_38|genre_12|genre_103|genre_10,Folk|Experimental|Rock|Singer-Songwriter|Pop
Folk__DDW001__02_-_Built_From_Sticks_-_Here_comes_the_circus,E:\SCHOOL\Masters\Capstone_FMA_Project\data\external_audio_batch\Folk\Folk__DDW001__02_-_Built_From_Sticks_-_Here_comes_the_circus.flac,6,3207742,145.48,160.48,genre_17,Folk,0.5149132013320923,genre_17|genre_38|genre_103,Folk|Experimental|Singer-Songwriter,genre_17|genre_38|genre_103|genre_12|genre_10,Folk|Experimental|Singer-Songwriter|Rock|Pop
Folk__DDW001__02_-_Built_From_Sticks_-_Here_comes_the_circus,E:\SCHOOL\Masters\Capstone_FMA_Project\data\external_audio_batch\Folk\Folk__DDW001__02_-_Built_From_Sticks_-_Here_comes_the_circus.flac,7,3742366,169.72,184.72,genre_38,Experimental,0.5422998666763306,genre_38|genre_1235|genre_15,Experimental|Instrumental|Electronic,genre_38|genre_1235|genre_15|genre_5|genre_17,Experimental|Instrumental|Electronic|Classical|Folk
Folk__ca201_meg__My_Orchard_Fire,E:\SCHOOL\Masters\Capstone_FMA_Project\data\external_audio_batch\Folk\Folk__ca201_meg__My_Orchard_Fire.mp3,0,0,0.0,15.0,genre_17,Folk,0.6007132530212402,genre_17|genre_38|genre_103,Folk|Experimental|Singer-Songwriter,genre_17|genre_38|genre_103|genre_12|genre_10,Folk|Experimental|Singer-Songwriter|Rock|Pop
Folk__ca201_meg__My_Orchard_Fire,E:\SCHOOL\Masters\Capstone_FMA_Project\data\external_audio_batch\Folk\Folk__ca201_meg__My_Orchard_Fire.mp3,1,907428,41.15,56.15,genre_17,Folk,0.5983814001083374,genre_17|genre_103|genre_12,Folk|Singer-Songwriter|Rock,genre_17|genre_103|genre_12|genre_38|genre_10,Folk|Singer-Songwriter|Rock|Experimental|Pop
Folk__ca201_meg__My_Orchard_Fire,E:\SCHOOL\Masters\Capstone_FMA_Project\data\external_audio_batch\Folk\Folk__ca201_meg__My_Orchard_Fire.mp3,2,1814857,82.31,97.31,genre_17,Folk,0.6413753032684326,genre_17|genre_103|genre_38,Folk|Singer-Songwriter|Experimental,genre_17|genre_103|genre_38|genre_12|genre_10,Folk|Singer-Songwriter|Experimental|Rock|Pop
Folk__ca201_meg__My_Orchard_Fire,E:\SCHOOL\Masters\Capstone_FMA_Project\data\external_audio_batch\Folk\Folk__ca201_meg__My_Orchard_Fire.mp3,3,2722286,123.46,138.46,genre_17,Folk,0.5942917466163635,genre_17|genre_103|genre_38,Folk|Singer-Songwriter|Experimental,genre_17|genre_103|genre_38|genre_12|genre_10,Folk|Singer-Songwriter|Experimental|Rock|Pop
Folk__ca201_meg__My_Orchard_Fire,E:\SCHOOL\Masters\Capstone_FMA_Project\data\external_audio_batch\Folk\Folk__ca201_meg__My_Orchard_Fire.mp3,4,3629715,164.61,179.61,genre_17,Folk,0.6477444171905518,genre_17|genre_103|genre_38,Folk|Singer-Songwriter|Experimental,genre_17|genre_103|genre_38|genre_12|genre_10,Folk|Singer-Songwriter|Experimental|Rock|Pop
Folk__ca201_meg__My_Orchard_Fire,E:\SCHOOL\Masters\Capstone_FMA_Project\data\external_audio_batch\Folk\Folk__ca201_meg__My_Orchard_Fire.mp3,5,4537144,205.77,220.77,genre_17,Folk,0.6006686687469482,genre_17|genre_103|genre_38,Folk|Singer-Songwriter|Experimental,genre_17|genre_103|genre_38|genre_10|genre_12,Folk|Singer-Songwriter|Experimental|Pop|Rock
Folk__ca201_meg__My_Orchard_Fire,E:\SCHOOL\Masters\Capstone_FMA_Project\data\external_audio_batch\Folk\Folk__ca201_meg__My_Orchard_Fire.mp3,6,5444573,246.92,261.92,genre_17,Folk,0.5584948658943176,genre_17|genre_38|genre_103,Folk|Experimental|Singer-Songwriter,genre_17|genre_38|genre_103|genre_10|genre_12,Folk|Experimental|Singer-Songwriter|Pop|Rock
Folk__ca201_meg__My_Orchard_Fire,E:\SCHOOL\Masters\Capstone_FMA_Project\data\external_audio_batch\Folk\Folk__ca201_meg__My_Orchard_Fire.mp3,7,6352002,288.07,303.07,genre_17,Folk,0.4610457420349121,genre_17|genre_38|genre_12,Folk|Experimental|Rock,genre_17|genre_38|genre_12|genre_103|genre_10,Folk|Experimental|Rock|Singer-Songwriter|Pop
Folk__ekleipsi23__system_1,E:\SCHOOL\Masters\Capstone_FMA_Project\data\external_audio_batch\Folk\Folk__ekleipsi23__system_1.mp3,0,0,0.0,15.0,genre_38,Experimental,0.6505526304244995,genre_38|genre_12|genre_15,Experimental|Rock|Electronic,genre_38|genre_12|genre_15|genre_17|genre_1235,Experimental|Rock|Electronic|Folk|Instrumental
Folk__ekleipsi23__system_1,E:\SCHOOL\Masters\Capstone_FMA_Project\data\external_audio_batch\Folk\Folk__ekleipsi23__system_1.mp3,1,931785,42.26,57.26,genre_38,Experimental,0.5730602741241455,genre_38|genre_15|genre_12,Experimental|Electronic|Rock,genre_38|genre_15|genre_12|genre_1235|genre_41,Experimental|Electronic|Rock|Instrumental|Electroacoustic
Folk__ekleipsi23__system_1,E:\SCHOOL\Masters\Capstone_FMA_Project\data\external_audio_batch\Folk\Folk__ekleipsi23__system_1.mp3,2,1863570,84.52,99.52,genre_38,Experimental,0.5340843200683594,genre_38|genre_15|genre_12,Experimental|Electronic|Rock,genre_38|genre_15|genre_12|genre_10|genre_21,Experimental|Electronic|Rock|Pop|Hip-Hop
Folk__ekleipsi23__system_1,E:\SCHOOL\Masters\Capstone_FMA_Project\data\external_audio_batch\Folk\Folk__ekleipsi23__system_1.mp3,3,2795356,126.77,141.77,genre_38,Experimental,0.49212175607681274,genre_38|genre_15|genre_12,Experimental|Electronic|Rock,genre_38|genre_15|genre_12|genre_10|genre_1235,Experimental|Electronic|Rock|Pop|Instrumental
Folk__ekleipsi23__system_1,E:\SCHOOL\Masters\Capstone_FMA_Project\data\external_audio_batch\Folk\Folk__ekleipsi23__system_1.mp3,4,3727141,169.03,184.03,genre_38,Experimental,0.5760111808776855,genre_38|genre_15|genre_12,Experimental|Electronic|Rock,genre_38|genre_15|genre_12|genre_10|genre_41,Experimental|Electronic|Rock|Pop|Electroacoustic
Folk__ekleipsi23__system_1,E:\SCHOOL\Masters\Capstone_FMA_Project\data\external_audio_batch\Folk\Folk__ekleipsi23__system_1.mp3,5,4658927,211.29,226.29,genre_38,Experimental,0.5062707662582397,genre_38|genre_15|genre_12,Experimental|Electronic|Rock,genre_38|genre_15|genre_12|genre_21|genre_10,Experimental|Electronic|Rock|Hip-Hop|Pop
Folk__ekleipsi23__system_1,E:\SCHOOL\Masters\Capstone_FMA_Project\data\external_audio_batch\Folk\Folk__ekleipsi23__system_1.mp3,6,5590712,253.55,268.55,genre_38,Experimental,0.5651382207870483,genre_38|genre_12|genre_15,Experimental|Rock|Electronic,genre_38|genre_12|genre_15|genre_10|genre_32,Experimental|Rock|Electronic|Pop|Noise
Folk__ekleipsi23__system_1,E:\SCHOOL\Masters\Capstone_FMA_Project\data\external_audio_batch\Folk\Folk__ekleipsi23__system_1.mp3,7,6522498,295.8,310.8,genre_38,Experimental,0.5471596121788025,genre_38|genre_12|genre_15,Experimental|Rock|Electronic,genre_38|genre_12|genre_15|genre_1235|genre_32,Experimental|Rock|Electronic|Instrumental|Noise
Hip-Hop__DWK123__Soul_Key,E:\SCHOOL\Masters\Capstone_FMA_Project\data\external_audio_batch\Hip-Hop\Hip-Hop__DWK123__Soul_Key.mp3,0,0,0.0,15.0,genre_38,Experimental,0.6202563643455505,genre_38|genre_17|genre_20,Experimental|Folk|Spoken,genre_38|genre_17|genre_20|genre_12|genre_1,Experimental|Folk|Spoken|Rock|Avant-Garde
Hip-Hop__DWK123__Soul_Key,E:\SCHOOL\Masters\Capstone_FMA_Project\data\external_audio_batch\Hip-Hop\Hip-Hop__DWK123__Soul_Key.mp3,1,909486,41.25,56.25,genre_21,Hip-Hop,0.47494450211524963,genre_21|genre_15|genre_12,Hip-Hop|Electronic|Rock,genre_21|genre_15|genre_12|genre_10|genre_38,Hip-Hop|Electronic|Rock|Pop|Experimental
Hip-Hop__DWK123__Soul_Key,E:\SCHOOL\Masters\Capstone_FMA_Project\data\external_audio_batch\Hip-Hop\Hip-Hop__DWK123__Soul_Key.mp3,2,1818972,82.49,97.49,genre_21,Hip-Hop,0.47134873270988464,genre_21|genre_15|genre_12,Hip-Hop|Electronic|Rock,genre_21|genre_15|genre_12|genre_38|genre_10,Hip-Hop|Electronic|Rock|Experimental|Pop
Hip-Hop__DWK123__Soul_Key,E:\SCHOOL\Masters\Capstone_FMA_Project\data\external_audio_batch\Hip-Hop\Hip-Hop__DWK123__Soul_Key.mp3,3,2728458,123.74,138.74,genre_21,Hip-Hop,0.44294604659080505,genre_21|genre_15|genre_12,Hip-Hop|Electronic|Rock,genre_21|genre_15|genre_12|genre_38|genre_10,Hip-Hop|Electronic|Rock|Experimental|Pop
Hip-Hop__DWK123__Soul_Key,E:\SCHOOL\Masters\Capstone_FMA_Project\data\external_audio_batch\Hip-Hop\Hip-Hop__DWK123__Soul_Key.mp3,4,3637944,164.99,179.99,genre_21,Hip-Hop,0.4605410397052765,genre_21|genre_15|genre_12,Hip-Hop|Electronic|Rock,genre_21|genre_15|genre_12|genre_38|genre_10,Hip-Hop|Electronic|Rock|Experimental|Pop
Hip-Hop__DWK123__Soul_Key,E:\SCHOOL\Masters\Capstone_FMA_Project\data\external_audio_batch\Hip-Hop\Hip-Hop__DWK123__Soul_Key.mp3,5,4547430,206.23,221.23,genre_21,Hip-Hop,0.48089399933815,genre_21|genre_15|genre_12,Hip-Hop|Electronic|Rock,genre_21|genre_15|genre_12|genre_10|genre_38,Hip-Hop|Electronic|Rock|Pop|Experimental
Hip-Hop__DWK123__Soul_Key,E:\SCHOOL\Masters\Capstone_FMA_Project\data\external_audio_batch\Hip-Hop\Hip-Hop__DWK123__Soul_Key.mp3,6,5456916,247.48,262.48,genre_21,Hip-Hop,0.38025331497192383,genre_21|genre_12|genre_15,Hip-Hop|Rock|Electronic,genre_21|genre_12|genre_15|genre_10|genre_38,Hip-Hop|Rock|Electronic|Pop|Experimental
Hip-Hop__DWK123__Soul_Key,E:\SCHOOL\Masters\Capstone_FMA_Project\data\external_audio_batch\Hip-Hop\Hip-Hop__DWK123__Soul_Key.mp3,7,6366402,288.73,303.73,genre_38,Experimental,0.33463239669799805,genre_38|genre_12|genre_15,Experimental|Rock|Electronic,genre_38|genre_12|genre_15|genre_21|genre_2,Experimental|Rock|Electronic|Hip-Hop|International
Hip-Hop__DWK031__Aydio_-_01_-_Track,E:\SCHOOL\Masters\Capstone_FMA_Project\data\external_audio_batch\Hip-Hop\Hip-Hop__DWK031__Aydio_-_01_-_Track.mp3,0,0,0.0,15.0,genre_38,Experimental,0.7807530760765076,genre_38|genre_15|genre_1235,Experimental|Electronic|Instrumental,genre_38|genre_15|genre_1235|genre_107|genre_32,Experimental|Electronic|Instrumental|Ambient|Noise
Hip-Hop__DWK031__Aydio_-_01_-_Track,E:\SCHOOL\Masters\Capstone_FMA_Project\data\external_audio_batch\Hip-Hop\Hip-Hop__DWK031__Aydio_-_01_-_Track.mp3,1,1086894,49.29,64.29,genre_38,Experimental,0.6282165050506592,genre_38|genre_15|genre_1235,Experimental|Electronic|Instrumental,genre_38|genre_15|genre_1235|genre_12|genre_107,Experimental|Electronic|Instrumental|Rock|Ambient
Hip-Hop__DWK031__Aydio_-_01_-_Track,E:\SCHOOL\Masters\Capstone_FMA_Project\data\external_audio_batch\Hip-Hop\Hip-Hop__DWK031__Aydio_-_01_-_Track.mp3,2,2173788,98.58,113.58,genre_15,Electronic,0.5063778162002563,genre_15|genre_38|genre_12,Electronic|Experimental|Rock,genre_15|genre_38|genre_12|genre_10|genre_1235,Electronic|Experimental|Rock|Pop|Instrumental
Hip-Hop__DWK031__Aydio_-_01_-_Track,E:\SCHOOL\Masters\Capstone_FMA_Project\data\external_audio_batch\Hip-Hop\Hip-Hop__DWK031__Aydio_-_01_-_Track.mp3,3,3260682,147.88,162.88,genre_38,Experimental,0.5643622875213623,genre_38|genre_15|genre_1235,Experimental|Electronic|Instrumental,genre_38|genre_15|genre_1235|genre_12|genre_17,Experimental|Electronic|Instrumental|Rock|Folk
Hip-Hop__DWK031__Aydio_-_01_-_Track,E:\SCHOOL\Masters\Capstone_FMA_Project\data\external_audio_batch\Hip-Hop\Hip-Hop__DWK031__Aydio_-_01_-_Track.mp3,4,4347576,197.17,212.17,genre_38,Experimental,0.5818342566490173,genre_38|genre_15|genre_1235,Experimental|Electronic|Instrumental,genre_38|genre_15|genre_1235|genre_12|genre_107,Experimental|Electronic|Instrumental|Rock|Ambient
Hip-Hop__DWK031__Aydio_-_01_-_Track,E:\SCHOOL\Masters\Capstone_FMA_Project\data\external_audio_batch\Hip-Hop\Hip-Hop__DWK031__Aydio_-_01_-_Track.mp3,5,5434470,246.46,261.46,genre_15,Electronic,0.4485383629798889,genre_15|genre_38|genre_12,Electronic|Experimental|Rock,genre_15|genre_38|genre_12|genre_10|genre_76,Electronic|Experimental|Rock|Pop|Experimental Pop
Hip-Hop__DWK031__Aydio_-_01_-_Track,E:\SCHOOL\Masters\Capstone_FMA_Project\data\external_audio_batch\Hip-Hop\Hip-Hop__DWK031__Aydio_-_01_-_Track.mp3,6,6521364,295.75,310.75,genre_15,Electronic,0.5326879024505615,genre_15|genre_38|genre_12,Electronic|Experimental|Rock,genre_15|genre_38|genre_12|genre_10|genre_1235,Electronic|Experimental|Rock|Pop|Instrumental
Hip-Hop__DWK031__Aydio_-_01_-_Track,E:\SCHOOL\Masters\Capstone_FMA_Project\data\external_audio_batch\Hip-Hop\Hip-Hop__DWK031__Aydio_-_01_-_Track.mp3,7,7608258,345.05,360.05,genre_38,Experimental,0.6218768358230591,genre_38|genre_12|genre_15,Experimental|Rock|Electronic,genre_38|genre_12|genre_15|genre_250|genre_1,Experimental|Rock|Electronic|Improv|Avant-Garde
Hip-Hop__dystopiaq029__Times_re_Changin,E:\SCHOOL\Masters\Capstone_FMA_Project\data\external_audio_batch\Hip-Hop\Hip-Hop__dystopiaq029__Times_re_Changin.mp3,0,0,0.0,15.0,genre_38,Experimental,0.7698121070861816,genre_38|genre_1|genre_17,Experimental|Avant-Garde|Folk,genre_38|genre_1|genre_17|genre_20|genre_250,Experimental|Avant-Garde|Folk|Spoken|Improv
Hip-Hop__dystopiaq029__Times_re_Changin,E:\SCHOOL\Masters\Capstone_FMA_Project\data\external_audio_batch\Hip-Hop\Hip-Hop__dystopiaq029__Times_re_Changin.mp3,1,890395,40.38,55.38,genre_15,Electronic,0.691726565361023,genre_15|genre_21|genre_12,Electronic|Hip-Hop|Rock,genre_15|genre_21|genre_12|genre_38|genre_10,Electronic|Hip-Hop|Rock|Experimental|Pop
Hip-Hop__dystopiaq029__Times_re_Changin,E:\SCHOOL\Masters\Capstone_FMA_Project\data\external_audio_batch\Hip-Hop\Hip-Hop__dystopiaq029__Times_re_Changin.mp3,2,1780791,80.76,95.76,genre_21,Hip-Hop,0.48823705315589905,genre_21|genre_15|genre_38,Hip-Hop|Electronic|Experimental,genre_21|genre_15|genre_38|genre_12|genre_10,Hip-Hop|Electronic|Experimental|Rock|Pop
Hip-Hop__dystopiaq029__Times_re_Changin,E:\SCHOOL\Masters\Capstone_FMA_Project\data\external_audio_batch\Hip-Hop\Hip-Hop__dystopiaq029__Times_re_Changin.mp3,3,2671187,121.14,136.14,genre_15,Electronic,0.5039348602294922,genre_15|genre_38|genre_21,Electronic|Experimental|Hip-Hop,genre_15|genre_38|genre_21|genre_12|genre_10,Electronic|Experimental|Hip-Hop|Rock|Pop
Hip-Hop__dystopiaq029__Times_re_Changin,E:\SCHOOL\Masters\Capstone_FMA_Project\data\external_audio_batch\Hip-Hop\Hip-Hop__dystopiaq029__Times_re_Changin.mp3,4,3561582,161.52,176.52,genre_15,Electronic,0.7053514719009399,genre_15|genre_21|genre_38,Electronic|Hip-Hop|Experimental,genre_15|genre_21|genre_38|genre_12|genre_10,Electronic|Hip-Hop|Experimental|Rock|Pop
Hip-Hop__dystopiaq029__Times_re_Changin,E:\SCHOOL\Masters\Capstone_FMA_Project\data\external_audio_batch\Hip-Hop\Hip-Hop__dystopiaq029__Times_re_Changin.mp3,5,4451978,201.9,216.9,genre_15,Electronic,0.7481167316436768,genre_15|genre_21|genre_38,Electronic|Hip-Hop|Experimental,genre_15|genre_21|genre_38|genre_12|genre_10,Electronic|Hip-Hop|Experimental|Rock|Pop
Hip-Hop__dystopiaq029__Times_re_Changin,E:\SCHOOL\Masters\Capstone_FMA_Project\data\external_audio_batch\Hip-Hop\Hip-Hop__dystopiaq029__Times_re_Changin.mp3,6,5342374,242.28,257.28,genre_38,Experimental,0.6388144493103027,genre_38|genre_15|genre_12,Experimental|Electronic|Rock,genre_38|genre_15|genre_12|genre_21|genre_1,Experimental|Electronic|Rock|Hip-Hop|Avant-Garde
Hip-Hop__dystopiaq029__Times_re_Changin,E:\SCHOOL\Masters\Capstone_FMA_Project\data\external_audio_batch\Hip-Hop\Hip-Hop__dystopiaq029__Times_re_Changin.mp3,7,6232770,282.67,297.67,genre_38,Experimental,0.6208254098892212,genre_38|genre_12|genre_15,Experimental|Rock|Electronic,genre_38|genre_12|genre_15|genre_250|genre_1,Experimental|Rock|Electronic|Improv|Avant-Garde
Hip-Hop__DWK149__Boogieman_Penthouse,E:\SCHOOL\Masters\Capstone_FMA_Project\data\external_audio_batch\Hip-Hop\Hip-Hop__DWK149__Boogieman_Penthouse.mp3,0,0,0.0,15.0,genre_38,Experimental,0.616735577583313,genre_38|genre_12|genre_1,Experimental|Rock|Avant-Garde,genre_38|genre_12|genre_1|genre_250|genre_17,Experimental|Rock|Avant-Garde|Improv|Folk
Hip-Hop__DWK149__Boogieman_Penthouse,E:\SCHOOL\Masters\Capstone_FMA_Project\data\external_audio_batch\Hip-Hop\Hip-Hop__DWK149__Boogieman_Penthouse.mp3,1,1123675,50.96,65.96,genre_12,Rock,0.5418460369110107,genre_12|genre_15|genre_38,Rock|Electronic|Experimental,genre_12|genre_15|genre_38|genre_10|genre_21,Rock|Electronic|Experimental|Pop|Hip-Hop
Hip-Hop__DWK149__Boogieman_Penthouse,E:\SCHOOL\Masters\Capstone_FMA_Project\data\external_audio_batch\Hip-Hop\Hip-Hop__DWK149__Boogieman_Penthouse.mp3,2,2247351,101.92,116.92,genre_38,Experimental,0.528220534324646,genre_38|genre_15|genre_12,Experimental|Electronic|Rock,genre_38|genre_15|genre_12|genre_21|genre_10,Experimental|Electronic|Rock|Hip-Hop|Pop
Hip-Hop__DWK149__Boogieman_Penthouse,E:\SCHOOL\Masters\Capstone_FMA_Project\data\external_audio_batch\Hip-Hop\Hip-Hop__DWK149__Boogieman_Penthouse.mp3,3,3371027,152.88,167.88,genre_12,Rock,0.37814444303512573,genre_12|genre_15|genre_38,Rock|Electronic|Experimental,genre_12|genre_15|genre_38|genre_10|genre_21,Rock|Electronic|Experimental|Pop|Hip-Hop
Hip-Hop__DWK149__Boogieman_Penthouse,E:\SCHOOL\Masters\Capstone_FMA_Project\data\external_audio_batch\Hip-Hop\Hip-Hop__DWK149__Boogieman_Penthouse.mp3,4,4494702,203.84,218.84,genre_38,Experimental,0.5705227851867676,genre_38|genre_15|genre_12,Experimental|Electronic|Rock,genre_38|genre_15|genre_12|genre_21|genre_10,Experimental|Electronic|Rock|Hip-Hop|Pop
Hip-Hop__DWK149__Boogieman_Penthouse,E:\SCHOOL\Masters\Capstone_FMA_Project\data\external_audio_batch\Hip-Hop\Hip-Hop__DWK149__Boogieman_Penthouse.mp3,5,5618378,254.8,269.8,genre_38,Experimental,0.4986213147640228,genre_38|genre_15|genre_12,Experimental|Electronic|Rock,genre_38|genre_15|genre_12|genre_21|genre_10,Experimental|Electronic|Rock|Hip-Hop|Pop
Hip-Hop__DWK149__Boogieman_Penthouse,E:\SCHOOL\Masters\Capstone_FMA_Project\data\external_audio_batch\Hip-Hop\Hip-Hop__DWK149__Boogieman_Penthouse.mp3,6,6742054,305.76,320.76,genre_12,Rock,0.5575470924377441,genre_12|genre_38|genre_10,Rock|Experimental|Pop,genre_12|genre_38|genre_10|genre_25|genre_15,Rock|Experimental|Pop|Punk|Electronic
Hip-Hop__DWK149__Boogieman_Penthouse,E:\SCHOOL\Masters\Capstone_FMA_Project\data\external_audio_batch\Hip-Hop\Hip-Hop__DWK149__Boogieman_Penthouse.mp3,7,7865730,356.72,371.72,genre_15,Electronic,0.5974503755569458,genre_15|genre_38|genre_21,Electronic|Experimental|Hip-Hop,genre_15|genre_38|genre_21|genre_12|genre_10,Electronic|Experimental|Hip-Hop|Rock|Pop
Hip-Hop__mia049__lifelong_fiction,E:\SCHOOL\Masters\Capstone_FMA_Project\data\external_audio_batch\Hip-Hop\Hip-Hop__mia049__lifelong_fiction.mp3,0,0,0.0,15.0,genre_38,Experimental,0.6364108920097351,genre_38|genre_15|genre_12,Experimental|Electronic|Rock,genre_38|genre_15|genre_12|genre_1235|genre_1,Experimental|Electronic|Rock|Instrumental|Avant-Garde
Hip-Hop__mia049__lifelong_fiction,E:\SCHOOL\Masters\Capstone_FMA_Project\data\external_audio_batch\Hip-Hop\Hip-Hop__mia049__lifelong_fiction.mp3,1,1057271,47.95,62.95,genre_38,Experimental,0.7078838348388672,genre_38|genre_12|genre_15,Experimental|Rock|Electronic,genre_38|genre_12|genre_15|genre_1|genre_1235,Experimental|Rock|Electronic|Avant-Garde|Instrumental
Hip-Hop__mia049__lifelong_fiction,E:\SCHOOL\Masters\Capstone_FMA_Project\data\external_audio_batch\Hip-Hop\Hip-Hop__mia049__lifelong_fiction.mp3,2,2114542,95.9,110.9,genre_15,Electronic,0.5701590776443481,genre_15|genre_21|genre_38,Electronic|Hip-Hop|Experimental,genre_15|genre_21|genre_38|genre_12|genre_10,Electronic|Hip-Hop|Experimental|Rock|Pop
Hip-Hop__mia049__lifelong_fiction,E:\SCHOOL\Masters\Capstone_FMA_Project\data\external_audio_batch\Hip-Hop\Hip-Hop__mia049__lifelong_fiction.mp3,3,3171813,143.85,158.85,genre_15,Electronic,0.42666706442832947,genre_15|genre_38|genre_12,Electronic|Experimental|Rock,genre_15|genre_38|genre_12|genre_21|genre_10,Electronic|Experimental|Rock|Hip-Hop|Pop
Hip-Hop__mia049__lifelong_fiction,E:\SCHOOL\Masters\Capstone_FMA_Project\data\external_audio_batch\Hip-Hop\Hip-Hop__mia049__lifelong_fiction.mp3,4,4229084,191.8,206.8,genre_12,Rock,0.43334823846817017,genre_12|genre_38|genre_15,Rock|Experimental|Electronic,genre_12|genre_38|genre_15|genre_10|genre_76,Rock|Experimental|Electronic|Pop|Experimental Pop
Hip-Hop__mia049__lifelong_fiction,E:\SCHOOL\Masters\Capstone_FMA_Project\data\external_audio_batch\Hip-Hop\Hip-Hop__mia049__lifelong_fiction.mp3,5,5286355,239.74,254.74,genre_15,Electronic,0.5697683095932007,genre_15|genre_38|genre_21,Electronic|Experimental|Hip-Hop,genre_15|genre_38|genre_21|genre_12|genre_10,Electronic|Experimental|Hip-Hop|Rock|Pop
Hip-Hop__mia049__lifelong_fiction,E:\SCHOOL\Masters\Capstone_FMA_Project\data\external_audio_batch\Hip-Hop\Hip-Hop__mia049__lifelong_fiction.mp3,6,6343626,287.69,302.69,genre_15,Electronic,0.49254947900772095,genre_15|genre_38|genre_12,Electronic|Experimental|Rock,genre_15|genre_38|genre_12|genre_10|genre_21,Electronic|Experimental|Rock|Pop|Hip-Hop
Hip-Hop__mia049__lifelong_fiction,E:\SCHOOL\Masters\Capstone_FMA_Project\data\external_audio_batch\Hip-Hop\Hip-Hop__mia049__lifelong_fiction.mp3,7,7400898,335.64,350.64,genre_38,Experimental,0.6191794872283936,genre_38|genre_12|genre_1235,Experimental|Rock|Instrumental,genre_38|genre_12|genre_1235|genre_250|genre_17,Experimental|Rock|Instrumental|Improv|Folk
Hip-Hop__DWK217__Morning_Mist,E:\SCHOOL\Masters\Capstone_FMA_Project\data\external_audio_batch\Hip-Hop\Hip-Hop__DWK217__Morning_Mist.mp3,0,0,0.0,15.0,genre_38,Experimental,0.628923773765564,genre_38|genre_12|genre_17,Experimental|Rock|Folk,genre_38|genre_12|genre_17|genre_1235|genre_250,Experimental|Rock|Folk|Instrumental|Improv
Hip-Hop__DWK217__Morning_Mist,E:\SCHOOL\Masters\Capstone_FMA_Project\data\external_audio_batch\Hip-Hop\Hip-Hop__DWK217__Morning_Mist.mp3,1,1080064,48.98,63.98,genre_12,Rock,0.5663399696350098,genre_12|genre_38|genre_10,Rock|Experimental|Pop,genre_12|genre_38|genre_10|genre_15|genre_25,Rock|Experimental|Pop|Electronic|Punk
Hip-Hop__DWK217__Morning_Mist,E:\SCHOOL\Masters\Capstone_FMA_Project\data\external_audio_batch\Hip-Hop\Hip-Hop__DWK217__Morning_Mist.mp3,2,2160128,97.96,112.96,genre_15,Electronic,0.4704318344593048,genre_15|genre_12|genre_38,Electronic|Rock|Experimental,genre_15|genre_12|genre_38|genre_21|genre_10,Electronic|Rock|Experimental|Hip-Hop|Pop
Hip-Hop__DWK217__Morning_Mist,E:\SCHOOL\Masters\Capstone_FMA_Project\data\external_audio_batch\Hip-Hop\Hip-Hop__DWK217__Morning_Mist.mp3,3,3240192,146.95,161.95,genre_12,Rock,0.47009193897247314,genre_12|genre_38|genre_15,Rock|Experimental|Electronic,genre_12|genre_38|genre_15|genre_10|genre_17,Rock|Experimental|Electronic|Pop|Folk
Hip-Hop__DWK217__Morning_Mist,E:\SCHOOL\Masters\Capstone_FMA_Project\data\external_audio_batch\Hip-Hop\Hip-Hop__DWK217__Morning_Mist.mp3,4,4320257,195.93,210.93,genre_12,Rock,0.4173301160335541,genre_12|genre_15|genre_10,Rock|Electronic|Pop,genre_12|genre_15|genre_10|genre_38|genre_21,Rock|Electronic|Pop|Experimental|Hip-Hop
Hip-Hop__DWK217__Morning_Mist,E:\SCHOOL\Masters\Capstone_FMA_Project\data\external_audio_batch\Hip-Hop\Hip-Hop__DWK217__Morning_Mist.mp3,5,5400321,244.91,259.91,genre_12,Rock,0.5710266828536987,genre_12|genre_38|genre_15,Rock|Experimental|Electronic,genre_12|genre_38|genre_15|genre_25|genre_10,Rock|Experimental|Electronic|Punk|Pop
Hip-Hop__DWK217__Morning_Mist,E:\SCHOOL\Masters\Capstone_FMA_Project\data\external_audio_batch\Hip-Hop\Hip-Hop__DWK217__Morning_Mist.mp3,6,6480385,293.9,308.9,genre_15,Electronic,0.4703930616378784,genre_15|genre_12|genre_38,Electronic|Rock|Experimental,genre_15|genre_12|genre_38|genre_10|genre_21,Electronic|Rock|Experimental|Pop|Hip-Hop
Hip-Hop__DWK217__Morning_Mist,E:\SCHOOL\Masters\Capstone_FMA_Project\data\external_audio_batch\Hip-Hop\Hip-Hop__DWK217__Morning_Mist.mp3,7,7560450,342.88,357.88,genre_38,Experimental,0.6010602712631226,genre_38|genre_12|genre_1235,Experimental|Rock|Instrumental,genre_38|genre_12|genre_1235|genre_15|genre_250,Experimental|Rock|Instrumental|Electronic|Improv
Hip-Hop__DWK301__Soul_Blue_Tango,E:\SCHOOL\Masters\Capstone_FMA_Project\data\external_audio_batch\Hip-Hop\Hip-Hop__DWK301__Soul_Blue_Tango.mp3,0,0,0.0,15.0,genre_38,Experimental,0.6690049171447754,genre_38|genre_250|genre_1,Experimental|Improv|Avant-Garde,genre_38|genre_250|genre_1|genre_12|genre_15,Experimental|Improv|Avant-Garde|Rock|Electronic
Hip-Hop__DWK301__Soul_Blue_Tango,E:\SCHOOL\Masters\Capstone_FMA_Project\data\external_audio_batch\Hip-Hop\Hip-Hop__DWK301__Soul_Blue_Tango.mp3,1,472021,21.41,36.41,genre_12,Rock,0.394204705953598,genre_12|genre_15|genre_38,Rock|Electronic|Experimental,genre_12|genre_15|genre_38|genre_10|genre_21,Rock|Electronic|Experimental|Pop|Hip-Hop
Hip-Hop__DWK301__Soul_Blue_Tango,E:\SCHOOL\Masters\Capstone_FMA_Project\data\external_audio_batch\Hip-Hop\Hip-Hop__DWK301__Soul_Blue_Tango.mp3,2,944042,42.81,57.81,genre_12,Rock,0.4017062485218048,genre_12|genre_15|genre_38,Rock|Electronic|Experimental,genre_12|genre_15|genre_38|genre_10|genre_21,Rock|Electronic|Experimental|Pop|Hip-Hop
Hip-Hop__DWK301__Soul_Blue_Tango,E:\SCHOOL\Masters\Capstone_FMA_Project\data\external_audio_batch\Hip-Hop\Hip-Hop__DWK301__Soul_Blue_Tango.mp3,3,1416063,64.22,79.22,genre_38,Experimental,0.4230920076370239,genre_38|genre_15|genre_12,Experimental|Electronic|Rock,genre_38|genre_15|genre_12|genre_21|genre_10,Experimental|Electronic|Rock|Hip-Hop|Pop
Hip-Hop__DWK301__Soul_Blue_Tango,E:\SCHOOL\Masters\Capstone_FMA_Project\data\external_audio_batch\Hip-Hop\Hip-Hop__DWK301__Soul_Blue_Tango.mp3,4,1888085,85.63,100.63,genre_38,Experimental,0.427013099193573,genre_38|genre_12|genre_15,Experimental|Rock|Electronic,genre_38|genre_12|genre_15|genre_17|genre_10,Experimental|Rock|Electronic|Folk|Pop
Hip-Hop__DWK301__Soul_Blue_Tango,E:\SCHOOL\Masters\Capstone_FMA_Project\data\external_audio_batch\Hip-Hop\Hip-Hop__DWK301__Soul_Blue_Tango.mp3,5,2360106,107.03,122.03,genre_12,Rock,0.44406941533088684,genre_12|genre_15|genre_38,Rock|Electronic|Experimental,genre_12|genre_15|genre_38|genre_10|genre_21,Rock|Electronic|Experimental|Pop|Hip-Hop
Hip-Hop__DWK301__Soul_Blue_Tango,E:\SCHOOL\Masters\Capstone_FMA_Project\data\external_audio_batch\Hip-Hop\Hip-Hop__DWK301__Soul_Blue_Tango.mp3,6,2832127,128.44,143.44,genre_12,Rock,0.40032392740249634,genre_12|genre_15|genre_38,Rock|Electronic|Experimental,genre_12|genre_15|genre_38|genre_10|genre_21,Rock|Electronic|Experimental|Pop|Hip-Hop
Hip-Hop__DWK301__Soul_Blue_Tango,E:\SCHOOL\Masters\Capstone_FMA_Project\data\external_audio_batch\Hip-Hop\Hip-Hop__DWK301__Soul_Blue_Tango.mp3,7,3304149,149.85,164.85,genre_38,Experimental,0.7160974740982056,genre_38|genre_250|genre_1,Experimental|Improv|Avant-Garde,genre_38|genre_250|genre_1|genre_15|genre_12,Experimental|Improv|Avant-Garde|Electronic|Rock
Hip-Hop__DWK127__The_Werewolf,E:\SCHOOL\Masters\Capstone_FMA_Project\data\external_audio_batch\Hip-Hop\Hip-Hop__DWK127__The_Werewolf.mp3,0,0,0.0,15.0,genre_38,Experimental,0.7946873903274536,genre_38|genre_15|genre_1,Experimental|Electronic|Avant-Garde,genre_38|genre_15|genre_1|genre_32|genre_250,Experimental|Electronic|Avant-Garde|Noise|Improv
Hip-Hop__DWK127__The_Werewolf,E:\SCHOOL\Masters\Capstone_FMA_Project\data\external_audio_batch\Hip-Hop\Hip-Hop__DWK127__The_Werewolf.mp3,1,1029842,46.7,61.7,genre_15,Electronic,0.3459642827510834,genre_15|genre_38|genre_12,Electronic|Experimental|Rock,genre_15|genre_38|genre_12|genre_21|genre_10,Electronic|Experimental|Rock|Hip-Hop|Pop
Hip-Hop__DWK127__The_Werewolf,E:\SCHOOL\Masters\Capstone_FMA_Project\data\external_audio_batch\Hip-Hop\Hip-Hop__DWK127__The_Werewolf.mp3,2,2059685,93.41,108.41,genre_12,Rock,0.3866354823112488,genre_12|genre_15|genre_38,Rock|Electronic|Experimental,genre_12|genre_15|genre_38|genre_21|genre_10,Rock|Electronic|Experimental|Hip-Hop|Pop
Hip-Hop__DWK127__The_Werewolf,E:\SCHOOL\Masters\Capstone_FMA_Project\data\external_audio_batch\Hip-Hop\Hip-Hop__DWK127__The_Werewolf.mp3,3,3089527,140.11,155.11,genre_15,Electronic,0.5768893957138062,genre_15|genre_21|genre_38,Electronic|Hip-Hop|Experimental,genre_15|genre_21|genre_38|genre_12|genre_10,Electronic|Hip-Hop|Experimental|Rock|Pop
Hip-Hop__DWK127__The_Werewolf,E:\SCHOOL\Masters\Capstone_FMA_Project\data\external_audio_batch\Hip-Hop\Hip-Hop__DWK127__The_Werewolf.mp3,4,4119370,186.82,201.82,genre_38,Experimental,0.48457521200180054,genre_38|genre_15|genre_12,Experimental|Electronic|Rock,genre_38|genre_15|genre_12|genre_21|genre_10,Experimental|Electronic|Rock|Hip-Hop|Pop
Hip-Hop__DWK127__The_Werewolf,E:\SCHOOL\Masters\Capstone_FMA_Project\data\external_audio_batch\Hip-Hop\Hip-Hop__DWK127__The_Werewolf.mp3,5,5149212,233.52,248.52,genre_15,Electronic,0.5202207565307617,genre_15|genre_38|genre_21,Electronic|Experimental|Hip-Hop,genre_15|genre_38|genre_21|genre_12|genre_811,Electronic|Experimental|Hip-Hop|Rock|Hip-Hop Beats
Hip-Hop__DWK127__The_Werewolf,E:\SCHOOL\Masters\Capstone_FMA_Project\data\external_audio_batch\Hip-Hop\Hip-Hop__DWK127__The_Werewolf.mp3,6,6179055,280.23,295.23,genre_15,Electronic,0.5401360392570496,genre_15|genre_21|genre_38,Electronic|Hip-Hop|Experimental,genre_15|genre_21|genre_38|genre_12|genre_10,Electronic|Hip-Hop|Experimental|Rock|Pop
Hip-Hop__DWK127__The_Werewolf,E:\SCHOOL\Masters\Capstone_FMA_Project\data\external_audio_batch\Hip-Hop\Hip-Hop__DWK127__The_Werewolf.mp3,7,7208898,326.93,341.93,genre_38,Experimental,0.5646077394485474,genre_38|genre_12|genre_250,Experimental|Rock|Improv,genre_38|genre_12|genre_250|genre_1235|genre_15,Experimental|Rock|Improv|Instrumental|Electronic
Hip-Hop__DWK315__Time2Spare,E:\SCHOOL\Masters\Capstone_FMA_Project\data\external_audio_batch\Hip-Hop\Hip-Hop__DWK315__Time2Spare.mp3,0,0,0.0,15.0,genre_38,Experimental,0.6351515054702759,genre_38|genre_17|genre_12,Experimental|Folk|Rock,genre_38|genre_17|genre_12|genre_15|genre_1,Experimental|Folk|Rock|Electronic|Avant-Garde
Hip-Hop__DWK315__Time2Spare,E:\SCHOOL\Masters\Capstone_FMA_Project\data\external_audio_batch\Hip-Hop\Hip-Hop__DWK315__Time2Spare.mp3,1,803250,36.43,51.43,genre_38,Experimental,0.5786269903182983,genre_38|genre_15|genre_12,Experimental|Electronic|Rock,genre_38|genre_15|genre_12|genre_1235|genre_107,Experimental|Electronic|Rock|Instrumental|Ambient
Hip-Hop__DWK315__Time2Spare,E:\SCHOOL\Masters\Capstone_FMA_Project\data\external_audio_batch\Hip-Hop\Hip-Hop__DWK315__Time2Spare.mp3,2,1606500,72.86,87.86,genre_38,Experimental,0.7383149862289429,genre_38|genre_15|genre_12,Experimental|Electronic|Rock,genre_38|genre_15|genre_12|genre_1|genre_1235,Experimental|Electronic|Rock|Avant-Garde|Instrumental
Hip-Hop__DWK315__Time2Spare,E:\SCHOOL\Masters\Capstone_FMA_Project\data\external_audio_batch\Hip-Hop\Hip-Hop__DWK315__Time2Spare.mp3,3,2409750,109.29,124.29,genre_38,Experimental,0.6942609548568726,genre_38|genre_15|genre_12,Experimental|Electronic|Rock,genre_38|genre_15|genre_12|genre_1235|genre_32,Experimental|Electronic|Rock|Instrumental|Noise
Hip-Hop__DWK315__Time2Spare,E:\SCHOOL\Masters\Capstone_FMA_Project\data\external_audio_batch\Hip-Hop\Hip-Hop__DWK315__Time2Spare.mp3,4,3213000,145.71,160.71,genre_38,Experimental,0.45954060554504395,genre_38|genre_12|genre_15,Experimental|Rock|Electronic,genre_38|genre_12|genre_15|genre_21|genre_1235,Experimental|Rock|Electronic|Hip-Hop|Instrumental
Hip-Hop__DWK315__Time2Spare,E:\SCHOOL\Masters\Capstone_FMA_Project\data\external_audio_batch\Hip-Hop\Hip-Hop__DWK315__Time2Spare.mp3,5,4016250,182.14,197.14,genre_38,Experimental,0.5488826036453247,genre_38|genre_15|genre_12,Experimental|Electronic|Rock,genre_38|genre_15|genre_12|genre_1235|genre_21,Experimental|Electronic|Rock|Instrumental|Hip-Hop
Hip-Hop__DWK315__Time2Spare,E:\SCHOOL\Masters\Capstone_FMA_Project\data\external_audio_batch\Hip-Hop\Hip-Hop__DWK315__Time2Spare.mp3,6,4819500,218.57,233.57,genre_38,Experimental,0.6559316515922546,genre_38|genre_15|genre_12,Experimental|Electronic|Rock,genre_38|genre_15|genre_12|genre_1235|genre_41,Experimental|Electronic|Rock|Instrumental|Electroacoustic
Hip-Hop__DWK315__Time2Spare,E:\SCHOOL\Masters\Capstone_FMA_Project\data\external_audio_batch\Hip-Hop\Hip-Hop__DWK315__Time2Spare.mp3,7,5622750,255.0,270.0,genre_38,Experimental,0.6546063423156738,genre_38|genre_15|genre_1235,Experimental|Electronic|Instrumental,genre_38|genre_15|genre_1235|genre_12|genre_250,Experimental|Electronic|Instrumental|Rock|Improv
Hip-Hop__DWK155__Eazy_Livin,E:\SCHOOL\Masters\Capstone_FMA_Project\data\external_audio_batch\Hip-Hop\Hip-Hop__DWK155__Eazy_Livin.mp3,0,0,0.0,15.0,genre_15,Electronic,0.5737600326538086,genre_15|genre_10|genre_12,Electronic|Pop|Rock,genre_15|genre_10|genre_12|genre_1235|genre_21,Electronic|Pop|Rock|Instrumental|Hip-Hop
Hip-Hop__DWK155__Eazy_Livin,E:\SCHOOL\Masters\Capstone_FMA_Project\data\external_audio_batch\Hip-Hop\Hip-Hop__DWK155__Eazy_Livin.mp3,1,637367,28.91,43.91,genre_15,Electronic,0.7027901411056519,genre_15|genre_21|genre_10,Electronic|Hip-Hop|Pop,genre_15|genre_21|genre_10|genre_12|genre_1235,Electronic|Hip-Hop|Pop|Rock|Instrumental
Hip-Hop__DWK155__Eazy_Livin,E:\SCHOOL\Masters\Capstone_FMA_Project\data\external_audio_batch\Hip-Hop\Hip-Hop__DWK155__Eazy_Livin.mp3,2,1274734,57.81,72.81,genre_15,Electronic,0.5688635110855103,genre_15|genre_12|genre_21,Electronic|Rock|Hip-Hop,genre_15|genre_12|genre_21|genre_10|genre_1235,Electronic|Rock|Hip-Hop|Pop|Instrumental
Hip-Hop__DWK155__Eazy_Livin,E:\SCHOOL\Masters\Capstone_FMA_Project\data\external_audio_batch\Hip-Hop\Hip-Hop__DWK155__Eazy_Livin.mp3,3,1912101,86.72,101.72,genre_15,Electronic,0.6853123903274536,genre_15|genre_21|genre_10,Electronic|Hip-Hop|Pop,genre_15|genre_21|genre_10|genre_12|genre_1235,Electronic|Hip-Hop|Pop|Rock|Instrumental
Hip-Hop__DWK155__Eazy_Livin,E:\SCHOOL\Masters\Capstone_FMA_Project\data\external_audio_batch\Hip-Hop\Hip-Hop__DWK155__Eazy_Livin.mp3,4,2549468,115.62,130.62,genre_15,Electronic,0.6145185232162476,genre_15|genre_21|genre_12,Electronic|Hip-Hop|Rock,genre_15|genre_21|genre_12|genre_10|genre_1235,Electronic|Hip-Hop|Rock|Pop|Instrumental
Hip-Hop__DWK155__Eazy_Livin,E:\SCHOOL\Masters\Capstone_FMA_Project\data\external_audio_batch\Hip-Hop\Hip-Hop__DWK155__Eazy_Livin.mp3,5,3186835,144.53,159.53,genre_15,Electronic,0.655735969543457,genre_15|genre_21|genre_10,Electronic|Hip-Hop|Pop,genre_15|genre_21|genre_10|genre_12|genre_1235,Electronic|Hip-Hop|Pop|Rock|Instrumental
Hip-Hop__DWK155__Eazy_Livin,E:\SCHOOL\Masters\Capstone_FMA_Project\data\external_audio_batch\Hip-Hop\Hip-Hop__DWK155__Eazy_Livin.mp3,6,3824202,173.43,188.43,genre_15,Electronic,0.6524915099143982,genre_15|genre_21|genre_10,Electronic|Hip-Hop|Pop,genre_15|genre_21|genre_10|genre_12|genre_1235,Electronic|Hip-Hop|Pop|Rock|Instrumental
Hip-Hop__DWK155__Eazy_Livin,E:\SCHOOL\Masters\Capstone_FMA_Project\data\external_audio_batch\Hip-Hop\Hip-Hop__DWK155__Eazy_Livin.mp3,7,4461570,202.34,217.34,genre_38,Experimental,0.44699612259864807,genre_38|genre_12|genre_15,Experimental|Rock|Electronic,genre_38|genre_12|genre_15|genre_1235|genre_250,Experimental|Rock|Electronic|Instrumental|Improv
Pop__WkBw0034__01_-_Monochromatic_-_Immobility,E:\SCHOOL\Masters\Capstone_FMA_Project\data\external_audio_batch\Pop\Pop__WkBw0034__01_-_Monochromatic_-_Immobility.mp3,0,0,0.0,15.0,genre_15,Electronic,0.4347018301486969,genre_15|genre_38|genre_1235,Electronic|Experimental|Instrumental,genre_15|genre_38|genre_1235|genre_12|genre_10,Electronic|Experimental|Instrumental|Rock|Pop
Pop__WkBw0034__01_-_Monochromatic_-_Immobility,E:\SCHOOL\Masters\Capstone_FMA_Project\data\external_audio_batch\Pop\Pop__WkBw0034__01_-_Monochromatic_-_Immobility.mp3,1,1013166,45.95,60.95,genre_38,Experimental,0.4879665970802307,genre_38|genre_17|genre_12,Experimental|Folk|Rock,genre_38|genre_17|genre_12|genre_10|genre_1,Experimental|Folk|Rock|Pop|Avant-Garde
Pop__WkBw0034__01_-_Monochromatic_-_Immobility,E:\SCHOOL\Masters\Capstone_FMA_Project\data\external_audio_batch\Pop\Pop__WkBw0034__01_-_Monochromatic_-_Immobility.mp3,2,2026332,91.9,106.9,genre_38,Experimental,0.41356876492500305,genre_38|genre_12|genre_15,Experimental|Rock|Electronic,genre_38|genre_12|genre_15|genre_10|genre_21,Experimental|Rock|Electronic|Pop|Hip-Hop
Pop__WkBw0034__01_-_Monochromatic_-_Immobility,E:\SCHOOL\Masters\Capstone_FMA_Project\data\external_audio_batch\Pop\Pop__WkBw0034__01_-_Monochromatic_-_Immobility.mp3,3,3039498,137.85,152.85,genre_15,Electronic,0.5554474592208862,genre_15|genre_21|genre_12,Electronic|Hip-Hop|Rock,genre_15|genre_21|genre_12|genre_38|genre_10,Electronic|Hip-Hop|Rock|Experimental|Pop
Pop__WkBw0034__01_-_Monochromatic_-_Immobility,E:\SCHOOL\Masters\Capstone_FMA_Project\data\external_audio_batch\Pop\Pop__WkBw0034__01_-_Monochromatic_-_Immobility.mp3,4,4052664,183.79,198.79,genre_15,Electronic,0.4941102862358093,genre_15|genre_21|genre_38,Electronic|Hip-Hop|Experimental,genre_15|genre_21|genre_38|genre_12|genre_10,Electronic|Hip-Hop|Experimental|Rock|Pop
Pop__WkBw0034__01_-_Monochromatic_-_Immobility,E:\SCHOOL\Masters\Capstone_FMA_Project\data\external_audio_batch\Pop\Pop__WkBw0034__01_-_Monochromatic_-_Immobility.mp3,5,5065830,229.74,244.74,genre_15,Electronic,0.6583409309387207,genre_15|genre_21|genre_38,Electronic|Hip-Hop|Experimental,genre_15|genre_21|genre_38|genre_12|genre_10,Electronic|Hip-Hop|Experimental|Rock|Pop
Pop__WkBw0034__01_-_Monochromatic_-_Immobility,E:\SCHOOL\Masters\Capstone_FMA_Project\data\external_audio_batch\Pop\Pop__WkBw0034__01_-_Monochromatic_-_Immobility.mp3,6,6078996,275.69,290.69,genre_15,Electronic,0.541196346282959,genre_15|genre_21|genre_38,Electronic|Hip-Hop|Experimental,genre_15|genre_21|genre_38|genre_12|genre_10,Electronic|Hip-Hop|Experimental|Rock|Pop
Pop__WkBw0034__01_-_Monochromatic_-_Immobility,E:\SCHOOL\Masters\Capstone_FMA_Project\data\external_audio_batch\Pop\Pop__WkBw0034__01_-_Monochromatic_-_Immobility.mp3,7,7092162,321.64,336.64,genre_21,Hip-Hop,0.38431498408317566,genre_21|genre_15|genre_38,Hip-Hop|Electronic|Experimental,genre_21|genre_15|genre_38|genre_12|genre_10,Hip-Hop|Electronic|Experimental|Rock|Pop
Pop__BSOG0008__05_-_Doing_Time,E:\SCHOOL\Masters\Capstone_FMA_Project\data\external_audio_batch\Pop\Pop__BSOG0008__05_-_Doing_Time.mp3,0,0,0.0,15.0,genre_38,Experimental,0.48924243450164795,genre_38|genre_12|genre_15,Experimental|Rock|Electronic,genre_38|genre_12|genre_15|genre_25|genre_250,Experimental|Rock|Electronic|Punk|Improv
Pop__BSOG0008__05_-_Doing_Time,E:\SCHOOL\Masters\Capstone_FMA_Project\data\external_audio_batch\Pop\Pop__BSOG0008__05_-_Doing_Time.mp3,1,954895,43.31,58.31,genre_38,Experimental,0.591293454170227,genre_38|genre_12|genre_15,Experimental|Rock|Electronic,genre_38|genre_12|genre_15|genre_21|genre_1,Experimental|Rock|Electronic|Hip-Hop|Avant-Garde
Pop__BSOG0008__05_-_Doing_Time,E:\SCHOOL\Masters\Capstone_FMA_Project\data\external_audio_batch\Pop\Pop__BSOG0008__05_-_Doing_Time.mp3,2,1909791,86.61,101.61,genre_12,Rock,0.6007015705108643,genre_12|genre_38|genre_15,Rock|Experimental|Electronic,genre_12|genre_38|genre_15|genre_25|genre_10,Rock|Experimental|Electronic|Punk|Pop
Pop__BSOG0008__05_-_Doing_Time,E:\SCHOOL\Masters\Capstone_FMA_Project\data\external_audio_batch\Pop\Pop__BSOG0008__05_-_Doing_Time.mp3,3,2864687,129.92,144.92,genre_12,Rock,0.4285244345664978,genre_12|genre_38|genre_15,Rock|Experimental|Electronic,genre_12|genre_38|genre_15|genre_10|genre_21,Rock|Experimental|Electronic|Pop|Hip-Hop
Pop__BSOG0008__05_-_Doing_Time,E:\SCHOOL\Masters\Capstone_FMA_Project\data\external_audio_batch\Pop\Pop__BSOG0008__05_-_Doing_Time.mp3,4,3819583,173.22,188.22,genre_38,Experimental,0.5254284739494324,genre_38|genre_15|genre_12,Experimental|Electronic|Rock,genre_38|genre_15|genre_12|genre_1235|genre_10,Experimental|Electronic|Rock|Instrumental|Pop
Pop__BSOG0008__05_-_Doing_Time,E:\SCHOOL\Masters\Capstone_FMA_Project\data\external_audio_batch\Pop\Pop__BSOG0008__05_-_Doing_Time.mp3,5,4774479,216.53,231.53,genre_38,Experimental,0.5010867714881897,genre_38|genre_12|genre_17,Experimental|Rock|Folk,genre_38|genre_12|genre_17|genre_1|genre_10,Experimental|Rock|Folk|Avant-Garde|Pop
Pop__BSOG0008__05_-_Doing_Time,E:\SCHOOL\Masters\Capstone_FMA_Project\data\external_audio_batch\Pop\Pop__BSOG0008__05_-_Doing_Time.mp3,6,5729375,259.84,274.84,genre_38,Experimental,0.5683621764183044,genre_38|genre_15|genre_12,Experimental|Electronic|Rock,genre_38|genre_15|genre_12|genre_1235|genre_10,Experimental|Electronic|Rock|Instrumental|Pop
Pop__BSOG0008__05_-_Doing_Time,E:\SCHOOL\Masters\Capstone_FMA_Project\data\external_audio_batch\Pop\Pop__BSOG0008__05_-_Doing_Time.mp3,7,6684271,303.14,318.14,genre_38,Experimental,0.5783929824829102,genre_38|genre_15|genre_1235,Experimental|Electronic|Instrumental,genre_38|genre_15|genre_1235|genre_12|genre_17,Experimental|Electronic|Instrumental|Rock|Folk
Pop__starfrosch-mostwanted__Closer_to_You__feat._SHA,E:\SCHOOL\Masters\Capstone_FMA_Project\data\external_audio_batch\Pop\Pop__starfrosch-mostwanted__Closer_to_You__feat._SHA.mp3,0,0,0.0,15.0,genre_15,Electronic,0.8210569024085999,genre_15|genre_21|genre_38,Electronic|Hip-Hop|Experimental,genre_15|genre_21|genre_38|genre_811|genre_1235,Electronic|Hip-Hop|Experimental|Hip-Hop Beats|Instrumental
Pop__starfrosch-mostwanted__Closer_to_You__feat._SHA,E:\SCHOOL\Masters\Capstone_FMA_Project\data\external_audio_batch\Pop\Pop__starfrosch-mostwanted__Closer_to_You__feat._SHA.mp3,1,885376,40.15,55.15,genre_15,Electronic,0.6867564916610718,genre_15|genre_21|genre_10,Electronic|Hip-Hop|Pop,genre_15|genre_21|genre_10|genre_12|genre_38,Electronic|Hip-Hop|Pop|Rock|Experimental
Pop__starfrosch-mostwanted__Closer_to_You__feat._SHA,E:\SCHOOL\Masters\Capstone_FMA_Project\data\external_audio_batch\Pop\Pop__starfrosch-mostwanted__Closer_to_You__feat._SHA.mp3,2,1770752,80.31,95.31,genre_15,Electronic,0.6604760885238647,genre_15|genre_21|genre_38,Electronic|Hip-Hop|Experimental,genre_15|genre_21|genre_38|genre_12|genre_10,Electronic|Hip-Hop|Experimental|Rock|Pop
Pop__starfrosch-mostwanted__Closer_to_You__feat._SHA,E:\SCHOOL\Masters\Capstone_FMA_Project\data\external_audio_batch\Pop\Pop__starfrosch-mostwanted__Closer_to_You__feat._SHA.mp3,3,2656128,120.46,135.46,genre_15,Electronic,0.6330373883247375,genre_15|genre_21|genre_38,Electronic|Hip-Hop|Experimental,genre_15|genre_21|genre_38|genre_12|genre_10,Electronic|Hip-Hop|Experimental|Rock|Pop
Pop__starfrosch-mostwanted__Closer_to_You__feat._SHA,E:\SCHOOL\Masters\Capstone_FMA_Project\data\external_audio_batch\Pop\Pop__starfrosch-mostwanted__Closer_to_You__feat._SHA.mp3,4,3541505,160.61,175.61,genre_15,Electronic,0.5827296376228333,genre_15|genre_12|genre_21,Electronic|Rock|Hip-Hop,genre_15|genre_12|genre_21|genre_10|genre_38,Electronic|Rock|Hip-Hop|Pop|Experimental
Pop__starfrosch-mostwanted__Closer_to_You__feat._SHA,E:\SCHOOL\Masters\Capstone_FMA_Project\data\external_audio_batch\Pop\Pop__starfrosch-mostwanted__Closer_to_You__feat._SHA.mp3,5,4426881,200.77,215.77,genre_15,Electronic,0.8389889001846313,genre_15|genre_21|genre_38,Electronic|Hip-Hop|Experimental,genre_15|genre_21|genre_38|genre_1235|genre_10,Electronic|Hip-Hop|Experimental|Instrumental|Pop
Pop__starfrosch-mostwanted__Closer_to_You__feat._SHA,E:\SCHOOL\Masters\Capstone_FMA_Project\data\external_audio_batch\Pop\Pop__starfrosch-mostwanted__Closer_to_You__feat._SHA.mp3,6,5312257,240.92,255.92,genre_15,Electronic,0.5926756262779236,genre_15|genre_21|genre_38,Electronic|Hip-Hop|Experimental,genre_15|genre_21|genre_38|genre_12|genre_10,Electronic|Hip-Hop|Experimental|Rock|Pop
Pop__starfrosch-mostwanted__Closer_to_You__feat._SHA,E:\SCHOOL\Masters\Capstone_FMA_Project\data\external_audio_batch\Pop\Pop__starfrosch-mostwanted__Closer_to_You__feat._SHA.mp3,7,6197634,281.07,296.07,genre_15,Electronic,0.4602300822734833,genre_15|genre_38|genre_12,Electronic|Experimental|Rock,genre_15|genre_38|genre_12|genre_21|genre_1235,Electronic|Experimental|Rock|Hip-Hop|Instrumental
Pop__SCL129__Heaven_In_Your_Mouth,E:\SCHOOL\Masters\Capstone_FMA_Project\data\external_audio_batch\Pop\Pop__SCL129__Heaven_In_Your_Mouth.mp3,0,0,0.0,15.0,genre_38,Experimental,0.5895448327064514,genre_38|genre_12|genre_15,Experimental|Rock|Electronic,genre_38|genre_12|genre_15|genre_1235|genre_1,Experimental|Rock|Electronic|Instrumental|Avant-Garde
Pop__SCL129__Heaven_In_Your_Mouth,E:\SCHOOL\Masters\Capstone_FMA_Project\data\external_audio_batch\Pop\Pop__SCL129__Heaven_In_Your_Mouth.mp3,1,791076,35.88,50.88,genre_12,Rock,0.49099957942962646,genre_12|genre_38|genre_15,Rock|Experimental|Electronic,genre_12|genre_38|genre_15|genre_10|genre_1235,Rock|Experimental|Electronic|Pop|Instrumental
Pop__SCL129__Heaven_In_Your_Mouth,E:\SCHOOL\Masters\Capstone_FMA_Project\data\external_audio_batch\Pop\Pop__SCL129__Heaven_In_Your_Mouth.mp3,2,1582153,71.75,86.75,genre_38,Experimental,0.5766336917877197,genre_38|genre_15|genre_12,Experimental|Electronic|Rock,genre_38|genre_15|genre_12|genre_10|genre_1235,Experimental|Electronic|Rock|Pop|Instrumental
Pop__SCL129__Heaven_In_Your_Mouth,E:\SCHOOL\Masters\Capstone_FMA_Project\data\external_audio_batch\Pop\Pop__SCL129__Heaven_In_Your_Mouth.mp3,3,2373230,107.63,122.63,genre_12,Rock,0.5650039911270142,genre_12|genre_38|genre_15,Rock|Experimental|Electronic,genre_12|genre_38|genre_15|genre_10|genre_25,Rock|Experimental|Electronic|Pop|Punk
Pop__SCL129__Heaven_In_Your_Mouth,E:\SCHOOL\Masters\Capstone_FMA_Project\data\external_audio_batch\Pop\Pop__SCL129__Heaven_In_Your_Mouth.mp3,4,3164307,143.51,158.51,genre_38,Experimental,0.6550388336181641,genre_38|genre_15|genre_12,Experimental|Electronic|Rock,genre_38|genre_15|genre_12|genre_1|genre_41,Experimental|Electronic|Rock|Avant-Garde|Electroacoustic
Pop__SCL129__Heaven_In_Your_Mouth,E:\SCHOOL\Masters\Capstone_FMA_Project\data\external_audio_batch\Pop\Pop__SCL129__Heaven_In_Your_Mouth.mp3,5,3955384,179.38,194.38,genre_38,Experimental,0.5724173784255981,genre_38|genre_15|genre_12,Experimental|Electronic|Rock,genre_38|genre_15|genre_12|genre_10|genre_1235,Experimental|Electronic|Rock|Pop|Instrumental
Pop__SCL129__Heaven_In_Your_Mouth,E:\SCHOOL\Masters\Capstone_FMA_Project\data\external_audio_batch\Pop\Pop__SCL129__Heaven_In_Your_Mouth.mp3,6,4746461,215.26,230.26,genre_38,Experimental,0.6590638160705566,genre_38|genre_15|genre_12,Experimental|Electronic|Rock,genre_38|genre_15|genre_12|genre_32|genre_1,Experimental|Electronic|Rock|Noise|Avant-Garde
Pop__SCL129__Heaven_In_Your_Mouth,E:\SCHOOL\Masters\Capstone_FMA_Project\data\external_audio_batch\Pop\Pop__SCL129__Heaven_In_Your_Mouth.mp3,7,5537538,251.14,266.14,genre_38,Experimental,0.728527843952179,genre_38|genre_12|genre_250,Experimental|Rock|Improv,genre_38|genre_12|genre_250|genre_1|genre_1235,Experimental|Rock|Improv|Avant-Garde|Instrumental
Pop__csr002__Falling,E:\SCHOOL\Masters\Capstone_FMA_Project\data\external_audio_batch\Pop\Pop__csr002__Falling.mp3,0,0,0.0,15.0,genre_38,Experimental,0.5153406858444214,genre_38|genre_12|genre_1235,Experimental|Rock|Instrumental,genre_38|genre_12|genre_1235|genre_15|genre_250,Experimental|Rock|Instrumental|Electronic|Improv
Pop__csr002__Falling,E:\SCHOOL\Masters\Capstone_FMA_Project\data\external_audio_batch\Pop\Pop__csr002__Falling.mp3,1,801033,36.33,51.33,genre_38,Experimental,0.4376392662525177,genre_38|genre_12|genre_17,Experimental|Rock|Folk,genre_38|genre_12|genre_17|genre_10|genre_250,Experimental|Rock|Folk|Pop|Improv
Pop__csr002__Falling,E:\SCHOOL\Masters\Capstone_FMA_Project\data\external_audio_batch\Pop\Pop__csr002__Falling.mp3,2,1602066,72.66,87.66,genre_38,Experimental,0.4776040315628052,genre_38|genre_12|genre_17,Experimental|Rock|Folk,genre_38|genre_12|genre_17|genre_1235|genre_10,Experimental|Rock|Folk|Instrumental|Pop
Pop__csr002__Falling,E:\SCHOOL\Masters\Capstone_FMA_Project\data\external_audio_batch\Pop\Pop__csr002__Falling.mp3,3,2403100,108.98,123.98,genre_38,Experimental,0.5635578632354736,genre_38|genre_12|genre_15,Experimental|Rock|Electronic,genre_38|genre_12|genre_15|genre_17|genre_1,Experimental|Rock|Electronic|Folk|Avant-Garde
Pop__csr002__Falling,E:\SCHOOL\Masters\Capstone_FMA_Project\data\external_audio_batch\Pop\Pop__csr002__Falling.mp3,4,3204133,145.31,160.31,genre_38,Experimental,0.6284388303756714,genre_38|genre_12|genre_15,Experimental|Rock|Electronic,genre_38|genre_12|genre_15|genre_1|genre_1235,Experimental|Rock|Electronic|Avant-Garde|Instrumental
Pop__csr002__Falling,E:\SCHOOL\Masters\Capstone_FMA_Project\data\external_audio_batch\Pop\Pop__csr002__Falling.mp3,5,4005167,181.64,196.64,genre_38,Experimental,0.5221036672592163,genre_38|genre_12|genre_17,Experimental|Rock|Folk,genre_38|genre_12|genre_17|genre_27|genre_10,Experimental|Rock|Folk|Lo-Fi|Pop
Pop__csr002__Falling,E:\SCHOOL\Masters\Capstone_FMA_Project\data\external_audio_batch\Pop\Pop__csr002__Falling.mp3,6,4806200,217.97,232.97,genre_38,Experimental,0.4995793104171753,genre_38|genre_12|genre_17,Experimental|Rock|Folk,genre_38|genre_12|genre_17|genre_10|genre_15,Experimental|Rock|Folk|Pop|Electronic
Pop__csr002__Falling,E:\SCHOOL\Masters\Capstone_FMA_Project\data\external_audio_batch\Pop\Pop__csr002__Falling.mp3,7,5607234,254.3,269.3,genre_38,Experimental,0.5195066928863525,genre_38|genre_12|genre_15,Experimental|Rock|Electronic,genre_38|genre_12|genre_15|genre_25|genre_10,Experimental|Rock|Electronic|Punk|Pop
Pop__12rec.026__The_Virus_Left_Behind,E:\SCHOOL\Masters\Capstone_FMA_Project\data\external_audio_batch\Pop\Pop__12rec.026__The_Virus_Left_Behind.mp3,0,0,0.0,15.0,genre_38,Experimental,0.6282933950424194,genre_38|genre_12|genre_27,Experimental|Rock|Lo-Fi,genre_38|genre_12|genre_27|genre_17|genre_15,Experimental|Rock|Lo-Fi|Folk|Electronic
Pop__12rec.026__The_Virus_Left_Behind,E:\SCHOOL\Masters\Capstone_FMA_Project\data\external_audio_batch\Pop\Pop__12rec.026__The_Virus_Left_Behind.mp3,1,1240722,56.27,71.27,genre_17,Folk,0.4380035400390625,genre_17|genre_38|genre_12,Folk|Experimental|Rock,genre_17|genre_38|genre_12|genre_10|genre_103,Folk|Experimental|Rock|Pop|Singer-Songwriter
Pop__12rec.026__The_Virus_Left_Behind,E:\SCHOOL\Masters\Capstone_FMA_Project\data\external_audio_batch\Pop\Pop__12rec.026__The_Virus_Left_Behind.mp3,2,2481444,112.54,127.54,genre_17,Folk,0.5155285000801086,genre_17|genre_12|genre_38,Folk|Rock|Experimental,genre_17|genre_12|genre_38|genre_103|genre_10,Folk|Rock|Experimental|Singer-Songwriter|Pop
Pop__12rec.026__The_Virus_Left_Behind,E:\SCHOOL\Masters\Capstone_FMA_Project\data\external_audio_batch\Pop\Pop__12rec.026__The_Virus_Left_Behind.mp3,3,3722166,168.81,183.81,genre_38,Experimental,0.5699630975723267,genre_38|genre_12|genre_15,Experimental|Rock|Electronic,genre_38|genre_12|genre_15|genre_17|genre_1235,Experimental|Rock|Electronic|Folk|Instrumental
Pop__12rec.026__The_Virus_Left_Behind,E:\SCHOOL\Masters\Capstone_FMA_Project\data\external_audio_batch\Pop\Pop__12rec.026__The_Virus_Left_Behind.mp3,4,4962888,225.07,240.07,genre_17,Folk,0.5504942536354065,genre_17|genre_12|genre_103,Folk|Rock|Singer-Songwriter,genre_17|genre_12|genre_103|genre_38|genre_10,Folk|Rock|Singer-Songwriter|Experimental|Pop
Pop__12rec.026__The_Virus_Left_Behind,E:\SCHOOL\Masters\Capstone_FMA_Project\data\external_audio_batch\Pop\Pop__12rec.026__The_Virus_Left_Behind.mp3,5,6203610,281.34,296.34,genre_38,Experimental,0.6485924124717712,genre_38|genre_12|genre_17,Experimental|Rock|Folk,genre_38|genre_12|genre_17|genre_1|genre_15,Experimental|Rock|Folk|Avant-Garde|Electronic
Pop__12rec.026__The_Virus_Left_Behind,E:\SCHOOL\Masters\Capstone_FMA_Project\data\external_audio_batch\Pop\Pop__12rec.026__The_Virus_Left_Behind.mp3,6,7444332,337.61,352.61,genre_38,Experimental,0.7799333333969116,genre_38|genre_1|genre_12,Experimental|Avant-Garde|Rock,genre_38|genre_1|genre_12|genre_15|genre_250,Experimental|Avant-Garde|Rock|Electronic|Improv
Pop__12rec.026__The_Virus_Left_Behind,E:\SCHOOL\Masters\Capstone_FMA_Project\data\external_audio_batch\Pop\Pop__12rec.026__The_Virus_Left_Behind.mp3,7,8685054,393.88,408.88,genre_38,Experimental,0.7877781391143799,genre_38|genre_1|genre_15,Experimental|Avant-Garde|Electronic,genre_38|genre_1|genre_15|genre_250|genre_12,Experimental|Avant-Garde|Electronic|Improv|Rock
Pop__iatmp3001__Blue_skies,E:\SCHOOL\Masters\Capstone_FMA_Project\data\external_audio_batch\Pop\Pop__iatmp3001__Blue_skies.mp3,0,0,0.0,15.0,genre_38,Experimental,0.4959028959274292,genre_38|genre_12|genre_17,Experimental|Rock|Folk,genre_38|genre_12|genre_17|genre_27|genre_10,Experimental|Rock|Folk|Lo-Fi|Pop
Pop__iatmp3001__Blue_skies,E:\SCHOOL\Masters\Capstone_FMA_Project\data\external_audio_batch\Pop\Pop__iatmp3001__Blue_skies.mp3,1,769986,34.92,49.92,genre_38,Experimental,0.4974399209022522,genre_38|genre_12|genre_15,Experimental|Rock|Electronic,genre_38|genre_12|genre_15|genre_10|genre_17,Experimental|Rock|Electronic|Pop|Folk
Pop__iatmp3001__Blue_skies,E:\SCHOOL\Masters\Capstone_FMA_Project\data\external_audio_batch\Pop\Pop__iatmp3001__Blue_skies.mp3,2,1539972,69.84,84.84,genre_38,Experimental,0.49459120631217957,genre_38|genre_12|genre_17,Experimental|Rock|Folk,genre_38|genre_12|genre_17|genre_10|genre_15,Experimental|Rock|Folk|Pop|Electronic
Pop__iatmp3001__Blue_skies,E:\SCHOOL\Masters\Capstone_FMA_Project\data\external_audio_batch\Pop\Pop__iatmp3001__Blue_skies.mp3,3,2309958,104.76,119.76,genre_12,Rock,0.49186310172080994,genre_12|genre_38|genre_10,Rock|Experimental|Pop,genre_12|genre_38|genre_10|genre_17|genre_25,Rock|Experimental|Pop|Folk|Punk
Pop__iatmp3001__Blue_skies,E:\SCHOOL\Masters\Capstone_FMA_Project\data\external_audio_batch\Pop\Pop__iatmp3001__Blue_skies.mp3,4,3079944,139.68,154.68,genre_12,Rock,0.4760841727256775,genre_12|genre_38|genre_17,Rock|Experimental|Folk,genre_12|genre_38|genre_17|genre_10|genre_25,Rock|Experimental|Folk|Pop|Punk
Pop__iatmp3001__Blue_skies,E:\SCHOOL\Masters\Capstone_FMA_Project\data\external_audio_batch\Pop\Pop__iatmp3001__Blue_skies.mp3,5,3849930,174.6,189.6,genre_38,Experimental,0.6192340850830078,genre_38|genre_12|genre_15,Experimental|Rock|Electronic,genre_38|genre_12|genre_15|genre_1235|genre_1,Experimental|Rock|Electronic|Instrumental|Avant-Garde
Pop__iatmp3001__Blue_skies,E:\SCHOOL\Masters\Capstone_FMA_Project\data\external_audio_batch\Pop\Pop__iatmp3001__Blue_skies.mp3,6,4619916,209.52,224.52,genre_38,Experimental,0.6609328389167786,genre_38|genre_12|genre_250,Experimental|Rock|Improv,genre_38|genre_12|genre_250|genre_1|genre_15,Experimental|Rock|Improv|Avant-Garde|Electronic
Pop__iatmp3001__Blue_skies,E:\SCHOOL\Masters\Capstone_FMA_Project\data\external_audio_batch\Pop\Pop__iatmp3001__Blue_skies.mp3,7,5389902,244.44,259.44,genre_38,Experimental,0.7691325545310974,genre_38|genre_1|genre_15,Experimental|Avant-Garde|Electronic,genre_38|genre_1|genre_15|genre_250|genre_12,Experimental|Avant-Garde|Electronic|Improv|Rock
Pop__BSCOMP0006__09_-_Universal_Materials_-_This_is_the_Macrophage,E:\SCHOOL\Masters\Capstone_FMA_Project\data\external_audio_batch\Pop\Pop__BSCOMP0006__09_-_Universal_Materials_-_This_is_the_Macrophage.mp3,0,0,0.0,15.0,genre_38,Experimental,0.6214100122451782,genre_38|genre_15|genre_12,Experimental|Electronic|Rock,genre_38|genre_15|genre_12|genre_1235|genre_17,Experimental|Electronic|Rock|Instrumental|Folk
Pop__BSCOMP0006__09_-_Universal_Materials_-_This_is_the_Macrophage,E:\SCHOOL\Masters\Capstone_FMA_Project\data\external_audio_batch\Pop\Pop__BSCOMP0006__09_-_Universal_Materials_-_This_is_the_Macrophage.mp3,1,954660,43.3,58.3,genre_38,Experimental,0.42536038160324097,genre_38|genre_15|genre_12,Experimental|Electronic|Rock,genre_38|genre_15|genre_12|genre_21|genre_10,Experimental|Electronic|Rock|Hip-Hop|Pop
Pop__BSCOMP0006__09_-_Universal_Materials_-_This_is_the_Macrophage,E:\SCHOOL\Masters\Capstone_FMA_Project\data\external_audio_batch\Pop\Pop__BSCOMP0006__09_-_Universal_Materials_-_This_is_the_Macrophage.mp3,2,1909321,86.59,101.59,genre_38,Experimental,0.4087543487548828,genre_38|genre_15|genre_12,Experimental|Electronic|Rock,genre_38|genre_15|genre_12|genre_21|genre_10,Experimental|Electronic|Rock|Hip-Hop|Pop
Pop__BSCOMP0006__09_-_Universal_Materials_-_This_is_the_Macrophage,E:\SCHOOL\Masters\Capstone_FMA_Project\data\external_audio_batch\Pop\Pop__BSCOMP0006__09_-_Universal_Materials_-_This_is_the_Macrophage.mp3,3,2863982,129.89,144.89,genre_15,Electronic,0.39716964960098267,genre_15|genre_38|genre_12,Electronic|Experimental|Rock,genre_15|genre_38|genre_12|genre_21|genre_10,Electronic|Experimental|Rock|Hip-Hop|Pop
Pop__BSCOMP0006__09_-_Universal_Materials_-_This_is_the_Macrophage,E:\SCHOOL\Masters\Capstone_FMA_Project\data\external_audio_batch\Pop\Pop__BSCOMP0006__09_-_Universal_Materials_-_This_is_the_Macrophage.mp3,4,3818643,173.18,188.18,genre_38,Experimental,0.46809738874435425,genre_38|genre_15|genre_12,Experimental|Electronic|Rock,genre_38|genre_15|genre_12|genre_21|genre_10,Experimental|Electronic|Rock|Hip-Hop|Pop
Pop__BSCOMP0006__09_-_Universal_Materials_-_This_is_the_Macrophage,E:\SCHOOL\Masters\Capstone_FMA_Project\data\external_audio_batch\Pop\Pop__BSCOMP0006__09_-_Universal_Materials_-_This_is_the_Macrophage.mp3,5,4773304,216.48,231.48,genre_38,Experimental,0.5314223766326904,genre_38|genre_15|genre_12,Experimental|Electronic|Rock,genre_38|genre_15|genre_12|genre_21|genre_10,Experimental|Electronic|Rock|Hip-Hop|Pop
Pop__BSCOMP0006__09_-_Universal_Materials_-_This_is_the_Macrophage,E:\SCHOOL\Masters\Capstone_FMA_Project\data\external_audio_batch\Pop\Pop__BSCOMP0006__09_-_Universal_Materials_-_This_is_the_Macrophage.mp3,6,5727965,259.77,274.77,genre_15,Electronic,0.4611448645591736,genre_15|genre_38|genre_21,Electronic|Experimental|Hip-Hop,genre_15|genre_38|genre_21|genre_12|genre_10,Electronic|Experimental|Hip-Hop|Rock|Pop
Pop__BSCOMP0006__09_-_Universal_Materials_-_This_is_the_Macrophage,E:\SCHOOL\Masters\Capstone_FMA_Project\data\external_audio_batch\Pop\Pop__BSCOMP0006__09_-_Universal_Materials_-_This_is_the_Macrophage.mp3,7,6682626,303.07,318.07,genre_38,Experimental,0.7121261954307556,genre_38|genre_15|genre_1235,Experimental|Electronic|Instrumental,genre_38|genre_15|genre_1235|genre_1|genre_250,Experimental|Electronic|Instrumental|Avant-Garde|Improv
Pop__csr079__Runaway,E:\SCHOOL\Masters\Capstone_FMA_Project\data\external_audio_batch\Pop\Pop__csr079__Runaway.mp3,0,0,0.0,15.0,genre_38,Experimental,0.5212057828903198,genre_38|genre_15|genre_12,Experimental|Electronic|Rock,genre_38|genre_15|genre_12|genre_1235|genre_17,Experimental|Electronic|Rock|Instrumental|Folk
Pop__csr079__Runaway,E:\SCHOOL\Masters\Capstone_FMA_Project\data\external_audio_batch\Pop\Pop__csr079__Runaway.mp3,1,1197074,54.29,69.29,genre_38,Experimental,0.45313915610313416,genre_38|genre_12|genre_15,Experimental|Rock|Electronic,genre_38|genre_12|genre_15|genre_10|genre_76,Experimental|Rock|Electronic|Pop|Experimental Pop
Pop__csr079__Runaway,E:\SCHOOL\Masters\Capstone_FMA_Project\data\external_audio_batch\Pop\Pop__csr079__Runaway.mp3,2,2394149,108.58,123.58,genre_38,Experimental,0.5034373998641968,genre_38|genre_12|genre_15,Experimental|Rock|Electronic,genre_38|genre_12|genre_15|genre_10|genre_17,Experimental|Rock|Electronic|Pop|Folk
Pop__csr079__Runaway,E:\SCHOOL\Masters\Capstone_FMA_Project\data\external_audio_batch\Pop\Pop__csr079__Runaway.mp3,3,3591223,162.87,177.87,genre_38,Experimental,0.4187331199645996,genre_38|genre_12|genre_15,Experimental|Rock|Electronic,genre_38|genre_12|genre_15|genre_10|genre_21,Experimental|Rock|Electronic|Pop|Hip-Hop
Pop__csr079__Runaway,E:\SCHOOL\Masters\Capstone_FMA_Project\data\external_audio_batch\Pop\Pop__csr079__Runaway.mp3,4,4788298,217.16,232.16,genre_38,Experimental,0.4208157956600189,genre_38|genre_12|genre_15,Experimental|Rock|Electronic,genre_38|genre_12|genre_15|genre_10|genre_21,Experimental|Rock|Electronic|Pop|Hip-Hop
Pop__csr079__Runaway,E:\SCHOOL\Masters\Capstone_FMA_Project\data\external_audio_batch\Pop\Pop__csr079__Runaway.mp3,5,5985372,271.45,286.45,genre_38,Experimental,0.6512805223464966,genre_38|genre_12|genre_1,Experimental|Rock|Avant-Garde,genre_38|genre_12|genre_1|genre_17|genre_250,Experimental|Rock|Avant-Garde|Folk|Improv
Pop__csr079__Runaway,E:\SCHOOL\Masters\Capstone_FMA_Project\data\external_audio_batch\Pop\Pop__csr079__Runaway.mp3,6,7182447,325.73,340.73,genre_38,Experimental,0.5836230516433716,genre_38|genre_12|genre_17,Experimental|Rock|Folk,genre_38|genre_12|genre_17|genre_1|genre_250,Experimental|Rock|Folk|Avant-Garde|Improv
Pop__csr079__Runaway,E:\SCHOOL\Masters\Capstone_FMA_Project\data\external_audio_batch\Pop\Pop__csr079__Runaway.mp3,7,8379522,380.02,395.02,genre_38,Experimental,0.6473236083984375,genre_38|genre_12|genre_1,Experimental|Rock|Avant-Garde,genre_38|genre_12|genre_1|genre_250|genre_17,Experimental|Rock|Avant-Garde|Improv|Folk
Pop__mmm016__Mark_Robinson_-_Cape_May,E:\SCHOOL\Masters\Capstone_FMA_Project\data\external_audio_batch\Pop\Pop__mmm016__Mark_Robinson_-_Cape_May.flac,0,0,0.0,15.0,genre_38,Experimental,0.5970668196678162,genre_38|genre_12|genre_1,Experimental|Rock|Avant-Garde,genre_38|genre_12|genre_1|genre_20|genre_25,Experimental|Rock|Avant-Garde|Spoken|Punk
Pop__mmm016__Mark_Robinson_-_Cape_May,E:\SCHOOL\Masters\Capstone_FMA_Project\data\external_audio_batch\Pop\Pop__mmm016__Mark_Robinson_-_Cape_May.flac,1,385308,17.47,32.47,genre_12,Rock,0.4591233432292938,genre_12|genre_38|genre_25,Rock|Experimental|Punk,genre_12|genre_38|genre_25|genre_10|genre_27,Rock|Experimental|Punk|Pop|Lo-Fi
Pop__mmm016__Mark_Robinson_-_Cape_May,E:\SCHOOL\Masters\Capstone_FMA_Project\data\external_audio_batch\Pop\Pop__mmm016__Mark_Robinson_-_Cape_May.flac,2,770616,34.95,49.95,genre_38,Experimental,0.5623704195022583,genre_38|genre_12|genre_1,Experimental|Rock|Avant-Garde,genre_38|genre_12|genre_1|genre_25|genre_27,Experimental|Rock|Avant-Garde|Punk|Lo-Fi
Pop__mmm016__Mark_Robinson_-_Cape_May,E:\SCHOOL\Masters\Capstone_FMA_Project\data\external_audio_batch\Pop\Pop__mmm016__Mark_Robinson_-_Cape_May.flac,3,1155924,52.42,67.42,genre_12,Rock,0.41474536061286926,genre_12|genre_38|genre_17,Rock|Experimental|Folk,genre_12|genre_38|genre_17|genre_10|genre_25,Rock|Experimental|Folk|Pop|Punk
Pop__mmm016__Mark_Robinson_-_Cape_May,E:\SCHOOL\Masters\Capstone_FMA_Project\data\external_audio_batch\Pop\Pop__mmm016__Mark_Robinson_-_Cape_May.flac,4,1541232,69.9,84.9,genre_38,Experimental,0.5078207850456238,genre_38|genre_12|genre_15,Experimental|Rock|Electronic,genre_38|genre_12|genre_15|genre_10|genre_17,Experimental|Rock|Electronic|Pop|Folk
Pop__mmm016__Mark_Robinson_-_Cape_May,E:\SCHOOL\Masters\Capstone_FMA_Project\data\external_audio_batch\Pop\Pop__mmm016__Mark_Robinson_-_Cape_May.flac,5,1926540,87.37,102.37,genre_38,Experimental,0.5592755079269409,genre_38|genre_12|genre_1,Experimental|Rock|Avant-Garde,genre_38|genre_12|genre_1|genre_25|genre_27,Experimental|Rock|Avant-Garde|Punk|Lo-Fi
Pop__mmm016__Mark_Robinson_-_Cape_May,E:\SCHOOL\Masters\Capstone_FMA_Project\data\external_audio_batch\Pop\Pop__mmm016__Mark_Robinson_-_Cape_May.flac,6,2311848,104.85,119.85,genre_12,Rock,0.49654239416122437,genre_12|genre_38|genre_25,Rock|Experimental|Punk,genre_12|genre_38|genre_25|genre_17|genre_27,Rock|Experimental|Punk|Folk|Lo-Fi
Pop__mmm016__Mark_Robinson_-_Cape_May,E:\SCHOOL\Masters\Capstone_FMA_Project\data\external_audio_batch\Pop\Pop__mmm016__Mark_Robinson_-_Cape_May.flac,7,2697156,122.32,137.32,genre_38,Experimental,0.518284797668457,genre_38|genre_12|genre_15,Experimental|Rock|Electronic,genre_38|genre_12|genre_15|genre_10|genre_27,Experimental|Rock|Electronic|Pop|Lo-Fi
